model,precision_at_5,recall_at_5,precision_at_10,recall_at_10,recall_at_20,ndcg_at_10,source
Historical Average,0.2,0.2,0.1,0.1,0.05,0.11004588314904,result_final/paper_experiment_outputs_rerun/stage6_model_runs/historical_average/metrics.csv
MLP,0.6,0.6,0.7,0.7,0.85,0.800693766409882,result_final/paper_experiment_outputs_rerun/stage6_model_runs/mlp/metrics.csv
Baseline GNN,0.0,0.0,0.0,0.0,0.0,0.0,result_final/paper_experiment_outputs_rerun/stage6_model_runs/baseline_gnn/metrics.csv
GCN,0.0,0.0,0.0,0.0,0.1,0.0,result_final/paper_experiment_outputs_rerun/stage6_model_runs/gcn/metrics.csv
GAT,0.0,0.0,0.1,0.1,0.2,0.066254223454389,result_final/paper_experiment_outputs_rerun/stage6_model_runs/gat/metrics.csv
GraphSAGE,0.0,0.0,0.0,0.0,0.2,0.0,result_final/paper_experiment_outputs_rerun/stage6_model_runs/graphsage/metrics.csv
STGCN,0.2,0.2,0.1,0.1,0.05,0.11004588314904,result_final/paper_experiment_outputs_rerun/stage6_model_runs/stgcn/metrics.csv
GridAgent-Risk,0.4,0.4,0.2,0.2,0.35,0.195189000790661,result_final/paper_experiment_outputs_rerun/stage6_model_runs/metapath_v1/metrics.csv
GridAgent-Risk-Local,0.0,0.0,0.0,0.0,0.15,0.0,result_final/paper_experiment_outputs_rerun/stage6_model_runs/metapath_local/metrics.csv
