scenario_id,total_shed,weighted_shed_cost,critical_shed,total_demand,outage_lines_avg,outage_lines_max,policy
0,1.5655251064720273,27.1117569177568,0.04706909572329329,90.25231871619971,6.583333333333333,46,priority_with_reserve
1,1.379703703227467,27.283693481816478,0.04666150185836499,90.25231871619971,6.833333333333333,40,priority_with_reserve
2,1.5622594366632039,29.221412077429086,0.036411606228548506,90.25231871619971,6.930555555555555,45,priority_with_reserve
3,1.8778301040519827,35.7887754790906,0.04518386093913491,90.25231871619971,6.736111111111111,41,priority_with_reserve
4,2.3514587832594778,39.840558098732885,0.11901307849898235,90.25231871619971,6.333333333333333,47,priority_with_reserve
5,1.845244823308191,35.75977512413867,0.06387279936016733,90.25231871619971,6.569444444444445,45,priority_with_reserve
6,4.139759579970301,58.939273275715045,0.07242376621763005,90.25231871619971,6.833333333333333,46,priority_with_reserve
7,4.038954039805502,56.44396322030856,0.06449602175954516,90.25231871619971,6.375,43,priority_with_reserve
8,1.3012480613404795,23.735436358057243,0.027422800618412842,90.25231871619971,7.027777777777778,43,priority_with_reserve
9,1.3280849196080429,26.00857857675533,0.04470845215504993,90.25231871619971,6.652777777777778,44,priority_with_reserve
10,1.4335624562077407,27.793443764131325,0.03097970056611038,90.25231871619971,6.791666666666667,48,priority_with_reserve
11,3.6200003897338378,55.49024626299612,0.12202074633770017,90.25231871619971,6.777777777777778,42,priority_with_reserve
12,4.09558711945229,61.46432380320198,0.08385869604940442,90.25231871619971,6.569444444444445,42,priority_with_reserve
13,1.6166909395261522,34.498384779361324,0.08517919727987273,90.25231871619971,6.972222222222222,44,priority_with_reserve
14,1.4244376671891938,27.205080020648335,0.05332869213815043,90.25231871619971,7.027777777777778,51,priority_with_reserve
15,3.7954210974287728,54.99762916326444,0.08080285653778199,90.25231871619971,6.569444444444445,41,priority_with_reserve
16,3.3077409604106265,51.16015162384486,0.11430817556234665,90.25231871619971,6.277777777777778,42,priority_with_reserve
17,1.4683835445619677,28.297871141078367,0.04976496339832903,90.25231871619971,6.694444444444445,46,priority_with_reserve
18,1.4436519553871183,27.89436424477335,0.04787070760719222,90.25231871619971,6.902777777777778,44,priority_with_reserve
19,1.3904694808049254,26.899827764796274,0.06353533087974178,90.25231871619971,6.263888888888889,42,priority_with_reserve
20,2.5686913415573787,45.71367147136598,0.1477080484807774,90.25231871619971,6.513888888888889,44,priority_with_reserve
21,3.512015875905308,57.11076526539307,0.15200867104099902,90.25231871619971,6.958333333333333,44,priority_with_reserve
22,1.3937445438343081,24.556435913350022,0.016309070952459016,90.25231871619971,6.722222222222222,45,priority_with_reserve
23,3.7992000475844345,56.34683967681422,0.12824215285834162,90.25231871619971,6.555555555555555,42,priority_with_reserve
24,2.1073414277628246,34.9786584656494,0.04535213554588575,90.25231871619971,6.5,47,priority_with_reserve
25,3.6836714488861726,55.96395683455202,0.08300307518434097,90.25231871619971,6.388888888888889,41,priority_with_reserve
26,2.5195827297282403,44.673191240576834,0.16689386772688813,90.25231871619971,6.680555555555555,43,priority_with_reserve
27,2.133064872053928,38.3672164984738,0.05004194404787147,90.25231871619971,6.611111111111111,47,priority_with_reserve
28,1.8675116771073643,34.15863937867428,0.036633095212160634,90.25231871619971,6.319444444444445,41,priority_with_reserve
29,1.4733904393562347,29.74864478422616,0.09506308462822081,90.25231871619971,6.777777777777778,40,priority_with_reserve
30,1.2326674334578995,25.203388553616215,0.0351303718787687,90.25231871619971,6.638888888888889,44,priority_with_reserve
31,1.5751689409350922,25.966779057619434,0.018825554996075813,90.25231871619971,6.333333333333333,46,priority_with_reserve
32,3.766503240030672,58.93989896533209,0.12699513320632133,90.25231871619971,6.375,50,priority_with_reserve
33,1.5102951718806044,27.83371271835488,0.012103786417741414,90.25231871619971,6.611111111111111,47,priority_with_reserve
34,1.4321159298850756,27.881711899925765,0.05545530905869547,90.25231871619971,6.486111111111111,44,priority_with_reserve
35,1.2539537743507791,23.87544780820948,0.034249658505176014,90.25231871619971,6.333333333333333,41,priority_with_reserve
36,1.8877211124388666,35.09577810879691,0.05228243723475408,90.25231871619971,6.5,44,priority_with_reserve
37,1.3988288457288336,25.702499723622314,0.0,90.25231871619971,6.555555555555555,43,priority_with_reserve
38,1.8877022626055755,34.57509598724834,0.06547336367306636,90.25231871619971,6.513888888888889,41,priority_with_reserve
39,1.5624482817427214,30.915582276862665,0.08622229453686714,90.25231871619971,6.847222222222222,44,priority_with_reserve
40,4.123781916053728,61.311017031141816,0.1111091113212022,90.25231871619971,6.555555555555555,44,priority_with_reserve
41,1.423875352710763,27.148836341045346,0.03584988545214691,90.25231871619971,6.638888888888889,42,priority_with_reserve
42,1.3531544818848307,25.19994037538249,0.03544655865553149,90.25231871619971,6.722222222222222,44,priority_with_reserve
43,4.011131822546456,60.05532679456259,0.12100475009244976,90.25231871619971,6.875,45,priority_with_reserve
44,0.9052774023467021,20.88914301945723,0.05001603751841613,90.25231871619971,6.722222222222222,50,priority_with_reserve
45,1.0498598804337065,19.025372356933225,0.015455354396556651,90.25231871619971,6.388888888888889,42,priority_with_reserve
46,1.183079638313472,22.558939580270188,0.03564276678319196,90.25231871619971,6.180555555555555,43,priority_with_reserve
47,1.3761152490141249,24.446302817854505,0.0,90.25231871619971,6.583333333333333,46,priority_with_reserve
48,1.7602444195914422,29.962381821293206,0.01123423509250288,90.25231871619971,6.458333333333333,48,priority_with_reserve
49,3.8517530251949443,56.537398931203356,0.1016801663808666,90.25231871619971,6.527777777777778,45,priority_with_reserve
50,2.2125413246108496,39.10544544436285,0.08489048593156014,90.25231871619971,6.777777777777778,42,priority_with_reserve
51,1.3344930267043018,24.279054384762453,0.029272891686414927,90.25231871619971,6.791666666666667,45,priority_with_reserve
52,1.3634227413687796,24.645798346601268,0.011448751669500275,90.25231871619971,6.986111111111111,40,priority_with_reserve
53,1.2681283117147713,23.690623831677975,0.012103786417741414,90.25231871619971,6.194444444444445,44,priority_with_reserve
54,1.4178946208501748,28.912669682450037,0.059951924248556554,90.25231871619971,6.652777777777778,46,priority_with_reserve
55,1.4254860951948802,26.25976328516607,0.038158879217368845,90.25231871619971,6.972222222222222,42,priority_with_reserve
56,1.3968274886401097,24.748247381690913,0.024688161272610958,90.25231871619971,6.652777777777778,42,priority_with_reserve
57,2.305346697398589,41.82431763716207,0.09178406821136725,90.25231871619971,6.680555555555555,41,priority_with_reserve
58,1.8014039173384297,32.755204900370124,0.025831674278926332,90.25231871619971,6.666666666666667,42,priority_with_reserve
59,1.2403826921343382,24.137089738394696,0.04404133819297214,90.25231871619971,6.652777777777778,53,priority_with_reserve
60,3.8065740673852657,57.44469553723985,0.0993099099625778,90.25231871619971,6.388888888888889,43,priority_with_reserve
61,1.6721515910010512,32.35083776277653,0.056073418722107096,90.25231871619971,6.666666666666667,43,priority_with_reserve
62,1.5957518922065375,31.459700026124516,0.032904571359528116,90.25231871619971,6.708333333333333,49,priority_with_reserve
63,1.283119560034566,24.579399399532264,0.03534624412046989,90.25231871619971,6.347222222222222,46,priority_with_reserve
64,1.4930223967732572,29.654650773288786,0.024688161272610958,90.25231871619971,6.430555555555555,50,priority_with_reserve
65,1.2822576587796444,23.21735314298447,0.02096570134924367,90.25231871619971,6.472222222222222,43,priority_with_reserve
66,3.929412115715963,57.896280181979144,0.08432609992341956,90.25231871619971,6.472222222222222,39,priority_with_reserve
67,2.253850235721645,39.30924239012019,0.06829537966225069,90.25231871619971,6.805555555555555,47,priority_with_reserve
68,1.2892474635690707,23.381093358797976,0.0,90.25231871619971,6.361111111111111,44,priority_with_reserve
69,1.4606875969112443,28.691748896516124,0.034965970218403364,90.25231871619971,6.652777777777778,47,priority_with_reserve
70,1.4857378999543394,26.45267089394801,0.01999835277062524,90.25231871619971,6.819444444444445,43,priority_with_reserve
71,1.5816388971056565,30.18606445549718,0.04368008254210176,90.25231871619971,6.888888888888889,43,priority_with_reserve
72,0.8466846891272475,18.309598242751058,0.053061693425101794,90.25231871619971,6.541666666666667,44,priority_with_reserve
73,1.2960232178210476,24.704726055181915,0.008381326494374126,90.25231871619971,6.597222222222222,40,priority_with_reserve
74,4.22974868299614,59.1013368929899,0.06836628429071631,90.25231871619971,6.333333333333333,43,priority_with_reserve
75,0.948334873064639,21.48071701295626,0.05363522592950018,90.25231871619971,7.180555555555555,47,priority_with_reserve
76,1.33552872101973,23.59476572387964,0.012103786417741414,90.25231871619971,6.263888888888889,39,priority_with_reserve
77,1.8182353237720603,33.94126836634367,0.048835968168120976,90.25231871619971,6.958333333333333,48,priority_with_reserve
78,1.420532376654298,24.867487101798456,0.0,90.25231871619971,6.513888888888889,50,priority_with_reserve
79,2.0998747735124974,38.62246140279381,0.04132783172417308,90.25231871619971,6.958333333333333,45,priority_with_reserve
80,1.3040575751702672,26.070321606881564,0.026660405658675293,90.25231871619971,6.75,45,priority_with_reserve
81,2.624131582285803,44.18934063413635,0.08327124577565946,90.25231871619971,6.611111111111111,45,priority_with_reserve
82,4.0728251912028215,58.83023305849321,0.08004658173917106,90.25231871619971,6.402777777777778,42,priority_with_reserve
83,1.8009019549505185,34.16892638766032,0.0340678950989589,90.25231871619971,6.5,41,priority_with_reserve
84,2.808007797445925,55.028045980091164,0.2839359539432302,90.25231871619971,6.236111111111111,44,priority_with_reserve
85,1.1754184089883317,22.369133643930056,0.02750978043549153,90.25231871619971,6.638888888888889,42,priority_with_reserve
86,1.4945831008809198,28.562749264365944,0.039700628664938245,90.25231871619971,6.791666666666667,50,priority_with_reserve
87,1.2790867711040623,25.005674923079436,0.04510819781527359,90.25231871619971,6.944444444444445,47,priority_with_reserve
88,1.5505325913664023,28.367497797019393,0.04304197497507188,90.25231871619971,6.263888888888889,44,priority_with_reserve
89,1.3252868614063877,23.00869165760212,0.020451934806914478,90.25231871619971,6.625,46,priority_with_reserve
90,1.3449983189614372,24.657134343372885,0.012065680302513627,90.25231871619971,6.569444444444445,48,priority_with_reserve
91,1.3438152536072274,26.52425096030236,0.08545410845533269,90.25231871619971,6.486111111111111,45,priority_with_reserve
92,2.6247778842644585,52.50019179186327,0.23585081833730004,90.25231871619971,6.638888888888889,42,priority_with_reserve
93,1.8823781969960038,30.190505255690166,0.026065126161871247,90.25231871619971,6.472222222222222,44,priority_with_reserve
94,1.4615965306325016,26.26355039175603,0.007243467134782673,90.25231871619971,6.861111111111111,49,priority_with_reserve
95,3.68711403272828,58.21642445083274,0.11286510847520839,90.25231871619971,6.777777777777778,43,priority_with_reserve
96,1.411899429998418,25.989914334518726,0.053102201214558005,90.25231871619971,6.541666666666667,47,priority_with_reserve
97,1.3449180440515531,25.59756348466672,0.08051507475740885,90.25231871619971,6.375,42,priority_with_reserve
98,1.4431141386456665,28.255521149656772,0.03923232532218085,90.25231871619971,6.583333333333333,42,priority_with_reserve
99,1.4638603124085057,27.589736157971995,0.05808408689643116,90.25231871619971,6.805555555555555,45,priority_with_reserve
100,1.5011548057248612,29.578943031548953,0.010524214822232052,90.25231871619971,6.763888888888889,50,priority_with_reserve
101,1.4002104340586932,26.94027803834259,0.0381960402920036,90.25231871619971,6.277777777777778,43,priority_with_reserve
102,1.5547365031125533,28.3902906746885,0.046059988884054756,90.25231871619971,7.097222222222222,48,priority_with_reserve
103,1.6719710096063467,28.57268819696788,0.028333209573164896,90.25231871619971,6.597222222222222,48,priority_with_reserve
104,1.5434351322013025,28.85292620704042,0.011448751669500275,90.25231871619971,6.680555555555555,43,priority_with_reserve
105,1.0628258435029596,23.50865113541958,0.03562314639978204,90.25231871619971,6.819444444444445,46,priority_with_reserve
106,1.515684807769529,29.4489663123332,0.020817898741439807,90.25231871619971,6.888888888888889,55,priority_with_reserve
107,3.7508637339175874,59.16116554947306,0.11058676439207568,90.25231871619971,6.694444444444445,48,priority_with_reserve
108,4.098445515952957,70.75001778932179,0.3334773897331812,90.25231871619971,6.680555555555555,42,priority_with_reserve
109,1.4437388136667915,26.907863223346816,0.059912552220128035,90.25231871619971,6.708333333333333,46,priority_with_reserve
110,1.6497684508256478,30.715988028608155,0.031170202160813367,90.25231871619971,6.861111111111111,45,priority_with_reserve
111,1.1887471962060898,23.63473834627475,0.05799232689114006,90.25231871619971,6.625,50,priority_with_reserve
112,4.111199300925883,62.36235109177084,0.1107938012012906,90.25231871619971,6.652777777777778,43,priority_with_reserve
113,1.7961722092582473,39.58351020808463,0.18013693150903837,90.25231871619971,6.944444444444445,51,priority_with_reserve
114,1.3193784789949081,25.131612448040798,0.011609640258822143,90.25231871619971,6.819444444444445,45,priority_with_reserve
115,4.560769684900931,67.20580243733319,0.08546172310878883,90.25231871619971,7.027777777777778,50,priority_with_reserve
116,4.119881686350924,61.89945044481186,0.11139133208457692,90.25231871619971,6.763888888888889,46,priority_with_reserve
117,1.4076841746136106,26.62661682327756,0.03809555717743769,90.25231871619971,6.638888888888889,43,priority_with_reserve
118,3.985994120670576,72.4437280308842,0.3487774546597848,90.25231871619971,6.902777777777778,43,priority_with_reserve
119,1.371135381372436,24.61556064868799,0.03704696403279149,90.25231871619971,6.513888888888889,39,priority_with_reserve
120,1.2226516354549943,22.8322331560257,0.0035210072114153844,90.25231871619971,6.152777777777778,43,priority_with_reserve
121,4.070554868241521,60.00112984711906,0.08075873633729,90.25231871619971,6.75,50,priority_with_reserve
122,1.819758118088926,32.77672532423704,0.03675876958515131,90.25231871619971,7.361111111111111,46,priority_with_reserve
123,1.7993847017873277,33.830982501222984,0.06840308107363824,90.25231871619971,6.402777777777778,43,priority_with_reserve
124,1.4123028815058611,26.332354384690525,0.042923807743490826,90.25231871619971,6.875,50,priority_with_reserve
125,1.300235229485443,24.608118800942652,0.015910726908981414,90.25231871619971,6.930555555555555,46,priority_with_reserve
126,1.377826056777935,24.571355127921667,0.003722459923367288,90.25231871619971,6.458333333333333,47,priority_with_reserve
127,3.399604231756485,54.15645164612782,0.12313419878777415,90.25231871619971,6.222222222222222,42,priority_with_reserve
128,1.3982039739259078,26.453816167547785,0.03647231490049023,90.25231871619971,6.527777777777778,45,priority_with_reserve
129,1.0583971814293818,20.407597285389144,0.01462027046135821,90.25231871619971,6.527777777777778,44,priority_with_reserve
130,3.851364423466821,59.39504349864716,0.08687333771551212,90.25231871619971,7.0,45,priority_with_reserve
131,1.1262546768658421,23.089444096395155,0.05915031116458111,90.25231871619971,6.569444444444445,44,priority_with_reserve
132,3.670897080097669,56.61164502463421,0.13356824540001674,90.25231871619971,6.402777777777778,42,priority_with_reserve
133,4.071876601666933,63.104731629115776,0.11557430725457703,90.25231871619971,6.5,42,priority_with_reserve
134,1.3138982900584242,25.00340877558122,0.06474509134917947,90.25231871619971,6.902777777777778,45,priority_with_reserve
135,2.2592501590294356,48.22848002727429,0.24882886571026613,90.25231871619971,6.027777777777778,43,priority_with_reserve
136,1.4799542602744469,28.146239053370742,0.026547363884152075,90.25231871619971,6.847222222222222,50,priority_with_reserve
137,3.7179356235369903,56.44353221524748,0.0939844229798261,90.25231871619971,6.875,44,priority_with_reserve
138,1.6624921720149888,33.467139749730755,0.07768318165869378,90.25231871619971,7.25,45,priority_with_reserve
139,1.8502540868640662,33.58708068925385,0.061476655448708104,90.25231871619971,6.583333333333333,43,priority_with_reserve
140,1.5623988111510734,30.41264912108092,0.06147205871596916,90.25231871619971,6.805555555555555,48,priority_with_reserve
141,1.764405071085774,29.91983769593056,0.011448751669500275,90.25231871619971,7.083333333333333,44,priority_with_reserve
142,1.4188221892683428,27.658841047806476,0.05593092803226481,90.25231871619971,6.555555555555555,41,priority_with_reserve
143,1.7411494988736635,31.73949822711983,0.04602910840594061,90.25231871619971,6.902777777777778,45,priority_with_reserve
144,1.3070099523411927,24.88473698280595,0.06615667021548886,90.25231871619971,6.444444444444445,40,priority_with_reserve
145,1.5553381274374776,29.640325918637835,0.020784720636238742,90.25231871619971,6.722222222222222,45,priority_with_reserve
146,4.005210177642963,61.32768691040711,0.1204381542131631,90.25231871619971,6.833333333333333,43,priority_with_reserve
147,1.348574979715186,24.933076501686624,0.011650204381452178,90.25231871619971,6.458333333333333,49,priority_with_reserve
148,1.5383914348023469,30.48033197041163,0.06928978172897371,90.25231871619971,6.819444444444445,51,priority_with_reserve
149,3.9666587422965773,57.85640329572407,0.07659980817728658,90.25231871619971,6.736111111111111,47,priority_with_reserve
150,3.5319117801000406,50.8083198614037,0.09469442797572258,90.25231871619971,6.055555555555555,44,priority_with_reserve
151,2.4934564007956874,51.55874808434655,0.21433990632576772,90.25231871619971,6.833333333333333,45,priority_with_reserve
152,1.4260573350572592,24.2438774932997,0.011938947066518192,90.25231871619971,6.986111111111111,42,priority_with_reserve
153,1.3641763777844753,25.7207122831402,0.02378408386619616,90.25231871619971,6.458333333333333,42,priority_with_reserve
154,1.4400524370079184,26.327723722225638,0.03561337117801374,90.25231871619971,6.638888888888889,44,priority_with_reserve
155,1.2148084975477587,21.5034609040741,0.020162863993198665,90.25231871619971,6.291666666666667,46,priority_with_reserve
156,2.154245948627117,37.56974439665805,0.048691804285504806,90.25231871619971,6.833333333333333,47,priority_with_reserve
157,3.864959086820645,55.93910630096421,0.07594477342904543,90.25231871619971,6.444444444444445,43,priority_with_reserve
158,1.5864806009207588,25.91973546696939,0.00871411232369839,90.25231871619971,6.638888888888889,46,priority_with_reserve
159,1.463689732652821,28.69206010790199,0.051104343771447514,90.25231871619971,6.319444444444445,39,priority_with_reserve
160,1.3300777292128658,24.657687660580613,0.015974048948912568,90.25231871619971,6.527777777777778,43,priority_with_reserve
161,1.3430392149891464,25.278641702261474,0.02605509279962743,90.25231871619971,6.916666666666667,44,priority_with_reserve
162,2.1131095006335383,37.85201888209024,0.05403909725767603,90.25231871619971,6.833333333333333,46,priority_with_reserve
163,1.4647839390655886,26.266627099800722,0.03226665041094008,90.25231871619971,6.569444444444445,46,priority_with_reserve
164,1.378866197019587,26.236800085307166,0.03883623274957452,90.25231871619971,6.708333333333333,45,priority_with_reserve
165,1.7732985808461637,31.387679812839608,0.03171985945043702,90.25231871619971,6.694444444444445,45,priority_with_reserve
166,1.1436776698559408,20.18120190235155,0.0,90.25231871619971,6.5,43,priority_with_reserve
167,1.5123992576385257,29.21484446296581,0.04238149837615791,90.25231871619971,6.736111111111111,45,priority_with_reserve
168,1.1116081083807317,22.4952818582013,0.041383636903954905,90.25231871619971,6.638888888888889,40,priority_with_reserve
169,0.974824466624507,22.584061380582018,0.0675294647498716,90.25231871619971,6.944444444444445,46,priority_with_reserve
170,1.881685921332759,36.61569552398757,0.057696326449750715,90.25231871619971,6.541666666666667,48,priority_with_reserve
171,2.3805034201581097,42.35021012050317,0.13260956845273586,90.25231871619971,6.277777777777778,43,priority_with_reserve
172,1.6894428732034428,30.995842892652075,0.04048443024549804,90.25231871619971,6.152777777777778,42,priority_with_reserve
173,4.156507673073535,74.09068870082557,0.349726131968531,90.25231871619971,6.777777777777778,47,priority_with_reserve
174,4.009313362286571,58.99007802476187,0.08852914828391498,90.25231871619971,6.763888888888889,45,priority_with_reserve
175,1.716864980981771,32.45068469644547,0.07771906184180244,90.25231871619971,6.402777777777778,43,priority_with_reserve
176,2.137369768569915,36.129109842886024,0.03773226247943919,90.25231871619971,6.722222222222222,43,priority_with_reserve
177,1.5113609517531195,27.65345015008103,0.053884088942111136,90.25231871619971,6.819444444444445,47,priority_with_reserve
178,4.13808615958851,60.83621365014715,0.10119288434984984,90.25231871619971,6.375,44,priority_with_reserve
179,1.8382953550045125,34.70832153899639,0.058272704779220856,90.25231871619971,6.527777777777778,47,priority_with_reserve
180,1.4040877136424172,27.544167213675326,0.05269945072115827,90.25231871619971,6.375,41,priority_with_reserve
181,1.5264838728446914,29.96139132832245,0.046136054068402335,90.25231871619971,7.0,44,priority_with_reserve
182,1.6399323844898746,30.707505165993243,0.0671914557611996,90.25231871619971,6.791666666666667,45,priority_with_reserve
183,4.102081141893901,63.12894734893748,0.126886588634972,90.25231871619971,6.486111111111111,43,priority_with_reserve
184,1.3017839996212381,24.581096960002906,0.024033126524369817,90.25231871619971,6.625,44,priority_with_reserve
185,1.302866992110756,25.528140947144795,0.04599111767452432,90.25231871619971,6.638888888888889,46,priority_with_reserve
186,1.5491751430861247,29.732061786990087,0.06753756082288943,90.25231871619971,6.333333333333333,42,priority_with_reserve
187,5.283804881414022,84.50264839261779,0.2231375176016861,90.25231871619971,6.972222222222222,48,priority_with_reserve
188,2.010870807551786,38.1560728876048,0.04129465361897201,90.25231871619971,6.805555555555555,45,priority_with_reserve
189,2.038415257804063,36.069477857298835,0.03776283215010096,90.25231871619971,6.430555555555555,47,priority_with_reserve
190,1.4169804019196386,27.17194312177172,0.0457624837196895,90.25231871619971,6.638888888888889,41,priority_with_reserve
191,1.739942806857677,33.35499141172546,0.05746977413177326,90.25231871619971,6.555555555555555,45,priority_with_reserve
192,0.8104428228612677,16.39919777801543,0.024512410056650193,90.25231871619971,6.666666666666667,47,priority_with_reserve
193,1.91685913126791,32.92905651443303,0.03793815763013005,90.25231871619971,6.5,45,priority_with_reserve
194,1.456915647829693,28.360238272877776,0.059161741641247274,90.25231871619971,6.763888888888889,49,priority_with_reserve
195,4.015104940744403,57.76622625040058,0.08080285653778199,90.25231871619971,6.611111111111111,42,priority_with_reserve
196,1.9123452033538886,36.06952093814746,0.07137480523753349,90.25231871619971,6.694444444444445,45,priority_with_reserve
197,1.472001541512988,27.4128204533579,0.07310072026230725,90.25231871619971,6.75,44,priority_with_reserve
198,1.3457541898743026,27.43762248504839,0.07368905128813966,90.25231871619971,6.75,47,priority_with_reserve
199,1.1412964829180299,20.182896764728575,0.0,90.25231871619971,6.444444444444445,44,priority_with_reserve
200,1.5037478121139205,27.50588305978744,0.011448751669500275,90.25231871619971,6.694444444444445,45,priority_with_reserve
201,2.3056747174703784,38.60848283496085,0.029224045306431662,90.25231871619971,6.625,44,priority_with_reserve
202,1.3656678111325888,23.853839810927138,0.003870262531171153,90.25231871619971,6.833333333333333,46,priority_with_reserve
203,1.651792575898423,31.1876895200323,0.03840414841389798,90.25231871619971,6.833333333333333,44,priority_with_reserve
204,2.13603539274271,38.17036643733557,0.057247462514041655,90.25231871619971,6.652777777777778,48,priority_with_reserve
205,1.680897175249366,27.076212864503123,0.015910726908981414,90.25231871619971,6.833333333333333,39,priority_with_reserve
206,1.9325729959066864,33.189323803550586,0.04589825694501984,90.25231871619971,6.902777777777778,44,priority_with_reserve
207,1.760441291678277,30.23806720091391,0.030922711131315027,90.25231871619971,7.069444444444445,51,priority_with_reserve
208,1.418495366989874,25.901355352445243,0.01579306823590764,90.25231871619971,6.652777777777778,49,priority_with_reserve
209,2.0893546603836173,37.192042202994315,0.06400493307715399,90.25231871619971,6.722222222222222,43,priority_with_reserve
210,1.6259601881074845,28.611438710998094,0.031724929833707234,90.25231871619971,6.847222222222222,43,priority_with_reserve
211,1.2801981792405805,25.631730404038944,0.03288850705398016,90.25231871619971,6.527777777777778,47,priority_with_reserve
212,1.5405141787883543,29.858974850365804,0.05202343337437185,90.25231871619971,6.652777777777778,46,priority_with_reserve
213,1.041988873933127,21.029970761706203,0.06685687785685422,90.25231871619971,6.347222222222222,44,priority_with_reserve
214,1.2955300008515633,23.308949344978398,0.03550671698013932,90.25231871619971,6.736111111111111,48,priority_with_reserve
215,1.6122161140527518,29.760655149776415,0.023334382785056604,90.25231871619971,7.041666666666667,45,priority_with_reserve
216,1.8864169658966952,34.89399059576908,0.04205255328138717,90.25231871619971,6.555555555555555,48,priority_with_reserve
217,1.3997362136823355,25.35903110458248,0.011448751669500275,90.25231871619971,6.375,43,priority_with_reserve
218,2.5455762434544833,42.96205113467158,0.10885866269174076,90.25231871619971,6.569444444444445,41,priority_with_reserve
219,1.4530607783003773,26.975063573780577,0.03638228209930581,90.25231871619971,6.611111111111111,46,priority_with_reserve
220,3.8263751195441995,55.40124610627404,0.08898273032020422,90.25231871619971,6.5,43,priority_with_reserve
221,1.4185990964055812,26.008736895685324,0.01123423509250288,90.25231871619971,6.680555555555555,42,priority_with_reserve
222,1.7098757471911208,31.718742645793807,0.08507996895839787,90.25231871619971,6.541666666666667,45,priority_with_reserve
223,1.3534826723731874,26.145317447689862,0.06582156940438949,90.25231871619971,6.777777777777778,49,priority_with_reserve
224,1.856712341691471,35.844850030307484,0.07339730109052128,90.25231871619971,6.930555555555555,43,priority_with_reserve
225,1.6668931837500434,28.652938334182387,0.03629424545357114,90.25231871619971,6.777777777777778,49,priority_with_reserve
226,1.677610892764414,33.12074924566679,0.04050314858162554,90.25231871619971,6.527777777777778,43,priority_with_reserve
227,1.8086717005166246,30.616340677685827,0.04654206243163414,90.25231871619971,6.694444444444445,41,priority_with_reserve
228,3.870220711013128,56.96072792371378,0.09878463844574287,90.25231871619971,6.736111111111111,44,priority_with_reserve
229,3.6572872463800117,57.30453137531673,0.11977790907504024,90.25231871619971,6.430555555555555,45,priority_with_reserve
230,1.5530229824794275,29.250376986553494,0.03145843675882405,90.25231871619971,6.791666666666667,47,priority_with_reserve
231,3.4272210049392506,53.34500671838063,0.10351356146379784,90.25231871619971,6.361111111111111,42,priority_with_reserve
232,2.2608486118841657,40.7376179770396,0.07290412784853342,90.25231871619971,6.75,43,priority_with_reserve
233,1.3143201037932963,23.821797169499774,0.011650204381452178,90.25231871619971,6.277777777777778,40,priority_with_reserve
234,4.546903797270101,66.34690281792739,0.10265490097691402,90.25231871619971,6.777777777777778,50,priority_with_reserve
235,1.3045996878901964,24.480128687916157,0.029095511573914684,90.25231871619971,6.666666666666667,46,priority_with_reserve
236,1.3752361989103532,23.701346925328675,0.00871411232369839,90.25231871619971,6.319444444444445,47,priority_with_reserve
237,1.8593277378391078,35.06673386573127,0.041745098121370054,90.25231871619971,6.75,46,priority_with_reserve
238,1.1724696414373996,22.018291078664067,0.03464651787951349,90.25231871619971,6.708333333333333,44,priority_with_reserve
239,0.8001337525997035,17.21066299083062,0.012103786417741414,90.25231871619971,6.472222222222222,44,priority_with_reserve
240,1.380036216705853,24.121451638132378,0.0,90.25231871619971,6.638888888888889,44,priority_with_reserve
241,1.636063875223296,28.717769127797567,0.02355253808724169,90.25231871619971,6.680555555555555,45,priority_with_reserve
242,1.9486428806161098,36.359790585494025,0.04813313756000169,90.25231871619971,6.611111111111111,44,priority_with_reserve
243,1.379821743628531,26.172678562072722,0.024624839232679805,90.25231871619971,6.583333333333333,42,priority_with_reserve
244,1.9366940274726332,36.57976114937628,0.06351266199262937,90.25231871619971,6.486111111111111,44,priority_with_reserve
245,1.27083038700805,22.853173843389133,0.008381326494374126,90.25231871619971,6.583333333333333,48,priority_with_reserve
246,1.0528613641060651,19.003188358919452,0.011489194065807732,90.25231871619971,6.388888888888889,46,priority_with_reserve
247,1.4368545590019743,27.120153824604355,0.015595578909174885,90.25231871619971,6.847222222222222,44,priority_with_reserve
248,3.6689938717144654,56.43202494181092,0.09910845725062589,90.25231871619971,6.694444444444445,48,priority_with_reserve
249,4.005855432815887,64.4403274098866,0.21282986027706388,90.25231871619971,6.597222222222222,47,priority_with_reserve
250,4.285461225859157,64.2624447709179,0.10020944573236973,90.25231871619971,6.819444444444445,46,priority_with_reserve
251,1.4137517865330513,25.67734702039184,0.030408426359837638,90.25231871619971,6.944444444444445,49,priority_with_reserve
252,1.2824900364881024,22.637706255775846,0.028495101763850957,90.25231871619971,6.375,40,priority_with_reserve
253,1.4406117374761276,26.02577269658542,0.06805890731813716,90.25231871619971,6.694444444444445,42,priority_with_reserve
254,2.638790698240637,47.342221730889676,0.16918797269790078,90.25231871619971,6.486111111111111,48,priority_with_reserve
255,1.417069683006527,26.79575212854392,0.04099108511256144,90.25231871619971,6.694444444444445,42,priority_with_reserve
0,1.5655251064720273,78.27625532360136,1.565525106472027,90.25231871619971,6.583333333333333,46,uniform_with_reserve
1,1.379703703227467,68.98518516137335,1.3797037032274668,90.25231871619971,6.833333333333333,40,uniform_with_reserve
2,1.5622594366632039,78.11297183316019,1.5622594366632037,90.25231871619971,6.930555555555555,45,uniform_with_reserve
3,1.8778301040519827,93.89150520259913,1.877830104051983,90.25231871619971,6.736111111111111,41,uniform_with_reserve
4,2.3514587832594778,117.57293916297388,2.3514587832594778,90.25231871619971,6.333333333333333,47,uniform_with_reserve
5,1.845244823308191,92.26224116540955,1.845244823308191,90.25231871619971,6.569444444444445,45,uniform_with_reserve
6,4.139759579970301,206.98797899851505,4.1397595799703,90.25231871619971,6.833333333333333,46,uniform_with_reserve
7,4.038954039805502,201.9477019902751,4.038954039805502,90.25231871619971,6.375,43,uniform_with_reserve
8,1.3012480613404795,65.06240306702398,1.3012480613404793,90.25231871619971,7.027777777777778,43,uniform_with_reserve
9,1.3280849196080429,66.40424598040214,1.3280849196080426,90.25231871619971,6.652777777777778,44,uniform_with_reserve
10,1.4335624562077407,71.67812281038704,1.4335624562077407,90.25231871619971,6.791666666666667,48,uniform_with_reserve
11,3.6200003897338378,181.00001948669188,3.6200003897338378,90.25231871619971,6.777777777777778,42,uniform_with_reserve
12,4.09558711945229,204.7793559726145,4.09558711945229,90.25231871619971,6.569444444444445,42,uniform_with_reserve
13,1.6166909395261522,80.8345469763076,1.6166909395261522,90.25231871619971,6.972222222222222,44,uniform_with_reserve
14,1.4244376671891938,71.2218833594597,1.4244376671891938,90.25231871619971,7.027777777777778,51,uniform_with_reserve
15,3.7954210974287728,189.77105487143865,3.795421097428772,90.25231871619971,6.569444444444445,41,uniform_with_reserve
16,3.3077409604106265,165.38704802053132,3.307740960410627,90.25231871619971,6.277777777777778,42,uniform_with_reserve
17,1.4683835445619677,73.41917722809839,1.4683835445619677,90.25231871619971,6.694444444444445,46,uniform_with_reserve
18,1.4436519553871183,72.18259776935592,1.443651955387118,90.25231871619971,6.902777777777778,44,uniform_with_reserve
19,1.3904694808049254,69.52347404024627,1.3904694808049254,90.25231871619971,6.263888888888889,42,uniform_with_reserve
20,2.5686913415573787,128.43456707786893,2.5686913415573787,90.25231871619971,6.513888888888889,44,uniform_with_reserve
21,3.512015875905308,175.60079379526542,3.512015875905308,90.25231871619971,6.958333333333333,44,uniform_with_reserve
22,1.3937445438343081,69.68722719171541,1.3937445438343083,90.25231871619971,6.722222222222222,45,uniform_with_reserve
23,3.7992000475844345,189.96000237922172,3.799200047584435,90.25231871619971,6.555555555555555,42,uniform_with_reserve
24,2.1073414277628246,105.36707138814123,2.1073414277628246,90.25231871619971,6.5,47,uniform_with_reserve
25,3.6836714488861726,184.18357244430862,3.6836714488861726,90.25231871619971,6.388888888888889,41,uniform_with_reserve
26,2.5195827297282403,125.97913648641202,2.5195827297282403,90.25231871619971,6.680555555555555,43,uniform_with_reserve
27,2.133064872053928,106.65324360269639,2.133064872053928,90.25231871619971,6.611111111111111,47,uniform_with_reserve
28,1.8675116771073643,93.37558385536822,1.867511677107364,90.25231871619971,6.319444444444445,41,uniform_with_reserve
29,1.4733904393562347,73.66952196781173,1.4733904393562347,90.25231871619971,6.777777777777778,40,uniform_with_reserve
30,1.2326674334578995,61.633371672894974,1.2326674334578995,90.25231871619971,6.638888888888889,44,uniform_with_reserve
31,1.5751689409350922,78.75844704675461,1.5751689409350924,90.25231871619971,6.333333333333333,46,uniform_with_reserve
32,3.766503240030672,188.32516200153358,3.7665032400306724,90.25231871619971,6.375,50,uniform_with_reserve
33,1.5102951718806044,75.51475859403021,1.5102951718806044,90.25231871619971,6.611111111111111,47,uniform_with_reserve
34,1.4321159298850756,71.60579649425378,1.432115929885076,90.25231871619971,6.486111111111111,44,uniform_with_reserve
35,1.2539537743507791,62.69768871753896,1.2539537743507791,90.25231871619971,6.333333333333333,41,uniform_with_reserve
36,1.8877211124388666,94.38605562194333,1.8877211124388666,90.25231871619971,6.5,44,uniform_with_reserve
37,1.3988288457288336,69.94144228644168,1.3988288457288336,90.25231871619971,6.555555555555555,43,uniform_with_reserve
38,1.8877022626055755,94.38511313027877,1.8877022626055755,90.25231871619971,6.513888888888889,41,uniform_with_reserve
39,1.5624482817427214,78.12241408713606,1.5624482817427214,90.25231871619971,6.847222222222222,44,uniform_with_reserve
40,4.123781916053728,206.1890958026864,4.123781916053728,90.25231871619971,6.555555555555555,44,uniform_with_reserve
41,1.423875352710763,71.19376763553815,1.423875352710763,90.25231871619971,6.638888888888889,42,uniform_with_reserve
42,1.3531544818848307,67.65772409424153,1.3531544818848307,90.25231871619971,6.722222222222222,44,uniform_with_reserve
43,4.011131822546456,200.55659112732278,4.011131822546456,90.25231871619971,6.875,45,uniform_with_reserve
44,0.9052774023467021,45.2638701173351,0.905277402346702,90.25231871619971,6.722222222222222,50,uniform_with_reserve
45,1.0498598804337065,52.49299402168533,1.0498598804337065,90.25231871619971,6.388888888888889,42,uniform_with_reserve
46,1.183079638313472,59.153981915673604,1.183079638313472,90.25231871619971,6.180555555555555,43,uniform_with_reserve
47,1.3761152490141249,68.80576245070624,1.3761152490141249,90.25231871619971,6.583333333333333,46,uniform_with_reserve
48,1.7602444195914422,88.0122209795721,1.7602444195914422,90.25231871619971,6.458333333333333,48,uniform_with_reserve
49,3.8517530251949443,192.58765125974722,3.851753025194944,90.25231871619971,6.527777777777778,45,uniform_with_reserve
50,2.2125413246108496,110.62706623054248,2.2125413246108496,90.25231871619971,6.777777777777778,42,uniform_with_reserve
51,1.3344930267043018,66.72465133521509,1.3344930267043016,90.25231871619971,6.791666666666667,45,uniform_with_reserve
52,1.3634227413687796,68.17113706843898,1.3634227413687796,90.25231871619971,6.986111111111111,40,uniform_with_reserve
53,1.2681283117147713,63.406415585738564,1.268128311714771,90.25231871619971,6.194444444444445,44,uniform_with_reserve
54,1.4178946208501748,70.89473104250874,1.4178946208501746,90.25231871619971,6.652777777777778,46,uniform_with_reserve
55,1.4254860951948802,71.27430475974401,1.42548609519488,90.25231871619971,6.972222222222222,42,uniform_with_reserve
56,1.3968274886401097,69.8413744320055,1.39682748864011,90.25231871619971,6.652777777777778,42,uniform_with_reserve
57,2.305346697398589,115.26733486992946,2.3053466973985888,90.25231871619971,6.680555555555555,41,uniform_with_reserve
58,1.8014039173384297,90.0701958669215,1.8014039173384297,90.25231871619971,6.666666666666667,42,uniform_with_reserve
59,1.2403826921343382,62.01913460671691,1.2403826921343382,90.25231871619971,6.652777777777778,53,uniform_with_reserve
60,3.8065740673852657,190.32870336926328,3.806574067385266,90.25231871619971,6.388888888888889,43,uniform_with_reserve
61,1.6721515910010512,83.60757955005256,1.6721515910010512,90.25231871619971,6.666666666666667,43,uniform_with_reserve
62,1.5957518922065375,79.78759461032688,1.5957518922065375,90.25231871619971,6.708333333333333,49,uniform_with_reserve
63,1.283119560034566,64.1559780017283,1.2831195600345657,90.25231871619971,6.347222222222222,46,uniform_with_reserve
64,1.4930223967732572,74.65111983866286,1.4930223967732572,90.25231871619971,6.430555555555555,50,uniform_with_reserve
65,1.2822576587796444,64.11288293898222,1.2822576587796441,90.25231871619971,6.472222222222222,43,uniform_with_reserve
66,3.929412115715963,196.47060578579817,3.9294121157159627,90.25231871619971,6.472222222222222,39,uniform_with_reserve
67,2.253850235721645,112.69251178608224,2.2538502357216452,90.25231871619971,6.805555555555555,47,uniform_with_reserve
68,1.2892474635690707,64.46237317845353,1.2892474635690707,90.25231871619971,6.361111111111111,44,uniform_with_reserve
69,1.4606875969112443,73.03437984556221,1.4606875969112443,90.25231871619971,6.652777777777778,47,uniform_with_reserve
70,1.4857378999543394,74.28689499771697,1.4857378999543394,90.25231871619971,6.819444444444445,43,uniform_with_reserve
71,1.5816388971056565,79.08194485528283,1.5816388971056563,90.25231871619971,6.888888888888889,43,uniform_with_reserve
72,0.8466846891272475,42.334234456362374,0.8466846891272474,90.25231871619971,6.541666666666667,44,uniform_with_reserve
73,1.2960232178210476,64.80116089105238,1.2960232178210473,90.25231871619971,6.597222222222222,40,uniform_with_reserve
74,4.22974868299614,211.48743414980703,4.22974868299614,90.25231871619971,6.333333333333333,43,uniform_with_reserve
75,0.948334873064639,47.416743653231954,0.9483348730646392,90.25231871619971,7.180555555555555,47,uniform_with_reserve
76,1.33552872101973,66.7764360509865,1.3355287210197297,90.25231871619971,6.263888888888889,39,uniform_with_reserve
77,1.8182353237720603,90.91176618860301,1.8182353237720603,90.25231871619971,6.958333333333333,48,uniform_with_reserve
78,1.420532376654298,71.0266188327149,1.420532376654298,90.25231871619971,6.513888888888889,50,uniform_with_reserve
79,2.0998747735124974,104.99373867562487,2.0998747735124974,90.25231871619971,6.958333333333333,45,uniform_with_reserve
80,1.3040575751702672,65.20287875851336,1.3040575751702672,90.25231871619971,6.75,45,uniform_with_reserve
81,2.624131582285803,131.20657911429015,2.6241315822858033,90.25231871619971,6.611111111111111,45,uniform_with_reserve
82,4.0728251912028215,203.64125956014107,4.0728251912028215,90.25231871619971,6.402777777777778,42,uniform_with_reserve
83,1.8009019549505185,90.04509774752593,1.8009019549505187,90.25231871619971,6.5,41,uniform_with_reserve
84,2.808007797445925,140.40038987229627,2.808007797445925,90.25231871619971,6.236111111111111,44,uniform_with_reserve
85,1.1754184089883317,58.770920449416586,1.1754184089883317,90.25231871619971,6.638888888888889,42,uniform_with_reserve
86,1.4945831008809198,74.729155044046,1.4945831008809198,90.25231871619971,6.791666666666667,50,uniform_with_reserve
87,1.2790867711040623,63.954338555203115,1.2790867711040625,90.25231871619971,6.944444444444445,47,uniform_with_reserve
88,1.5505325913664023,77.52662956832012,1.5505325913664025,90.25231871619971,6.263888888888889,44,uniform_with_reserve
89,1.3252868614063877,66.26434307031938,1.3252868614063877,90.25231871619971,6.625,46,uniform_with_reserve
90,1.3449983189614372,67.24991594807186,1.3449983189614372,90.25231871619971,6.569444444444445,48,uniform_with_reserve
91,1.3438152536072274,67.19076268036137,1.3438152536072274,90.25231871619971,6.486111111111111,45,uniform_with_reserve
92,2.6247778842644585,131.23889421322292,2.6247778842644585,90.25231871619971,6.638888888888889,42,uniform_with_reserve
93,1.8823781969960038,94.11890984980019,1.882378196996004,90.25231871619971,6.472222222222222,44,uniform_with_reserve
94,1.4615965306325016,73.07982653162509,1.4615965306325016,90.25231871619971,6.861111111111111,49,uniform_with_reserve
95,3.68711403272828,184.35570163641398,3.6871140327282803,90.25231871619971,6.777777777777778,43,uniform_with_reserve
96,1.411899429998418,70.5949714999209,1.411899429998418,90.25231871619971,6.541666666666667,47,uniform_with_reserve
97,1.3449180440515531,67.24590220257765,1.3449180440515531,90.25231871619971,6.375,42,uniform_with_reserve
98,1.4431141386456665,72.15570693228332,1.4431141386456663,90.25231871619971,6.583333333333333,42,uniform_with_reserve
99,1.4638603124085057,73.19301562042529,1.4638603124085057,90.25231871619971,6.805555555555555,45,uniform_with_reserve
100,1.5011548057248612,75.05774028624306,1.5011548057248612,90.25231871619971,6.763888888888889,50,uniform_with_reserve
101,1.4002104340586932,70.01052170293465,1.400210434058693,90.25231871619971,6.277777777777778,43,uniform_with_reserve
102,1.5547365031125533,77.73682515562767,1.5547365031125535,90.25231871619971,7.097222222222222,48,uniform_with_reserve
103,1.6719710096063467,83.59855048031733,1.6719710096063465,90.25231871619971,6.597222222222222,48,uniform_with_reserve
104,1.5434351322013025,77.17175661006512,1.5434351322013025,90.25231871619971,6.680555555555555,43,uniform_with_reserve
105,1.0628258435029596,53.14129217514798,1.0628258435029596,90.25231871619971,6.819444444444445,46,uniform_with_reserve
106,1.515684807769529,75.78424038847645,1.5156848077695289,90.25231871619971,6.888888888888889,55,uniform_with_reserve
107,3.7508637339175874,187.54318669587937,3.750863733917587,90.25231871619971,6.694444444444445,48,uniform_with_reserve
108,4.098445515952957,204.92227579764784,4.098445515952957,90.25231871619971,6.680555555555555,42,uniform_with_reserve
109,1.4437388136667915,72.18694068333957,1.4437388136667917,90.25231871619971,6.708333333333333,46,uniform_with_reserve
110,1.6497684508256478,82.48842254128239,1.6497684508256478,90.25231871619971,6.861111111111111,45,uniform_with_reserve
111,1.1887471962060898,59.43735981030449,1.18874719620609,90.25231871619971,6.625,50,uniform_with_reserve
112,4.111199300925883,205.55996504629417,4.111199300925883,90.25231871619971,6.652777777777778,43,uniform_with_reserve
113,1.7961722092582473,89.80861046291237,1.7961722092582475,90.25231871619971,6.944444444444445,51,uniform_with_reserve
114,1.3193784789949081,65.9689239497454,1.319378478994908,90.25231871619971,6.819444444444445,45,uniform_with_reserve
115,4.560769684900931,228.03848424504656,4.560769684900931,90.25231871619971,7.027777777777778,50,uniform_with_reserve
116,4.119881686350924,205.9940843175462,4.119881686350924,90.25231871619971,6.763888888888889,46,uniform_with_reserve
117,1.4076841746136106,70.38420873068053,1.4076841746136104,90.25231871619971,6.638888888888889,43,uniform_with_reserve
118,3.985994120670576,199.2997060335288,3.9859941206705765,90.25231871619971,6.902777777777778,43,uniform_with_reserve
119,1.371135381372436,68.5567690686218,1.371135381372436,90.25231871619971,6.513888888888889,39,uniform_with_reserve
120,1.2226516354549943,61.13258177274972,1.222651635454994,90.25231871619971,6.152777777777778,43,uniform_with_reserve
121,4.070554868241521,203.52774341207603,4.070554868241522,90.25231871619971,6.75,50,uniform_with_reserve
122,1.819758118088926,90.9879059044463,1.819758118088926,90.25231871619971,7.361111111111111,46,uniform_with_reserve
123,1.7993847017873277,89.96923508936638,1.7993847017873281,90.25231871619971,6.402777777777778,43,uniform_with_reserve
124,1.4123028815058611,70.61514407529306,1.4123028815058611,90.25231871619971,6.875,50,uniform_with_reserve
125,1.300235229485443,65.01176147427215,1.3002352294854427,90.25231871619971,6.930555555555555,46,uniform_with_reserve
126,1.377826056777935,68.89130283889675,1.377826056777935,90.25231871619971,6.458333333333333,47,uniform_with_reserve
127,3.399604231756485,169.98021158782427,3.3996042317564856,90.25231871619971,6.222222222222222,42,uniform_with_reserve
128,1.3982039739259078,69.9101986962954,1.398203973925908,90.25231871619971,6.527777777777778,45,uniform_with_reserve
129,1.0583971814293818,52.91985907146909,1.0583971814293818,90.25231871619971,6.527777777777778,44,uniform_with_reserve
130,3.851364423466821,192.56822117334104,3.851364423466821,90.25231871619971,7.0,45,uniform_with_reserve
131,1.1262546768658421,56.31273384329211,1.1262546768658421,90.25231871619971,6.569444444444445,44,uniform_with_reserve
132,3.670897080097669,183.54485400488346,3.670897080097669,90.25231871619971,6.402777777777778,42,uniform_with_reserve
133,4.071876601666933,203.59383008334663,4.071876601666933,90.25231871619971,6.5,42,uniform_with_reserve
134,1.3138982900584242,65.69491450292121,1.313898290058424,90.25231871619971,6.902777777777778,45,uniform_with_reserve
135,2.2592501590294356,112.96250795147178,2.2592501590294356,90.25231871619971,6.027777777777778,43,uniform_with_reserve
136,1.4799542602744469,73.99771301372235,1.4799542602744469,90.25231871619971,6.847222222222222,50,uniform_with_reserve
137,3.7179356235369903,185.89678117684952,3.71793562353699,90.25231871619971,6.875,44,uniform_with_reserve
138,1.6624921720149888,83.12460860074944,1.6624921720149883,90.25231871619971,7.25,45,uniform_with_reserve
139,1.8502540868640662,92.51270434320331,1.8502540868640662,90.25231871619971,6.583333333333333,43,uniform_with_reserve
140,1.5623988111510734,78.11994055755366,1.5623988111510732,90.25231871619971,6.805555555555555,48,uniform_with_reserve
141,1.764405071085774,88.2202535542887,1.7644050710857737,90.25231871619971,7.083333333333333,44,uniform_with_reserve
142,1.4188221892683428,70.94110946341713,1.4188221892683428,90.25231871619971,6.555555555555555,41,uniform_with_reserve
143,1.7411494988736635,87.05747494368318,1.7411494988736633,90.25231871619971,6.902777777777778,45,uniform_with_reserve
144,1.3070099523411927,65.35049761705963,1.3070099523411924,90.25231871619971,6.444444444444445,40,uniform_with_reserve
145,1.5553381274374776,77.76690637187387,1.5553381274374773,90.25231871619971,6.722222222222222,45,uniform_with_reserve
146,4.005210177642963,200.26050888214817,4.005210177642963,90.25231871619971,6.833333333333333,43,uniform_with_reserve
147,1.348574979715186,67.4287489857593,1.3485749797151858,90.25231871619971,6.458333333333333,49,uniform_with_reserve
148,1.5383914348023469,76.91957174011735,1.5383914348023469,90.25231871619971,6.819444444444445,51,uniform_with_reserve
149,3.9666587422965773,198.33293711482887,3.966658742296577,90.25231871619971,6.736111111111111,47,uniform_with_reserve
150,3.5319117801000406,176.59558900500204,3.5319117801000406,90.25231871619971,6.055555555555555,44,uniform_with_reserve
151,2.4934564007956874,124.67282003978437,2.4934564007956874,90.25231871619971,6.833333333333333,45,uniform_with_reserve
152,1.4260573350572592,71.30286675286295,1.4260573350572592,90.25231871619971,6.986111111111111,42,uniform_with_reserve
153,1.3641763777844753,68.20881888922376,1.3641763777844753,90.25231871619971,6.458333333333333,42,uniform_with_reserve
154,1.4400524370079184,72.00262185039593,1.4400524370079184,90.25231871619971,6.638888888888889,44,uniform_with_reserve
155,1.2148084975477587,60.74042487738793,1.2148084975477587,90.25231871619971,6.291666666666667,46,uniform_with_reserve
156,2.154245948627117,107.71229743135584,2.154245948627117,90.25231871619971,6.833333333333333,47,uniform_with_reserve
157,3.864959086820645,193.24795434103225,3.8649590868206447,90.25231871619971,6.444444444444445,43,uniform_with_reserve
158,1.5864806009207588,79.32403004603795,1.5864806009207588,90.25231871619971,6.638888888888889,46,uniform_with_reserve
159,1.463689732652821,73.18448663264105,1.4636897326528207,90.25231871619971,6.319444444444445,39,uniform_with_reserve
160,1.3300777292128658,66.50388646064329,1.3300777292128658,90.25231871619971,6.527777777777778,43,uniform_with_reserve
161,1.3430392149891464,67.15196074945732,1.3430392149891466,90.25231871619971,6.916666666666667,44,uniform_with_reserve
162,2.1131095006335383,105.65547503167691,2.1131095006335383,90.25231871619971,6.833333333333333,46,uniform_with_reserve
163,1.4647839390655886,73.23919695327943,1.4647839390655883,90.25231871619971,6.569444444444445,46,uniform_with_reserve
164,1.378866197019587,68.94330985097935,1.3788661970195872,90.25231871619971,6.708333333333333,45,uniform_with_reserve
165,1.7732985808461637,88.66492904230819,1.7732985808461637,90.25231871619971,6.694444444444445,45,uniform_with_reserve
166,1.1436776698559408,57.18388349279704,1.143677669855941,90.25231871619971,6.5,43,uniform_with_reserve
167,1.5123992576385257,75.61996288192628,1.512399257638526,90.25231871619971,6.736111111111111,45,uniform_with_reserve
168,1.1116081083807317,55.58040541903658,1.1116081083807319,90.25231871619971,6.638888888888889,40,uniform_with_reserve
169,0.974824466624507,48.74122333122535,0.974824466624507,90.25231871619971,6.944444444444445,46,uniform_with_reserve
170,1.881685921332759,94.08429606663795,1.8816859213327592,90.25231871619971,6.541666666666667,48,uniform_with_reserve
171,2.3805034201581097,119.02517100790548,2.3805034201581097,90.25231871619971,6.277777777777778,43,uniform_with_reserve
172,1.6894428732034428,84.47214366017214,1.6894428732034426,90.25231871619971,6.152777777777778,42,uniform_with_reserve
173,4.156507673073535,207.82538365367677,4.156507673073536,90.25231871619971,6.777777777777778,47,uniform_with_reserve
174,4.009313362286571,200.46566811432857,4.009313362286571,90.25231871619971,6.763888888888889,45,uniform_with_reserve
175,1.716864980981771,85.84324904908856,1.7168649809817709,90.25231871619971,6.402777777777778,43,uniform_with_reserve
176,2.137369768569915,106.86848842849574,2.137369768569915,90.25231871619971,6.722222222222222,43,uniform_with_reserve
177,1.5113609517531195,75.56804758765597,1.5113609517531195,90.25231871619971,6.819444444444445,47,uniform_with_reserve
178,4.13808615958851,206.90430797942548,4.138086159588509,90.25231871619971,6.375,44,uniform_with_reserve
179,1.8382953550045125,91.91476775022562,1.8382953550045127,90.25231871619971,6.527777777777778,47,uniform_with_reserve
180,1.4040877136424172,70.20438568212086,1.4040877136424172,90.25231871619971,6.375,41,uniform_with_reserve
181,1.5264838728446914,76.32419364223458,1.5264838728446914,90.25231871619971,7.0,44,uniform_with_reserve
182,1.6399323844898746,81.99661922449373,1.6399323844898746,90.25231871619971,6.791666666666667,45,uniform_with_reserve
183,4.102081141893901,205.10405709469507,4.102081141893901,90.25231871619971,6.486111111111111,43,uniform_with_reserve
184,1.3017839996212381,65.08919998106191,1.3017839996212381,90.25231871619971,6.625,44,uniform_with_reserve
185,1.302866992110756,65.14334960553781,1.3028669921107559,90.25231871619971,6.638888888888889,46,uniform_with_reserve
186,1.5491751430861247,77.45875715430624,1.5491751430861247,90.25231871619971,6.333333333333333,42,uniform_with_reserve
187,5.283804881414022,264.1902440707011,5.283804881414022,90.25231871619971,6.972222222222222,48,uniform_with_reserve
188,2.010870807551786,100.5435403775893,2.010870807551786,90.25231871619971,6.805555555555555,45,uniform_with_reserve
189,2.038415257804063,101.92076289020315,2.038415257804063,90.25231871619971,6.430555555555555,47,uniform_with_reserve
190,1.4169804019196386,70.84902009598193,1.4169804019196384,90.25231871619971,6.638888888888889,41,uniform_with_reserve
191,1.739942806857677,86.99714034288385,1.7399428068576768,90.25231871619971,6.555555555555555,45,uniform_with_reserve
192,0.8104428228612677,40.522141143063386,0.8104428228612677,90.25231871619971,6.666666666666667,47,uniform_with_reserve
193,1.91685913126791,95.8429565633955,1.9168591312679102,90.25231871619971,6.5,45,uniform_with_reserve
194,1.456915647829693,72.84578239148465,1.456915647829693,90.25231871619971,6.763888888888889,49,uniform_with_reserve
195,4.015104940744403,200.75524703722016,4.015104940744403,90.25231871619971,6.611111111111111,42,uniform_with_reserve
196,1.9123452033538886,95.61726016769443,1.9123452033538886,90.25231871619971,6.694444444444445,45,uniform_with_reserve
197,1.472001541512988,73.6000770756494,1.4720015415129877,90.25231871619971,6.75,44,uniform_with_reserve
198,1.3457541898743026,67.28770949371513,1.3457541898743024,90.25231871619971,6.75,47,uniform_with_reserve
199,1.1412964829180299,57.0648241459015,1.1412964829180299,90.25231871619971,6.444444444444445,44,uniform_with_reserve
200,1.5037478121139205,75.18739060569602,1.5037478121139203,90.25231871619971,6.694444444444445,45,uniform_with_reserve
201,2.3056747174703784,115.28373587351892,2.3056747174703784,90.25231871619971,6.625,44,uniform_with_reserve
202,1.3656678111325888,68.28339055662944,1.3656678111325888,90.25231871619971,6.833333333333333,46,uniform_with_reserve
203,1.651792575898423,82.58962879492115,1.651792575898423,90.25231871619971,6.833333333333333,44,uniform_with_reserve
204,2.13603539274271,106.80176963713551,2.13603539274271,90.25231871619971,6.652777777777778,48,uniform_with_reserve
205,1.680897175249366,84.0448587624683,1.680897175249366,90.25231871619971,6.833333333333333,39,uniform_with_reserve
206,1.9325729959066864,96.62864979533433,1.9325729959066864,90.25231871619971,6.902777777777778,44,uniform_with_reserve
207,1.760441291678277,88.02206458391385,1.7604412916782768,90.25231871619971,7.069444444444445,51,uniform_with_reserve
208,1.418495366989874,70.9247683494937,1.418495366989874,90.25231871619971,6.652777777777778,49,uniform_with_reserve
209,2.0893546603836173,104.46773301918087,2.0893546603836173,90.25231871619971,6.722222222222222,43,uniform_with_reserve
210,1.6259601881074845,81.29800940537423,1.6259601881074843,90.25231871619971,6.847222222222222,43,uniform_with_reserve
211,1.2801981792405805,64.00990896202903,1.2801981792405803,90.25231871619971,6.527777777777778,47,uniform_with_reserve
212,1.5405141787883543,77.02570893941771,1.5405141787883543,90.25231871619971,6.652777777777778,46,uniform_with_reserve
213,1.041988873933127,52.099443696656344,1.041988873933127,90.25231871619971,6.347222222222222,44,uniform_with_reserve
214,1.2955300008515633,64.77650004257816,1.2955300008515636,90.25231871619971,6.736111111111111,48,uniform_with_reserve
215,1.6122161140527518,80.61080570263759,1.6122161140527518,90.25231871619971,7.041666666666667,45,uniform_with_reserve
216,1.8864169658966952,94.32084829483476,1.8864169658966952,90.25231871619971,6.555555555555555,48,uniform_with_reserve
217,1.3997362136823355,69.98681068411678,1.3997362136823353,90.25231871619971,6.375,43,uniform_with_reserve
218,2.5455762434544833,127.27881217272416,2.5455762434544833,90.25231871619971,6.569444444444445,41,uniform_with_reserve
219,1.4530607783003773,72.65303891501887,1.4530607783003773,90.25231871619971,6.611111111111111,46,uniform_with_reserve
220,3.8263751195441995,191.31875597720997,3.826375119544199,90.25231871619971,6.5,43,uniform_with_reserve
221,1.4185990964055812,70.92995482027906,1.418599096405581,90.25231871619971,6.680555555555555,42,uniform_with_reserve
222,1.7098757471911208,85.49378735955604,1.7098757471911208,90.25231871619971,6.541666666666667,45,uniform_with_reserve
223,1.3534826723731874,67.67413361865937,1.3534826723731874,90.25231871619971,6.777777777777778,49,uniform_with_reserve
224,1.856712341691471,92.83561708457356,1.856712341691471,90.25231871619971,6.930555555555555,43,uniform_with_reserve
225,1.6668931837500434,83.34465918750217,1.6668931837500434,90.25231871619971,6.777777777777778,49,uniform_with_reserve
226,1.677610892764414,83.8805446382207,1.6776108927644136,90.25231871619971,6.527777777777778,43,uniform_with_reserve
227,1.8086717005166246,90.43358502583123,1.8086717005166246,90.25231871619971,6.694444444444445,41,uniform_with_reserve
228,3.870220711013128,193.5110355506564,3.8702207110131277,90.25231871619971,6.736111111111111,44,uniform_with_reserve
229,3.6572872463800117,182.86436231900058,3.657287246380012,90.25231871619971,6.430555555555555,45,uniform_with_reserve
230,1.5530229824794275,77.65114912397138,1.5530229824794275,90.25231871619971,6.791666666666667,47,uniform_with_reserve
231,3.4272210049392506,171.36105024696252,3.427221004939251,90.25231871619971,6.361111111111111,42,uniform_with_reserve
232,2.2608486118841657,113.04243059420828,2.2608486118841657,90.25231871619971,6.75,43,uniform_with_reserve
233,1.3143201037932963,65.71600518966481,1.3143201037932961,90.25231871619971,6.277777777777778,40,uniform_with_reserve
234,4.546903797270101,227.34518986350506,4.5469037972701,90.25231871619971,6.777777777777778,50,uniform_with_reserve
235,1.3045996878901964,65.22998439450983,1.3045996878901962,90.25231871619971,6.666666666666667,46,uniform_with_reserve
236,1.3752361989103532,68.76180994551765,1.3752361989103534,90.25231871619971,6.319444444444445,47,uniform_with_reserve
237,1.8593277378391078,92.9663868919554,1.8593277378391075,90.25231871619971,6.75,46,uniform_with_reserve
238,1.1724696414373996,58.62348207186998,1.1724696414373994,90.25231871619971,6.708333333333333,44,uniform_with_reserve
239,0.8001337525997035,40.00668762998518,0.8001337525997035,90.25231871619971,6.472222222222222,44,uniform_with_reserve
240,1.380036216705853,69.00181083529266,1.380036216705853,90.25231871619971,6.638888888888889,44,uniform_with_reserve
241,1.636063875223296,81.8031937611648,1.6360638752232959,90.25231871619971,6.680555555555555,45,uniform_with_reserve
242,1.9486428806161098,97.43214403080549,1.9486428806161096,90.25231871619971,6.611111111111111,44,uniform_with_reserve
243,1.379821743628531,68.99108718142655,1.379821743628531,90.25231871619971,6.583333333333333,42,uniform_with_reserve
244,1.9366940274726332,96.83470137363166,1.936694027472633,90.25231871619971,6.486111111111111,44,uniform_with_reserve
245,1.27083038700805,63.541519350402496,1.27083038700805,90.25231871619971,6.583333333333333,48,uniform_with_reserve
246,1.0528613641060651,52.64306820530326,1.0528613641060651,90.25231871619971,6.388888888888889,46,uniform_with_reserve
247,1.4368545590019743,71.84272795009872,1.4368545590019743,90.25231871619971,6.847222222222222,44,uniform_with_reserve
248,3.6689938717144654,183.44969358572328,3.6689938717144654,90.25231871619971,6.694444444444445,48,uniform_with_reserve
249,4.005855432815887,200.29277164079434,4.005855432815886,90.25231871619971,6.597222222222222,47,uniform_with_reserve
250,4.285461225859157,214.27306129295783,4.285461225859156,90.25231871619971,6.819444444444445,46,uniform_with_reserve
251,1.4137517865330513,70.68758932665257,1.4137517865330513,90.25231871619971,6.944444444444445,49,uniform_with_reserve
252,1.2824900364881024,64.12450182440512,1.2824900364881024,90.25231871619971,6.375,40,uniform_with_reserve
253,1.4406117374761276,72.03058687380639,1.4406117374761278,90.25231871619971,6.694444444444445,42,uniform_with_reserve
254,2.638790698240637,131.93953491203186,2.638790698240638,90.25231871619971,6.486111111111111,48,uniform_with_reserve
255,1.417069683006527,70.85348415032635,1.417069683006527,90.25231871619971,6.694444444444445,42,uniform_with_reserve
0,5.514649303809647,75.24193880650797,0.1664460394923239,90.25231871619971,6.583333333333333,46,priority_no_reserve
1,5.327628074705048,75.20403509470015,0.1660384456273956,90.25231871619971,6.833333333333333,40,priority_no_reserve
2,1.9171583572807114,42.563401883670714,0.215192277860706,90.25231871619971,6.930555555555555,45,priority_no_reserve
3,19.818738025380036,231.34037981063952,0.4000827815566427,90.25231871619971,6.736111111111111,41,priority_no_reserve
4,20.23214099483385,247.27151077835026,0.4739119991164901,90.25231871619971,6.333333333333333,47,priority_no_reserve
5,19.818738025380036,231.34261738126503,0.4187717199776751,90.25231871619971,6.569444444444445,45,priority_no_reserve
6,23.103321791485772,308.4097870055487,0.7445230302884172,90.25231871619971,6.833333333333333,46,priority_no_reserve
7,22.691523628496093,301.687248787325,0.7365952858303324,90.25231871619971,6.375,43,priority_no_reserve
8,1.729283196003261,37.227917279481694,0.1829686312397737,90.25231871619971,7.027777777777778,43,priority_no_reserve
9,1.8278075717539788,40.217934673011335,0.20025428277641077,90.25231871619971,6.652777777777778,44,priority_no_reserve
10,1.7891337988349023,41.14215779046949,0.20976037219826787,90.25231871619971,6.791666666666667,48,priority_no_reserve
11,21.24864773737295,274.41264744132036,0.47691966695520793,90.25231871619971,6.777777777777778,42,priority_no_reserve
12,22.79919274319535,306.9531435146255,0.7559579601201916,90.25231871619971,6.569444444444445,42,priority_no_reserve
13,2.225694021944294,50.3814162036093,0.2639598689120302,90.25231871619971,6.972222222222222,44,priority_no_reserve
14,1.7793365878067018,34.626809330741146,0.05332869213815043,90.25231871619971,7.027777777777778,51,priority_no_reserve
15,22.60205856672299,301.5167673301995,0.7529021206085691,90.25231871619971,6.569444444444445,41,priority_no_reserve
16,21.24864773737295,272.7637417436382,0.4778257486207464,90.25231871619971,6.277777777777778,42,priority_no_reserve
17,5.416307916039549,76.21821275396202,0.16914190716735966,90.25231871619971,6.694444444444445,46,priority_no_reserve
18,5.379586684906929,75.69480943807932,0.16724765137622283,90.25231871619971,6.902777777777778,44,priority_no_reserve
19,1.7580304653898562,40.368438210712135,0.24231600251189928,90.25231871619971,6.263888888888889,42,priority_no_reserve
20,20.238846252004734,251.03935113971323,0.5026069690982852,90.25231871619971,6.513888888888889,44,priority_no_reserve
21,21.24864773737295,276.25393597544917,0.5069075916585069,90.25231871619971,6.958333333333333,44,priority_no_reserve
22,5.660564295877499,76.20728394898973,0.13568601472148964,90.25231871619971,6.722222222222222,45,priority_no_reserve
23,21.24864773737295,273.1927905926706,0.48314107347584934,90.25231871619971,6.555555555555555,42,priority_no_reserve
24,20.258898347296494,241.0517851505797,0.5531077736115528,90.25231871619971,6.5,47,priority_no_reserve
25,21.687437872028507,288.4745455220476,0.6769275586811886,90.25231871619971,6.388888888888889,41,priority_no_reserve
26,19.945139714939152,250.34807769200788,0.6795167382992459,90.25231871619971,6.680555555555555,43,priority_no_reserve
27,20.268272168204255,243.69949995018163,0.5577975821135385,90.25231871619971,6.611111111111111,47,priority_no_reserve
28,19.818738025380036,229.51166747385338,0.3915320158296684,90.25231871619971,6.319444444444445,41,priority_no_reserve
29,1.8282893599737426,43.09063459046779,0.2738437562603783,90.25231871619971,6.777777777777778,40,priority_no_reserve
30,1.5875663540754075,32.3663645092728,0.0351303718787687,90.25231871619971,6.638888888888889,44,priority_no_reserve
31,5.550992617492997,74.16611372130632,0.13820249876510643,90.25231871619971,6.333333333333333,46,priority_no_reserve
32,21.687437872028507,290.9557744870372,0.720919616703169,90.25231871619971,6.375,50,priority_no_reserve
33,1.865194092498112,41.17570252459652,0.1908844580498989,90.25231871619971,6.611111111111111,47,priority_no_reserve
34,1.9285807455807706,42.05848963167935,0.21100113968005635,90.25231871619971,6.486111111111111,44,priority_no_reserve
35,5.521160901055626,75.57230875070596,0.15362660227420663,90.25231871619971,6.333333333333333,41,priority_no_reserve
36,19.818738025380036,230.247616916921,0.40718135785226184,90.25231871619971,6.5,44,priority_no_reserve
37,5.3354359972582985,73.50966913702482,0.11937694376903062,90.25231871619971,6.555555555555555,43,priority_no_reserve
38,20.256168415825478,242.98833684434405,0.5732290017387334,90.25231871619971,6.513888888888889,41,priority_no_reserve
39,1.9173472023602294,44.2575720831043,0.26500296616902463,90.25231871619971,6.847222222222222,44,priority_no_reserve
40,23.125318742162317,310.51231295091225,0.7832083753919894,90.25231871619971,6.555555555555555,44,priority_no_reserve
41,5.648556626629497,78.12355571578541,0.15522682922117753,90.25231871619971,6.638888888888889,42,priority_no_reserve
42,1.7080534025023388,32.5160455607404,0.03544655865553149,90.25231871619971,6.722222222222222,44,priority_no_reserve
43,23.05499105396975,309.6718971374367,0.7931040141632371,90.25231871619971,6.875,45,priority_no_reserve
44,1.2237729049803692,24.074098045793903,0.05001603751841613,90.25231871619971,6.722222222222222,50,priority_no_reserve
45,1.4047588010512144,26.44710166702603,0.015455354396556651,90.25231871619971,6.388888888888889,42,priority_no_reserve
46,5.432973983323775,74.0028256097696,0.15501971055222258,90.25231871619971,6.180555555555555,43,priority_no_reserve
47,5.312049978533936,72.24674801116046,0.11937694376903062,90.25231871619971,6.583333333333333,46,priority_no_reserve
48,2.1158157622186033,43.31109584763138,0.19001490672466037,90.25231871619971,6.458333333333333,48,priority_no_reserve
49,23.008912859474446,307.92027866534465,0.7737794304516536,90.25231871619971,6.527777777777778,45,priority_no_reserve
50,20.24542440765682,244.82666234213943,0.5926461239972272,90.25231871619971,6.777777777777778,42,priority_no_reserve
51,1.8348436684832157,38.49469037734823,0.18481872230777577,90.25231871619971,6.791666666666667,45,priority_no_reserve
52,2.0530664332710113,42.29999644652142,0.19022942330165776,90.25231871619971,6.986111111111111,40,priority_no_reserve
53,1.6236996543419324,37.03933785801614,0.1908844580498989,90.25231871619971,6.194444444444445,44,priority_no_reserve
54,2.047203102773553,44.99875510175037,0.23873259588071405,90.25231871619971,6.652777777777778,46,priority_no_reserve
55,5.361420824714691,74.06020847847203,0.15753582298639945,90.25231871619971,6.972222222222222,42,priority_no_reserve
56,5.655517347486876,76.84623520944005,0.14406510504164158,90.25231871619971,6.652777777777778,42,priority_no_reserve
57,19.86897568125611,233.23590968247933,0.4466829888288751,90.25231871619971,6.680555555555555,41,priority_no_reserve
58,2.1885077196555622,46.89223041895757,0.20461234591108382,90.25231871619971,6.666666666666667,42,priority_no_reserve
59,2.0022499226936707,41.54876264405458,0.22282200982512962,90.25231871619971,6.652777777777778,53,priority_no_reserve
60,21.698181880197165,289.3084702555552,0.6932343934594254,90.25231871619971,6.388888888888889,43,priority_no_reserve
61,2.0432844449400807,46.09867590205621,0.2348540903542646,90.25231871619971,6.666666666666667,43,priority_no_reserve
62,2.2532717467419996,47.247028146275774,0.18845040198088897,90.25231871619971,6.708333333333333,49,priority_no_reserve
63,5.499245513099885,75.34023575293696,0.1547231878895005,90.25231871619971,6.347222222222222,46,priority_no_reserve
64,2.071921539724517,45.23664280286794,0.20346883290476844,90.25231871619971,6.430555555555555,50,priority_no_reserve
65,5.54094751762641,75.12159341099915,0.1403426451182743,90.25231871619971,6.472222222222222,43,priority_no_reserve
66,22.69018755090142,303.9567980078266,0.7564253639942067,90.25231871619971,6.472222222222222,39,priority_no_reserve
67,19.900243049757698,231.57047382963728,0.42319430027975846,90.25231871619971,6.805555555555555,47,priority_no_reserve
68,1.718893215805244,38.59175395550625,0.1787806716321575,90.25231871619971,6.361111111111111,44,priority_no_reserve
69,1.8887227315740254,42.184229817940576,0.1905118008397642,90.25231871619971,6.652777777777778,47,priority_no_reserve
70,1.841309242581501,33.62237106970113,0.01999835277062524,90.25231871619971,6.819444444444445,43,priority_no_reserve
71,2.195905553636607,47.30359249396778,0.23107940661515125,90.25231871619971,6.888888888888889,43,priority_no_reserve
72,18.948553562532233,200.95297046623193,0.053061693425101794,90.25231871619971,6.541666666666667,44,priority_no_reserve
73,1.9028972383198632,41.27698790082548,0.16392715711573497,90.25231871619971,6.597222222222222,40,priority_no_reserve
74,23.477007184248368,310.7355975341273,0.7404655483615035,90.25231871619971,6.333333333333333,43,priority_no_reserve
75,1.2794924396657295,24.792292678967158,0.05363522592950018,90.25231871619971,7.180555555555555,47,priority_no_reserve
76,2.003199651898085,40.711666358103486,0.1908844580498989,90.25231871619971,6.263888888888889,39,priority_no_reserve
77,19.818738025380036,229.94478600475935,0.40373488878562874,90.25231871619971,6.958333333333333,48,priority_no_reserve
78,5.378378497690194,73.0257861234952,0.11937694376903062,90.25231871619971,6.513888888888889,50,priority_no_reserve
79,20.268272168204255,244.61714040022105,0.5490834697898401,90.25231871619971,6.958333333333333,45,priority_no_reserve
80,5.52438850792549,76.93628245253383,0.1460373494277059,90.25231871619971,6.75,45,priority_no_reserve
81,20.31850982408033,245.84905522411952,0.5910268838413265,90.25231871619971,6.611111111111111,45,priority_no_reserve
82,22.69830238719878,303.8406072027124,0.7521458458099581,90.25231871619971,6.402777777777778,42,priority_no_reserve
83,19.818738025380036,229.99991935582625,0.38896681571646663,90.25231871619971,6.5,41,priority_no_reserve
84,19.95698982976746,249.15275721385285,0.638834874560738,90.25231871619971,6.236111111111111,44,priority_no_reserve
85,1.5309897516154933,35.71784767026822,0.206290452067649,90.25231871619971,6.638888888888889,42,priority_no_reserve
86,2.1352753819861476,45.27084012598835,0.2291075591661655,90.25231871619971,6.791666666666667,50,priority_no_reserve
87,1.5399933094637244,27.614740306676055,0.04510819781527359,90.25231871619971,6.944444444444445,47,priority_no_reserve
88,1.979240148038837,41.86670293854038,0.19858780559643274,90.25231871619971,6.263888888888889,44,priority_no_reserve
89,5.562297309544723,74.29164038783222,0.1398288785759451,90.25231871619971,6.625,46,priority_no_reserve
90,2.0226523689058995,42.00761388565319,0.19084635193467112,90.25231871619971,6.569444444444445,48,priority_no_reserve
91,5.5572735643648254,76.35115231566387,0.17014129461035576,90.25231871619971,6.486111111111111,45,priority_no_reserve
92,20.268272168204255,244.82574240458882,0.5907497389548078,90.25231871619971,6.638888888888889,42,priority_no_reserve
93,5.843625034706171,78.05510016764762,0.1230994036923979,90.25231871619971,6.472222222222222,44,priority_no_reserve
94,1.8903040873049366,39.762755533277016,0.16278929775614354,90.25231871619971,6.861111111111111,49,priority_no_reserve
95,21.24864773737295,274.4404461640883,0.4763826815336082,90.25231871619971,6.777777777777778,43,priority_no_reserve
96,2.0740793454703645,42.79178786115773,0.2318828728467155,90.25231871619971,6.541666666666667,47,priority_no_reserve
97,5.603607902898319,77.575378203229,0.19989201852643945,90.25231871619971,6.375,42,priority_no_reserve
98,1.9787285464021442,42.680738147093884,0.18039132440543174,90.25231871619971,6.583333333333333,42,priority_no_reserve
99,2.050596752942594,43.250101163379426,0.23686475852858868,90.25231871619971,6.805555555555555,45,priority_no_reserve
100,6.047739265383409,85.11480767821573,0.13851981103215466,90.25231871619971,6.763888888888889,50,priority_no_reserve
101,2.0848164519643646,44.30280412582472,0.21697671192416107,90.25231871619971,6.277777777777778,43,priority_no_reserve
102,5.4913436546420185,76.197460088091,0.1654369326530854,90.25231871619971,7.097222222222222,48,priority_no_reserve
103,2.0275423522335076,41.92140222330604,0.2071138812053224,90.25231871619971,6.597222222222222,48,priority_no_reserve
104,1.8983340528188102,42.19491601328205,0.19022942330165776,90.25231871619971,6.680555555555555,43,priority_no_reserve
105,1.3819937681462804,26.700330381852794,0.03562314639978204,90.25231871619971,6.819444444444445,46,priority_no_reserve
106,2.2519453629362225,47.423713807315124,0.18498238180369267,90.25231871619971,6.888888888888889,55,priority_no_reserve
107,21.68607812781839,290.5092650927129,0.7045112478889233,90.25231871619971,6.694444444444445,48,priority_no_reserve
108,21.69818188019717,289.70369133194083,0.6883763103506889,90.25231871619971,6.680555555555555,42,priority_no_reserve
109,1.8724463703392267,40.40706836486781,0.21545838284148888,90.25231871619971,6.708333333333333,46,priority_no_reserve
110,2.005339793452809,44.06470205494632,0.20995087379297087,90.25231871619971,6.861111111111111,45,priority_no_reserve
111,1.6287719728266405,37.2471156872769,0.21353815751250088,90.25231871619971,6.625,50,priority_no_reserve
112,22.773820546950727,307.4413270260122,0.7828930652720778,90.25231871619971,6.652777777777778,43,priority_no_reserve
113,1.8080727462458897,40.15164017708061,0.19136504648702704,90.25231871619971,6.944444444444445,51,priority_no_reserve
114,1.6749498216220693,38.48032647437896,0.19039031189097963,90.25231871619971,6.819444444444445,45,priority_no_reserve
115,23.094892505942767,311.24584821160073,0.7575609871795759,90.25231871619971,7.027777777777778,50,priority_no_reserve
116,22.823035852342073,307.38375557871626,0.783490596155364,90.25231871619971,6.763888888888889,46,priority_no_reserve
117,5.655530964523935,78.18047409780739,0.1574725009464683,90.25231871619971,6.638888888888889,43,priority_no_reserve
118,21.69818188019717,290.3180401043257,0.7036763752772925,90.25231871619971,6.902777777777778,43,priority_no_reserve
119,1.799842938044871,38.114765790208985,0.19259279465415235,90.25231871619971,6.513888888888889,39,priority_no_reserve
120,1.8513017733659387,38.911735135201695,0.18230167884357287,90.25231871619971,6.152777777777778,43,priority_no_reserve
121,22.739445795516083,305.1428025938576,0.7528580004080772,90.25231871619971,6.75,50,priority_no_reserve
122,5.961187213096292,82.63211417241855,0.15613571335418192,90.25231871619971,7.361111111111111,46,priority_no_reserve
123,19.818738025380036,230.09489397406134,0.423302001691146,90.25231871619971,6.402777777777778,43,priority_no_reserve
124,2.0774410066147597,43.20818315225333,0.2217044793756483,90.25231871619971,6.875,50,priority_no_reserve
125,1.8040455808657407,38.85835188954228,0.17145655753034228,90.25231871619971,6.930555555555555,46,priority_no_reserve
126,5.313760786297746,72.37180032122762,0.1230994036923979,90.25231871619971,6.458333333333333,47,priority_no_reserve
127,21.24864773737295,273.8813652998804,0.4780331194052819,90.25231871619971,6.222222222222222,42,priority_no_reserve
128,1.7625067210005287,40.03090163521724,0.2152529865326477,90.25231871619971,6.527777777777778,45,priority_no_reserve
129,1.4132961020468897,27.61830731253297,0.01462027046135821,90.25231871619971,6.527777777777778,44,priority_no_reserve
130,21.24864773737295,273.2785506112571,0.44177225833301986,90.25231871619971,7.0,45,priority_no_reserve
131,1.4818260194930037,30.259144272148276,0.05915031116458111,90.25231871619971,6.569444444444445,44,priority_no_reserve
132,21.24864773737295,274.0708200230845,0.4884671660175245,90.25231871619971,6.402777777777778,42,priority_no_reserve
133,22.804247423977486,308.88120332621423,0.7876735713253642,90.25231871619971,6.5,42,priority_no_reserve
134,1.6687972106759323,32.36915726854123,0.06474509134917947,90.25231871619971,6.902777777777778,45,priority_no_reserve
135,20.268272168204255,243.69358761917547,0.6037277863277739,90.25231871619971,6.027777777777778,43,priority_no_reserve
136,5.750633761078983,80.12607384010923,0.1459243076531827,90.25231871619971,6.847222222222222,50,priority_no_reserve
137,21.68607812781839,289.099741910937,0.6879089064766737,90.25231871619971,6.875,44,priority_no_reserve
138,2.0173910926324963,46.80912955597238,0.2564638532908513,90.25231871619971,7.25,45,priority_no_reserve
139,2.2782892215268475,47.0795616106783,0.21702248607006897,90.25231871619971,6.583333333333333,43,priority_no_reserve
140,1.917297731768581,43.75463892732255,0.24025273034812664,90.25231871619971,6.805555555555555,48,priority_no_reserve
141,6.023094929932539,81.9055480142445,0.1308256954385309,90.25231871619971,7.083333333333333,44,priority_no_reserve
142,5.354756918788154,75.45928624111244,0.17530787180129542,90.25231871619971,6.555555555555555,41,priority_no_reserve
143,19.818738025380036,228.23064205057443,0.4009280290234484,90.25231871619971,6.902777777777778,45,priority_no_reserve
144,5.242944681861004,72.68518217611191,0.18553361398451948,90.25231871619971,6.444444444444445,40,priority_no_reserve
145,2.202520628001081,46.2450157949929,0.19956539226839623,90.25231871619971,6.722222222222222,45,priority_no_reserve
146,21.68607812781839,289.68341948905714,0.7143626377100107,90.25231871619971,6.833333333333333,43,priority_no_reserve
147,1.7772825363876208,38.43228164320761,0.16719603500281305,90.25231871619971,6.458333333333333,49,priority_no_reserve
148,2.168592341916535,46.71408155484998,0.2480704533611312,90.25231871619971,6.819444444444445,51,priority_no_reserve
149,23.089875537869382,309.18284366501877,0.7486990722480737,90.25231871619971,6.736111111111111,47,priority_no_reserve
150,21.24864773737295,271.4896185584874,0.44959334859323036,90.25231871619971,6.055555555555555,44,priority_no_reserve
151,20.268272168204255,245.4547778852355,0.5692388269432754,90.25231871619971,6.833333333333333,45,priority_no_reserve
152,5.6967368358617945,76.39327876348086,0.13131589083554882,90.25231871619971,6.986111111111111,42,priority_no_reserve
153,2.011660529532437,42.332943439104234,0.20256475549835365,90.25231871619971,6.458333333333333,42,priority_no_reserve
154,1.9629700683059452,40.92885912312057,0.1911592017993746,90.25231871619971,6.638888888888889,44,priority_no_reserve
155,5.163405291034993,69.4305267370543,0.1395398077622293,90.25231871619971,6.291666666666667,46,priority_no_reserve
156,20.268272168204255,243.8569494903384,0.5564474423511718,90.25231871619971,6.833333333333333,47,priority_no_reserve
157,22.962228902693305,306.18278527687994,0.7480440374998325,90.25231871619971,6.444444444444445,43,priority_no_reserve
158,5.523087752450224,73.72690488037189,0.128091056092729,90.25231871619971,6.638888888888889,46,priority_no_reserve
159,1.8917248673156024,42.18454102932645,0.20665017439280836,90.25231871619971,6.319444444444445,39,priority_no_reserve
160,5.2660124587326775,72.45813285388658,0.1353509927179432,90.25231871619971,6.527777777777778,43,priority_no_reserve
161,1.8294371556800775,39.40726602045906,0.18160092342098827,90.25231871619971,6.916666666666667,44,priority_no_reserve
162,20.256422053375946,243.69488679443094,0.561794735323343,90.25231871619971,6.833333333333333,46,priority_no_reserve
163,2.1246432989932504,42.830642108466066,0.21104732204309756,90.25231871619971,6.569444444444445,46,priority_no_reserve
164,2.0492628923531884,43.26068470838229,0.21761690438173203,90.25231871619971,6.708333333333333,45,priority_no_reserve
165,2.1288699234733253,44.73639383917777,0.2105005310825945,90.25231871619971,6.694444444444445,45,priority_no_reserve
166,1.498576590473449,27.54580726255693,0.0,90.25231871619971,6.5,43,priority_no_reserve
167,5.448333987158336,77.01528965627178,0.16175844214518853,90.25231871619971,6.736111111111111,45,priority_no_reserve
168,1.4665070289982396,29.376246729399647,0.041383636903954905,90.25231871619971,6.638888888888889,40,priority_no_reserve
169,1.289511705932346,25.730933773660407,0.0675294647498716,90.25231871619971,6.944444444444445,46,priority_no_reserve
170,19.818738025380036,231.57113315033308,0.4125952470672585,90.25231871619971,6.541666666666667,48,priority_no_reserve
171,20.119581594862986,248.36512243142562,0.48750848907024363,90.25231871619971,6.277777777777778,43,priority_no_reserve
172,19.818738025380036,228.22582989413212,0.3953833508630058,90.25231871619971,6.152777777777778,42,priority_no_reserve
173,21.686331765368855,290.62541736249335,0.7046250525860387,90.25231871619971,6.777777777777778,47,priority_no_reserve
174,22.828707994594783,305.6367878218369,0.760628412354702,90.25231871619971,6.763888888888889,45,priority_no_reserve
175,2.383893792443876,49.55153234526307,0.25649973347395993,90.25231871619971,6.402777777777778,43,priority_no_reserve
176,20.256168415825478,242.12624945789693,0.5454879005451062,90.25231871619971,6.722222222222222,43,priority_no_reserve
177,1.9400685084255547,41.15265529160202,0.209429919563472,90.25231871619971,6.819444444444445,47,priority_no_reserve
178,23.229003800273105,311.7654658789532,0.773292148420637,90.25231871619971,6.375,44,priority_no_reserve
179,19.818738025380036,230.58165602814302,0.4131716253967286,90.25231871619971,6.527777777777778,47,priority_no_reserve
180,1.9231387188156033,41.94680684020382,0.2082452813425191,90.25231871619971,6.375,41,priority_no_reserve
181,1.8933724354199686,43.42327755414178,0.22491672570055984,90.25231871619971,7.0,44,priority_no_reserve
182,5.575867114009686,78.5079503592992,0.18656839953023022,90.25231871619971,6.791666666666667,45,priority_no_reserve
183,23.078177121298513,312.51465612148326,0.7989858527057592,90.25231871619971,6.486111111111111,43,priority_no_reserve
184,5.23771872914105,72.38154215330887,0.14341007029340044,90.25231871619971,6.625,44,priority_no_reserve
185,1.9432484170086912,41.96280393185814,0.22477178930668182,90.25231871619971,6.638888888888889,46,priority_no_reserve
186,5.48578229461559,77.53923120039259,0.18691450459192005,90.25231871619971,6.333333333333333,42,priority_no_reserve
187,24.140299920706294,346.0464072126308,1.2583879054999079,90.25231871619971,6.972222222222222,48,priority_no_reserve
188,19.818738025380036,234.08109493073087,0.4541873824992365,90.25231871619971,6.805555555555555,45,priority_no_reserve
189,19.818738025380036,229.2183501079351,0.39266175276760873,90.25231871619971,6.430555555555555,47,priority_no_reserve
190,1.8676604794147238,41.05070298463723,0.20130831434105034,90.25231871619971,6.638888888888889,41,priority_no_reserve
191,2.0955141494848384,46.70370543806362,0.23625044576393076,90.25231871619971,6.555555555555555,45,priority_no_reserve
192,1.072838235302459,19.182981415545363,0.024512410056650193,90.25231871619971,6.666666666666667,47,priority_no_reserve
193,20.268272168204255,240.98077882502915,0.545693795695797,90.25231871619971,6.5,45,priority_no_reserve
194,2.134569697774155,45.73333655704808,0.23794241327340476,90.25231871619971,6.763888888888889,49,priority_no_reserve
195,22.735962445182167,303.4275647687711,0.7529021206085691,90.25231871619971,6.611111111111111,42,priority_no_reserve
196,19.818738025380036,231.32559448284024,0.42627372585504125,90.25231871619971,6.694444444444445,45,priority_no_reserve
197,1.8395625260979185,40.88143089927377,0.25188139189446473,90.25231871619971,6.75,44,priority_no_reserve
198,5.281688919394115,75.23806767835435,0.1930659950571703,90.25231871619971,6.75,47,priority_no_reserve
199,5.077231212437842,67.98334195803454,0.11937694376903062,90.25231871619971,6.444444444444445,44,priority_no_reserve
200,2.175630838586529,44.55033436144299,0.19022942330165776,90.25231871619971,6.694444444444445,45,priority_no_reserve
201,20.256422053375946,245.04833370689082,0.5369796833720987,90.25231871619971,6.625,44,priority_no_reserve
202,5.3016025406524,71.6542850042331,0.12324720630020176,90.25231871619971,6.833333333333333,46,priority_no_reserve
203,2.28865719912336,47.534432462920705,0.21718482004605547,90.25231871619971,6.833333333333333,44,priority_no_reserve
204,20.256168415825478,243.4742247115202,0.5650031005797087,90.25231871619971,6.652777777777778,48,priority_no_reserve
205,2.109604731921801,40.575418006024115,0.17145655753034228,90.25231871619971,6.833333333333333,39,priority_no_reserve
206,2.4170327529653317,47.82692197420359,0.2246789285771773,90.25231871619971,6.902777777777778,44,priority_no_reserve
207,5.852960416490881,79.6043563471478,0.15029965490034564,90.25231871619971,7.069444444444445,51,priority_no_reserve
208,1.8465305016526554,39.393836273869695,0.1713388988572685,90.25231871619971,6.652777777777778,49,priority_no_reserve
209,20.268272168204255,243.25135548182337,0.5717605711428211,90.25231871619971,6.722222222222222,43,priority_no_reserve
210,2.579514461681035,49.96125444678063,0.21912425390675674,90.25231871619971,6.847222222222222,43,priority_no_reserve
211,1.6443464274067496,39.20495339899711,0.21166917868613766,90.25231871619971,6.527777777777778,47,priority_no_reserve
212,1.9685493134511358,43.351455771790256,0.20756926399573272,90.25231871619971,6.652777777777778,46,priority_no_reserve
213,1.396887794550635,27.905540795272465,0.06685687785685422,90.25231871619971,6.347222222222222,44,priority_no_reserve
214,1.6511013434787247,36.65766337131656,0.21428738861229682,90.25231871619971,6.736111111111111,48,priority_no_reserve
215,2.2655891489492292,46.34026375508679,0.20211505441721409,90.25231871619971,7.041666666666667,45,priority_no_reserve
216,19.818738025380036,230.064029896837,0.39695147389889496,90.25231871619971,6.555555555555555,48,priority_no_reserve
217,2.065843377491204,42.25699293270263,0.19022942330165776,90.25231871619971,6.375,43,priority_no_reserve
218,20.198049809556778,248.1109173595682,0.4637575833092485,90.25231871619971,6.569444444444445,41,priority_no_reserve
219,1.918600912296661,40.842594488540065,0.19192811272066668,90.25231871619971,6.611111111111111,46,priority_no_reserve
220,22.646269658098657,302.0529549658115,0.7610819943909914,90.25231871619971,6.5,43,priority_no_reserve
221,1.8599839785983223,39.634715292409375,0.16678006571386372,90.25231871619971,6.680555555555555,42,priority_no_reserve
222,5.968565606037887,83.83918012270615,0.2044569127274285,90.25231871619971,6.541666666666667,45,priority_no_reserve
223,1.7619292232911579,40.02278355693612,0.24460224103654699,90.25231871619971,6.777777777777778,49,priority_no_reserve
224,19.818738025380036,231.37867184998902,0.42829622170802906,90.25231871619971,6.930555555555555,43,priority_no_reserve
225,5.623446939362207,76.65957378841188,0.15567118922260176,90.25231871619971,6.777777777777778,49,priority_no_reserve
226,19.818738025380036,229.8776651466995,0.3954020691991333,90.25231871619971,6.527777777777778,43,priority_no_reserve
227,5.74527885204609,78.42351009108833,0.16591900620066477,90.25231871619971,6.694444444444445,41,priority_no_reserve
228,22.658937744337443,303.30066173094986,0.7708839025165299,90.25231871619971,6.736111111111111,44,priority_no_reserve
229,21.698181880197165,289.8285778422176,0.713702392571888,90.25231871619971,6.430555555555555,45,priority_no_reserve
230,1.907921903096935,42.592366792795126,0.21023910839098153,90.25231871619971,6.791666666666667,47,priority_no_reserve
231,21.67422801299008,289.2258042267939,0.6974380449606455,90.25231871619971,6.361111111111111,42,priority_no_reserve
232,20.256422053375946,245.83284750660656,0.5806597659142004,90.25231871619971,6.75,43,priority_no_reserve
233,1.6812086663685735,37.2836833953191,0.19043087601360967,90.25231871619971,6.277777777777778,40,priority_no_reserve
234,23.15853722658042,310.91600058502354,0.7747541650477012,90.25231871619971,6.777777777777778,50,priority_no_reserve
235,1.8043223400361326,38.68948478417215,0.1846413421952755,90.25231871619971,6.666666666666667,46,priority_no_reserve
236,5.311843350439818,71.50851633873117,0.128091056092729,90.25231871619971,6.319444444444445,47,priority_no_reserve
237,19.818738025380036,230.5477820404459,0.39664401873887783,90.25231871619971,6.75,46,priority_no_reserve
238,5.12039401291498,69.93863269154772,0.15402346164854414,90.25231871619971,6.708333333333333,44,priority_no_reserve
239,1.1268106338653119,20.477431803486706,0.012103786417741414,90.25231871619971,6.472222222222222,44,priority_no_reserve
240,2.0471235523293383,41.22376239098449,0.1787806716321575,90.25231871619971,6.638888888888889,44,priority_no_reserve
241,2.045292685114126,42.819671960300866,0.20233320971939917,90.25231871619971,6.680555555555555,45,priority_no_reserve
242,19.818738025380036,230.87826966273397,0.4030320581775094,90.25231871619971,6.611111111111111,44,priority_no_reserve
243,1.8078568782913123,39.66515948349718,0.18017066985404068,90.25231871619971,6.583333333333333,42,priority_no_reserve
244,19.818738025380036,231.09094266197187,0.4184115826101371,90.25231871619971,6.486111111111111,44,priority_no_reserve
245,5.50060765540333,73.95529308004285,0.12775827026340475,90.25231871619971,6.583333333333333,48,priority_no_reserve
246,1.4084327067332265,25.736982117152785,0.011489194065807732,90.25231871619971,6.388888888888889,46,priority_no_reserve
247,1.7917534796194823,40.46214363084598,0.19437625054133237,90.25231871619971,6.847222222222222,44,priority_no_reserve
248,21.69818188019717,289.10963674703873,0.6930329407474736,90.25231871619971,6.694444444444445,48,priority_no_reserve
249,22.73564560116646,310.19099256738525,0.8849291243478511,90.25231871619971,6.597222222222222,47,priority_no_reserve
250,23.071174595292703,310.57234193924626,0.7723087098031569,90.25231871619971,6.819444444444445,46,priority_no_reserve
251,5.638461447072052,76.65277606063854,0.14978537012886828,90.25231871619971,6.944444444444445,49,priority_no_reserve
252,1.7105251711508838,36.1301871772003,0.1840409323852118,90.25231871619971,6.375,40,priority_no_reserve
253,5.379468437020947,73.88918081037178,0.1874358510871678,90.25231871619971,6.694444444444445,42,priority_no_reserve
254,19.95834957397758,251.9264592043312,0.6818108432702585,90.25231871619971,6.486111111111111,48,priority_no_reserve
255,1.7719686036240347,40.13774193478555,0.21977175674471894,90.25231871619971,6.694444444444445,42,priority_no_reserve
