timestamp,L0,L1,L10,L11,L12,L13,L14,L2,L3,L4,L5,L6,L7,L8,L9
2024-09-01 00:00:00,0.7500538471711563,0.6997489445825232,0.8304653624833789,0.85,0.6088051193528389,0.6495654525222684,0.85,0.7318461943074546,0.7102527605401086,0.7278107528443406,0.6948848879906268,0.701411527083282,0.6952851563783232,0.6431367319373607,0.7371463833904589
2024-09-01 01:00:00,0.7465412386121231,0.7032019578670771,0.8207754920582067,0.85,0.6131255602042068,0.6476456434219713,0.85,0.7276584472692804,0.7059045410938876,0.7244210282694451,0.6933434877064685,0.7033223687030258,0.692402300286337,0.6416073120983864,0.7356266325046078
2024-09-01 02:00:00,0.7386892432396579,0.7025120578544938,0.8081354048895288,0.85,0.6127040663774875,0.642340321474022,0.85,0.7202818278680412,0.69870211125063,0.7181122880245374,0.6892391937383225,0.7011491364066704,0.686782627598403,0.6371098387761553,0.7303783638099475
2024-09-01 03:00:00,0.7298744994799468,0.6999012111157613,0.7955099842806508,0.8429735243926362,0.6097107798400196,0.63577800509153,0.85,0.7119279133328758,0.690707580091156,0.7107655897100329,0.6833452845027371,0.6969672991808052,0.6799761068851052,0.6313823972807341,0.7235271677804385
2024-09-01 04:00:00,0.7212551723762773,0.6953854880639085,0.48415746932485254,0.835730978213692,0.6057560362020926,0.6300120848826944,0.85,0.7051020107152423,0.6846386572399207,0.7044824537165002,0.6770788316861638,0.6924462492902966,0.6744975038316144,0.6264733146386894,0.7166018383558788
2024-09-01 05:00:00,0.7150335428099499,0.6903117485084265,0.4415561997354413,0.8306880298215368,0.6027281013510943,0.6268651912824285,0.8459024262652469,0.7018767201748363,0.6824075330526602,0.701519839122293,0.6724242060116664,0.6891773803255283,0.6720712882205288,0.6239563181464544,0.7119344948328351
2024-09-01 06:00:00,0.711019312424648,0.6844931808552068,0.4379514494428616,0.5793252103532756,0.6005982746233754,0.6263417919477564,0.8422135564542775,0.7023541088983307,0.6841174215587293,0.7020121905052953,0.6693807751083177,0.6871508570707762,0.6729403695455034,0.6238706673204534,0.7096744984073603
2024-09-01 07:00:00,0.5858157224900896,0.6778987987745232,0.43923033648326737,0.48991802880162455,0.5985997614685648,0.6278108161442945,0.8411331336411845,0.705885244513255,0.6890159278869447,0.7056497614058578,0.6676041958511881,0.6855611478243285,0.6764505622075453,0.6255229919687643,0.7096586775178134
2024-09-01 08:00:00,0.49663827665168214,0.49930225629801567,0.42955798433468834,0.48294633850472746,0.5908028936076608,0.622718925513797,0.6189914260173099,0.702490187185417,0.6873836000037308,0.7031448247745017,0.6614372985694504,0.6777482451172591,0.6754965861724155,0.6216104322997383,0.7029040336202378
2024-09-01 09:00:00,0.34390530800382346,0.4070589744081467,0.42871298226977855,0.47976378543648474,0.5823888450776181,0.618143586967315,0.5493022051048618,0.700435974401159,0.6868742280558513,0.7049391783768616,0.6656356482846756,0.6659494631401562,0.6750623409845374,0.617477401014711,0.529751128358106
2024-09-01 10:00:00,0.33265183861787234,0.2886602074141966,0.43307322735321474,0.47767831824817675,0.538083197265074,0.5930672016780232,0.4771843744016775,0.4255416473701574,0.6189464921303697,0.661110241839065,0.5600489764374207,0.30026114236916396,0.6109973968933134,0.5456066655562949,0.3043615673206469
2024-09-01 11:00:00,0.3544592673856854,0.29801836173644897,0.4394067887497347,0.49387345870068194,0.5503348023322259,0.39168644525900226,0.48421709333932444,0.31494142795070823,0.6345180279894098,0.6740121559513902,0.39401820722435754,0.21987240191391808,0.6244613415688077,0.5571012915838719,0.32143147249814186
2024-09-01 12:00:00,0.36568564538843434,0.30263024495591734,0.43295326012045204,0.5011304619958288,0.5626196544185786,0.3623260671652008,0.48369473280472747,0.3289237654808574,0.646864709149539,0.6847460856405969,0.3988480296115357,0.23000862777964023,0.4154822928282577,0.31385569160633986,0.33496669698062953
2024-09-01 13:00:00,0.3669111453038363,0.3023353703390577,0.4200312245504592,0.4997963339710411,0.5680646653532587,0.29001527435452956,0.4787957494069942,0.3356668557124774,0.43030183849668197,0.6893246663451961,0.3976375014264483,0.23455070393016988,0.3031929799176885,0.23084948299222485,0.3406943353012093
2024-09-01 14:00:00,0.3653633119568364,0.3005714626030323,0.40950809597081844,0.49462594560190615,0.3070939648867392,0.29217880607209873,0.47555234488064924,0.33829749436118933,0.3097342233930613,0.690409168854118,0.3957531400404636,0.23483710129152538,0.30462443012093215,0.2308208282349052,0.34198863861367473
2024-09-01 15:00:00,0.35709092068474074,0.2938732475121677,0.40020507189385557,0.4842954191140321,0.2131951997030919,0.2865781693057727,0.47007268602218766,0.332977665374117,0.3038194078286276,0.6858780219320769,0.3894425071767231,0.2282015261209006,0.29949765473352313,0.22395592841840073,0.33555858749702683
2024-09-01 16:00:00,0.3457263724347917,0.28489606450761273,0.39124281513457276,0.4698824219402749,0.20069685965204476,0.2769112006459085,0.463743551135735,0.32349538992841403,0.29553308702223813,0.5393989026123441,0.3810924157762627,0.21762698769369967,0.29034041610192324,0.2134611716221066,0.32478027443359786
2024-09-01 17:00:00,0.3351424997601791,0.27615767201981917,0.383505814657112,0.45311905963720056,0.18649307828396575,0.26652347344794197,0.45844023880848395,0.313259900911491,0.2879950357884162,0.46711853946249665,0.37329959224313985,0.205516220229318,0.2791963632443528,0.201939181312818,0.31266184302905087
2024-09-01 18:00:00,0.323433921167785,0.2663196984725077,0.3736920399730707,0.43395086391411636,0.17167530030748807,0.25517689444729585,0.4509061282697744,0.3018504336506597,0.28020600813617763,0.32074460939434385,0.36386269491994966,0.19201970709216531,0.2666029944116702,0.189584266683765,0.2989071742113814
2024-09-01 19:00:00,0.3115526993011158,0.25571546937641937,0.3623653849707095,0.413499448115855,0.15669574535012304,0.2435517804535653,0.4411689400433149,0.28991053623346724,0.2724309642476566,0.31141892112561453,0.3531622950759538,0.17759461354937908,0.25318172829836916,0.17693380950367588,0.28415012756273195
2024-09-01 20:00:00,0.29427250005895716,0.2422760216187309,0.34384852026844115,0.3918063672740567,0.14523493094908063,0.2315342620294879,0.42466302552348695,0.27691594477972187,0.2629482693166075,0.3029857710944005,0.33719372718805035,0.16380815758466105,0.24221381785672216,0.1655988414699772,0.26829295556141924
2024-09-01 21:00:00,0.2781030930029521,0.22870273276223363,0.32645366820313004,0.3691928157762712,0.13205098266523574,0.21894348335517633,0.40731725898812904,0.26316964027705975,0.253177694184061,0.29376686769338656,0.3208166199767054,0.14825250438503249,0.2294995352062239,0.1532745313358166,0.2511189108469653
2024-09-01 22:00:00,0.2618726173064238,0.2146000359330619,0.30834467506720875,0.3464327689636118,0.119795075820277,0.2069034545000284,0.38783650146362336,0.2501286985116642,0.24410959591084505,0.2855017088480092,0.3029354352667754,0.13313497645610273,0.21783817632022848,0.14230754138174753,0.23406690408835695
2024-09-01 23:00:00,0.2608690260248593,0.21441983442439827,0.2890320470005232,0.33080289143869246,0.16132860328538584,0.22208086037862695,0.37648242848053626,0.3015127800501714,0.3142329281674816,0.33988241399955715,0.23521980574239634,0.2159740338144018,0.2687764198895965,0.21091811348014483,0.26716746472675706
