timestamp,load_bus,priority_level,priority_weight,demand,shed,served
2024-09-01 00:00:00,1,1,1.0,0.14942468333024456,0.0,0.14942468333024456
2024-09-01 00:00:00,3,1,1.0,0.14942468333024456,0.0,0.14942468333024456
2024-09-01 00:00:00,4,1,1.0,0.14942468333024456,0.0916618826318259,0.05776280069841866
2024-09-01 00:00:00,5,1,1.0,0.14942468333024456,0.0,0.14942468333024456
2024-09-01 00:00:00,6,2,0.5,0.09508843484651926,0.11410612181582311,-0.01901768696930385
2024-09-01 00:00:00,7,2,0.5,0.09508843484651926,0.11410612181582311,-0.01901768696930385
2024-09-01 00:00:00,8,2,0.5,0.09508843484651926,0.11410612181582311,-0.01901768696930385
2024-09-01 00:00:00,9,2,0.5,0.09508843484651926,0.11410612181582311,-0.01901768696930385
2024-09-01 00:00:00,10,3,0.2,0.06792031060465661,0.08150437272558793,-0.013584062120931314
2024-09-01 00:00:00,11,3,0.2,0.06792031060465661,0.08150437272558793,-0.013584062120931314
2024-09-01 00:00:00,12,3,0.2,0.06792031060465661,0.08150437272558793,-0.013584062120931314
2024-09-01 00:00:00,13,3,0.2,0.06792031060465661,0.08150437272558793,-0.013584062120931314
2024-09-01 00:00:00,14,3,0.2,0.06792031060465661,0.08150437272558793,-0.013584062120931314
2024-09-01 01:00:00,1,1,1.0,0.14093984639253834,0.0,0.14093984639253834
2024-09-01 01:00:00,3,1,1.0,0.14093984639253834,0.0,0.14093984639253834
2024-09-01 01:00:00,4,1,1.0,0.14093984639253834,0.0,0.14093984639253834
2024-09-01 01:00:00,5,1,1.0,0.14093984639253834,0.0,0.14093984639253834
2024-09-01 01:00:00,6,2,0.5,0.08968899315888804,0.10762679179066564,-0.017937798631777607
2024-09-01 01:00:00,7,2,0.5,0.08968899315888804,0.08369809995947408,0.005990893199413955
2024-09-01 01:00:00,8,2,0.5,0.08968899315888804,0.10762679179066564,-0.017937798631777607
2024-09-01 01:00:00,9,2,0.5,0.08968899315888804,0.10762679179066564,-0.017937798631777607
2024-09-01 01:00:00,10,3,0.2,0.06406356654206288,0.07687627985047546,-0.012812713308412577
2024-09-01 01:00:00,11,3,0.2,0.06406356654206288,0.07687627985047546,-0.012812713308412577
2024-09-01 01:00:00,12,3,0.2,0.06406356654206288,0.07687627985047546,-0.012812713308412577
2024-09-01 01:00:00,13,3,0.2,0.06406356654206288,0.07687627985047546,-0.012812713308412577
2024-09-01 01:00:00,14,3,0.2,0.06406356654206288,0.07687627985047546,-0.012812713308412577
2024-09-01 02:00:00,1,1,1.0,0.13273551120544272,0.0,0.13273551120544272
2024-09-01 02:00:00,3,1,1.0,0.13273551120544272,0.0,0.13273551120544272
2024-09-01 02:00:00,4,1,1.0,0.13273551120544272,0.0,0.13273551120544272
2024-09-01 02:00:00,5,1,1.0,0.13273551120544272,0.0,0.13273551120544272
2024-09-01 02:00:00,6,2,0.5,0.08446805258528174,0.10136166310233809,-0.016893610517056346
2024-09-01 02:00:00,7,2,0.5,0.08446805258528174,0.10136166310233809,-0.016893610517056346
2024-09-01 02:00:00,8,2,0.5,0.08446805258528174,0.018217691923197776,0.06625036066208397
2024-09-01 02:00:00,9,2,0.5,0.08446805258528174,0.0,0.08446805258528174
2024-09-01 02:00:00,10,3,0.2,0.06033432327520124,0.07240118793024149,-0.012066864655040248
2024-09-01 02:00:00,11,3,0.2,0.06033432327520124,0.07240118793024149,-0.012066864655040248
2024-09-01 02:00:00,12,3,0.2,0.06033432327520124,0.07240118793024149,-0.012066864655040248
2024-09-01 02:00:00,13,3,0.2,0.06033432327520124,0.07240118793024149,-0.012066864655040248
2024-09-01 02:00:00,14,3,0.2,0.06033432327520124,0.07240118793024149,-0.012066864655040248
2024-09-01 03:00:00,1,1,1.0,0.12592484676310228,0.0,0.12592484676310228
2024-09-01 03:00:00,3,1,1.0,0.12592484676310228,0.0,0.12592484676310228
2024-09-01 03:00:00,4,1,1.0,0.12592484676310228,0.0,0.12592484676310228
2024-09-01 03:00:00,5,1,1.0,0.12592484676310228,0.0,0.12592484676310228
2024-09-01 03:00:00,6,2,0.5,0.08013399339470145,0.02239084762647353,0.05774314576822792
2024-09-01 03:00:00,7,2,0.5,0.08013399339470145,0.09616079207364174,-0.016026798678940288
2024-09-01 03:00:00,8,2,0.5,0.08013399339470145,0.09616079207364174,-0.016026798678940288
2024-09-01 03:00:00,9,2,0.5,0.08013399339470145,0.0,0.08013399339470145
2024-09-01 03:00:00,10,3,0.2,0.05723856671050103,0.06868628005260123,-0.0114477133421002
2024-09-01 03:00:00,11,3,0.2,0.05723856671050103,0.06868628005260123,-0.0114477133421002
2024-09-01 03:00:00,12,3,0.2,0.05723856671050103,0.06868628005260123,-0.0114477133421002
2024-09-01 03:00:00,13,3,0.2,0.05723856671050103,0.06868628005260123,-0.0114477133421002
2024-09-01 03:00:00,14,3,0.2,0.05723856671050103,0.06868628005260123,-0.0114477133421002
2024-09-01 04:00:00,1,1,1.0,0.12086092965135033,0.0,0.12086092965135033
2024-09-01 04:00:00,3,1,1.0,0.12086092965135033,0.0,0.12086092965135033
2024-09-01 04:00:00,4,1,1.0,0.12086092965135033,0.0,0.12086092965135033
2024-09-01 04:00:00,5,1,1.0,0.12086092965135033,0.0,0.12086092965135033
2024-09-01 04:00:00,6,2,0.5,0.07691150068722294,0.046606405961767405,0.030305094725455534
2024-09-01 04:00:00,7,2,0.5,0.07691150068722294,0.09229380082466752,-0.015382300137444585
2024-09-01 04:00:00,8,2,0.5,0.07691150068722294,0.0,0.07691150068722294
2024-09-01 04:00:00,9,2,0.5,0.07691150068722294,0.09229380082466752,-0.015382300137444585
2024-09-01 04:00:00,10,3,0.2,0.05493678620515924,0.06592414344619109,-0.01098735724103185
2024-09-01 04:00:00,11,3,0.2,0.05493678620515924,0.06592414344619109,-0.01098735724103185
2024-09-01 04:00:00,12,3,0.2,0.05493678620515924,0.06592414344619109,-0.01098735724103185
2024-09-01 04:00:00,13,3,0.2,0.05493678620515924,0.06592414344619109,-0.01098735724103185
2024-09-01 04:00:00,14,3,0.2,0.05493678620515924,0.06592414344619109,-0.01098735724103185
2024-09-01 05:00:00,1,1,1.0,0.11730308416625795,0.0,0.11730308416625795
2024-09-01 05:00:00,3,1,1.0,0.11730308416625795,0.0,0.11730308416625795
2024-09-01 05:00:00,4,1,1.0,0.11730308416625795,0.0,0.11730308416625795
2024-09-01 05:00:00,5,1,1.0,0.11730308416625795,0.0,0.11730308416625795
2024-09-01 05:00:00,6,2,0.5,0.07464741719670961,0.08957690063605153,-0.014929483439341917
2024-09-01 05:00:00,7,2,0.5,0.07464741719670961,0.08957690063605153,-0.014929483439341917
2024-09-01 05:00:00,8,2,0.5,0.07464741719670961,0.0036878683728219647,0.07095954882388765
2024-09-01 05:00:00,9,2,0.5,0.07464741719670961,0.0,0.07464741719670961
2024-09-01 05:00:00,10,3,0.2,0.05331958371193544,0.06398350045432252,-0.010663916742387085
2024-09-01 05:00:00,11,3,0.2,0.05331958371193544,0.06398350045432252,-0.010663916742387085
2024-09-01 05:00:00,12,3,0.2,0.05331958371193544,0.06398350045432252,-0.010663916742387085
2024-09-01 05:00:00,13,3,0.2,0.05331958371193544,0.06398350045432252,-0.010663916742387085
2024-09-01 05:00:00,14,3,0.2,0.05331958371193544,0.06398350045432252,-0.010663916742387085
2024-09-01 06:00:00,1,1,1.0,0.1183778267871359,0.0,0.1183778267871359
2024-09-01 06:00:00,3,1,1.0,0.1183778267871359,0.0,0.1183778267871359
2024-09-01 06:00:00,4,1,1.0,0.1183778267871359,0.0,0.1183778267871359
2024-09-01 06:00:00,5,1,1.0,0.1183778267871359,0.0,0.1183778267871359
2024-09-01 06:00:00,6,2,0.5,0.07533134431908649,0.0,0.07533134431908649
2024-09-01 06:00:00,7,2,0.5,0.07533134431908649,0.055745649754893996,0.019585694564192492
2024-09-01 06:00:00,8,2,0.5,0.07533134431908649,0.0,0.07533134431908649
2024-09-01 06:00:00,9,2,0.5,0.07533134431908649,0.09039761318290378,-0.01506626886381729
2024-09-01 06:00:00,10,3,0.2,0.05380810308506177,0.06456972370207413,-0.010761620617012357
2024-09-01 06:00:00,11,3,0.2,0.05380810308506177,0.06456972370207413,-0.010761620617012357
2024-09-01 06:00:00,12,3,0.2,0.05380810308506177,0.06456972370207413,-0.010761620617012357
2024-09-01 06:00:00,13,3,0.2,0.05380810308506177,0.06456972370207413,-0.010761620617012357
2024-09-01 06:00:00,14,3,0.2,0.05380810308506177,0.06456972370207413,-0.010761620617012357
2024-09-01 07:00:00,1,1,1.0,0.12529642769883706,0.0,0.12529642769883706
2024-09-01 07:00:00,3,1,1.0,0.12529642769883706,0.0,0.12529642769883706
2024-09-01 07:00:00,4,1,1.0,0.12529642769883706,0.0,0.12529642769883706
2024-09-01 07:00:00,5,1,1.0,0.12529642769883706,0.0,0.12529642769883706
2024-09-01 07:00:00,6,2,0.5,0.07973409035380541,0.09568090842456649,-0.01594681807076108
2024-09-01 07:00:00,7,2,0.5,0.07973409035380541,0.0,0.07973409035380541
2024-09-01 07:00:00,8,2,0.5,0.07973409035380541,0.09568090842456649,-0.01594681807076108
2024-09-01 07:00:00,9,2,0.5,0.07973409035380541,0.06223502422112286,0.017499066132682546
2024-09-01 07:00:00,10,3,0.2,0.05695292168128958,0.06834350601754749,-0.011390584336257913
2024-09-01 07:00:00,11,3,0.2,0.05695292168128958,0.06834350601754749,-0.011390584336257913
2024-09-01 07:00:00,12,3,0.2,0.05695292168128958,0.06834350601754749,-0.011390584336257913
2024-09-01 07:00:00,13,3,0.2,0.05695292168128958,0.06834350601754749,-0.011390584336257913
2024-09-01 07:00:00,14,3,0.2,0.05695292168128958,0.06834350601754749,-0.011390584336257913
2024-09-01 08:00:00,1,1,1.0,0.12363808016499918,0.0,0.12363808016499918
2024-09-01 08:00:00,3,1,1.0,0.12363808016499918,0.0,0.12363808016499918
2024-09-01 08:00:00,4,1,1.0,0.12363808016499918,0.0,0.12363808016499918
2024-09-01 08:00:00,5,1,1.0,0.12363808016499918,0.0,0.12363808016499918
2024-09-01 08:00:00,6,2,0.5,0.07867877828681766,0.0,0.07867877828681766
2024-09-01 08:00:00,7,2,0.5,0.07867877828681766,0.06056254290264516,0.0181162353841725
2024-09-01 08:00:00,8,2,0.5,0.07867877828681766,0.0,0.07867877828681766
2024-09-01 08:00:00,9,2,0.5,0.07867877828681766,0.09441453394418119,-0.01573575565736353
2024-09-01 08:00:00,10,3,0.2,0.0561991273477269,0.06743895281727227,-0.011239825469545377
2024-09-01 08:00:00,11,3,0.2,0.0561991273477269,0.06743895281727227,-0.011239825469545377
2024-09-01 08:00:00,12,3,0.2,0.0561991273477269,0.06743895281727227,-0.011239825469545377
2024-09-01 08:00:00,13,3,0.2,0.0561991273477269,0.06743895281727227,-0.011239825469545377
2024-09-01 08:00:00,14,3,0.2,0.0561991273477269,0.06743895281727227,-0.011239825469545377
2024-09-01 09:00:00,1,1,1.0,0.12996743968214253,0.0,0.12996743968214253
2024-09-01 09:00:00,3,1,1.0,0.12996743968214253,0.0,0.12996743968214253
2024-09-01 09:00:00,4,1,1.0,0.12996743968214253,0.0,0.12996743968214253
2024-09-01 09:00:00,5,1,1.0,0.12996743968214253,0.0,0.12996743968214253
2024-09-01 09:00:00,6,2,0.5,0.08270655252499978,0.09924786302999973,-0.016541310504999948
2024-09-01 09:00:00,7,2,0.5,0.08270655252499978,0.09924786302999973,-0.016541310504999948
2024-09-01 09:00:00,8,2,0.5,0.08270655252499978,0.07400706768295952,0.008699484842040264
2024-09-01 09:00:00,9,2,0.5,0.08270655252499978,0.09924786302999973,-0.016541310504999948
2024-09-01 09:00:00,10,3,0.2,0.05907610894642842,0.0708913307357141,-0.011815221789285686
2024-09-01 09:00:00,11,3,0.2,0.05907610894642842,0.0708913307357141,-0.011815221789285686
2024-09-01 09:00:00,12,3,0.2,0.05907610894642842,0.0708913307357141,-0.011815221789285686
2024-09-01 09:00:00,13,3,0.2,0.05907610894642842,0.0708913307357141,-0.011815221789285686
2024-09-01 09:00:00,14,3,0.2,0.05907610894642842,0.0708913307357141,-0.011815221789285686
2024-09-01 10:00:00,1,1,1.0,0.13805130962255535,0.0,0.13805130962255535
2024-09-01 10:00:00,3,1,1.0,0.13805130962255535,0.0,0.13805130962255535
2024-09-01 10:00:00,4,1,1.0,0.13805130962255535,0.011856308017154107,0.12619500160540126
2024-09-01 10:00:00,5,1,1.0,0.13805130962255535,0.0,0.13805130962255535
2024-09-01 10:00:00,6,2,0.5,0.08785083339617158,0.1054210000754059,-0.01757016667923432
2024-09-01 10:00:00,7,2,0.5,0.08785083339617158,0.1054210000754059,-0.01757016667923432
2024-09-01 10:00:00,8,2,0.5,0.08785083339617158,0.1054210000754059,-0.01757016667923432
2024-09-01 10:00:00,9,2,0.5,0.08785083339617158,0.1054210000754059,-0.01757016667923432
2024-09-01 10:00:00,10,3,0.2,0.0627505952829797,0.07530071433957564,-0.012550119056595935
2024-09-01 10:00:00,11,3,0.2,0.0627505952829797,0.07530071433957564,-0.012550119056595935
2024-09-01 10:00:00,12,3,0.2,0.0627505952829797,0.07530071433957564,-0.012550119056595935
2024-09-01 10:00:00,13,3,0.2,0.0627505952829797,0.07530071433957564,-0.012550119056595935
2024-09-01 10:00:00,14,3,0.2,0.0627505952829797,0.07530071433957564,-0.012550119056595935
2024-09-01 11:00:00,1,1,1.0,0.14407839047101137,0.0,0.14407839047101137
2024-09-01 11:00:00,3,1,1.0,0.14407839047101137,0.0,0.14407839047101137
2024-09-01 11:00:00,4,1,1.0,0.14407839047101137,0.07734786094991421,0.06673052952109716
2024-09-01 11:00:00,5,1,1.0,0.14407839047101137,0.0,0.14407839047101137
2024-09-01 11:00:00,6,2,0.5,0.09168624848155268,0.11002349817786322,-0.018337249696310537
2024-09-01 11:00:00,7,2,0.5,0.09168624848155268,0.11002349817786322,-0.018337249696310537
2024-09-01 11:00:00,8,2,0.5,0.09168624848155268,0.11002349817786322,-0.018337249696310537
2024-09-01 11:00:00,9,2,0.5,0.09168624848155268,0.11002349817786322,-0.018337249696310537
2024-09-01 11:00:00,10,3,0.2,0.06549017748682336,0.07858821298418803,-0.013098035497364671
2024-09-01 11:00:00,11,3,0.2,0.06549017748682336,0.07858821298418803,-0.013098035497364671
2024-09-01 11:00:00,12,3,0.2,0.06549017748682336,0.07858821298418803,-0.013098035497364671
2024-09-01 11:00:00,13,3,0.2,0.06549017748682336,0.07858821298418803,-0.013098035497364671
2024-09-01 11:00:00,14,3,0.2,0.06549017748682336,0.07858821298418803,-0.013098035497364671
2024-09-01 12:00:00,1,1,1.0,0.14179645633270602,0.0,0.14179645633270602
2024-09-01 12:00:00,3,1,1.0,0.14179645633270602,0.0,0.14179645633270602
2024-09-01 12:00:00,4,1,1.0,0.14179645633270602,0.09881489451651705,0.042981561816188965
2024-09-01 12:00:00,5,1,1.0,0.14179645633270602,0.0,0.14179645633270602
2024-09-01 12:00:00,6,2,0.5,0.09023410857535838,0.10828093029043005,-0.018046821715071673
2024-09-01 12:00:00,7,2,0.5,0.09023410857535838,0.10828093029043005,-0.018046821715071673
2024-09-01 12:00:00,8,2,0.5,0.09023410857535838,0.10828093029043005,-0.018046821715071673
2024-09-01 12:00:00,9,2,0.5,0.09023410857535838,0.10828093029043005,-0.018046821715071673
2024-09-01 12:00:00,10,3,0.2,0.06445293469668456,0.07734352163602147,-0.01289058693933691
2024-09-01 12:00:00,11,3,0.2,0.06445293469668456,0.07734352163602147,-0.01289058693933691
2024-09-01 12:00:00,12,3,0.2,0.06445293469668456,0.07734352163602147,-0.01289058693933691
2024-09-01 12:00:00,13,3,0.2,0.06445293469668456,0.07734352163602147,-0.01289058693933691
2024-09-01 12:00:00,14,3,0.2,0.06445293469668456,0.07734352163602147,-0.01289058693933691
2024-09-01 13:00:00,1,1,1.0,0.1375771246430447,0.0,0.1375771246430447
2024-09-01 13:00:00,3,1,1.0,0.1375771246430447,0.0,0.1375771246430447
2024-09-01 13:00:00,4,1,1.0,0.1375771246430447,0.11040987448205375,0.027167250160990947
2024-09-01 13:00:00,5,1,1.0,0.1375771246430447,0.0,0.1375771246430447
2024-09-01 13:00:00,6,2,0.5,0.08754907931830117,0.10505889518196139,-0.017509815863660225
2024-09-01 13:00:00,7,2,0.5,0.08754907931830117,0.10505889518196139,-0.017509815863660225
2024-09-01 13:00:00,8,2,0.5,0.08754907931830117,0.10505889518196139,-0.017509815863660225
2024-09-01 13:00:00,9,2,0.5,0.08754907931830117,0.10505889518196139,-0.017509815863660225
2024-09-01 13:00:00,10,3,0.2,0.0625350566559294,0.07504206798711528,-0.012507011331185883
2024-09-01 13:00:00,11,3,0.2,0.0625350566559294,0.07504206798711528,-0.012507011331185883
2024-09-01 13:00:00,12,3,0.2,0.0625350566559294,0.07504206798711528,-0.012507011331185883
2024-09-01 13:00:00,13,3,0.2,0.0625350566559294,0.07504206798711528,-0.012507011331185883
2024-09-01 13:00:00,14,3,0.2,0.0625350566559294,0.07504206798711528,-0.012507011331185883
2024-09-01 14:00:00,1,1,1.0,0.13836879241878947,0.0,0.13836879241878947
2024-09-01 14:00:00,3,1,1.0,0.13836879241878947,0.0,0.13836879241878947
2024-09-01 14:00:00,4,1,1.0,0.13836879241878947,0.0,0.13836879241878947
2024-09-01 14:00:00,5,1,1.0,0.13836879241878947,0.13416136678360296,0.004207425635186501
2024-09-01 14:00:00,6,2,0.5,0.08805286790286602,0.10566344148343923,-0.017610573580573205
2024-09-01 14:00:00,7,2,0.5,0.08805286790286602,0.10566344148343923,-0.017610573580573205
2024-09-01 14:00:00,8,2,0.5,0.08805286790286602,0.10566344148343923,-0.017610573580573205
2024-09-01 14:00:00,9,2,0.5,0.08805286790286602,0.10566344148343923,-0.017610573580573205
2024-09-01 14:00:00,10,3,0.2,0.0628949056449043,0.07547388677388515,-0.012578981128980857
2024-09-01 14:00:00,11,3,0.2,0.0628949056449043,0.07547388677388515,-0.012578981128980857
2024-09-01 14:00:00,12,3,0.2,0.0628949056449043,0.07547388677388515,-0.012578981128980857
2024-09-01 14:00:00,13,3,0.2,0.0628949056449043,0.07547388677388515,-0.012578981128980857
2024-09-01 14:00:00,14,3,0.2,0.0628949056449043,0.07547388677388515,-0.012578981128980857
2024-09-01 15:00:00,1,1,1.0,0.1398428452200633,0.0,0.1398428452200633
2024-09-01 15:00:00,3,1,1.0,0.1398428452200633,0.0,0.1398428452200633
2024-09-01 15:00:00,4,1,1.0,0.1398428452200633,0.1592543316820142,-0.0194114864619509
2024-09-01 15:00:00,5,1,1.0,0.1398428452200633,0.0,0.1398428452200633
2024-09-01 15:00:00,6,2,0.5,0.08899090150367664,0.10678908180441196,-0.017798180300735322
2024-09-01 15:00:00,7,2,0.5,0.08899090150367664,0.10678908180441196,-0.017798180300735322
2024-09-01 15:00:00,8,2,0.5,0.08899090150367664,0.10678908180441196,-0.017798180300735322
2024-09-01 15:00:00,9,2,0.5,0.08899090150367664,0.10678908180441196,-0.017798180300735322
2024-09-01 15:00:00,10,3,0.2,0.06356492964548331,0.07627791557457997,-0.012712985929096657
2024-09-01 15:00:00,11,3,0.2,0.06356492964548331,0.07627791557457997,-0.012712985929096657
2024-09-01 15:00:00,12,3,0.2,0.06356492964548331,0.07627791557457997,-0.012712985929096657
2024-09-01 15:00:00,13,3,0.2,0.06356492964548331,0.07627791557457997,-0.012712985929096657
2024-09-01 15:00:00,14,3,0.2,0.06356492964548331,0.07627791557457997,-0.012712985929096657
2024-09-01 16:00:00,1,1,1.0,0.1424188136255354,0.1709025763506425,-0.02848376272510708
2024-09-01 16:00:00,3,1,1.0,0.1424188136255354,0.01405576329030822,0.12836305033522719
2024-09-01 16:00:00,4,1,1.0,0.1424188136255354,0.0,0.1424188136255354
2024-09-01 16:00:00,5,1,1.0,0.1424188136255354,0.0,0.1424188136255354
2024-09-01 16:00:00,6,2,0.5,0.09063015412534071,0.10875618495040885,-0.01812603082506814
2024-09-01 16:00:00,7,2,0.5,0.09063015412534071,0.10875618495040885,-0.01812603082506814
2024-09-01 16:00:00,8,2,0.5,0.09063015412534071,0.10875618495040885,-0.01812603082506814
2024-09-01 16:00:00,9,2,0.5,0.09063015412534071,0.10875618495040885,-0.01812603082506814
2024-09-01 16:00:00,10,3,0.2,0.06473582437524338,0.07768298925029204,-0.01294716487504867
2024-09-01 16:00:00,11,3,0.2,0.06473582437524338,0.07768298925029204,-0.01294716487504867
2024-09-01 16:00:00,12,3,0.2,0.06473582437524338,0.07768298925029204,-0.01294716487504867
2024-09-01 16:00:00,13,3,0.2,0.06473582437524338,0.07768298925029204,-0.01294716487504867
2024-09-01 16:00:00,14,3,0.2,0.06473582437524338,0.07768298925029204,-0.01294716487504867
2024-09-01 17:00:00,1,1,1.0,0.14979799111934214,0.03505367031431916,0.11474432080502298
2024-09-01 17:00:00,3,1,1.0,0.14979799111934214,0.0,0.14979799111934214
2024-09-01 17:00:00,4,1,1.0,0.14979799111934214,0.0,0.14979799111934214
2024-09-01 17:00:00,5,1,1.0,0.14979799111934214,0.17975758934321057,-0.029959598223868428
2024-09-01 17:00:00,6,2,0.5,0.09532599434867227,0.11439119321840671,-0.019065198869734443
2024-09-01 17:00:00,7,2,0.5,0.09532599434867227,0.11439119321840671,-0.019065198869734443
2024-09-01 17:00:00,8,2,0.5,0.09532599434867227,0.11439119321840671,-0.019065198869734443
2024-09-01 17:00:00,9,2,0.5,0.09532599434867227,0.11439119321840671,-0.019065198869734443
2024-09-01 17:00:00,10,3,0.2,0.06808999596333734,0.08170799515600481,-0.013617999192667471
2024-09-01 17:00:00,11,3,0.2,0.06808999596333734,0.08170799515600481,-0.013617999192667471
2024-09-01 17:00:00,12,3,0.2,0.06808999596333734,0.08170799515600481,-0.013617999192667471
2024-09-01 17:00:00,13,3,0.2,0.06808999596333734,0.08170799515600481,-0.013617999192667471
2024-09-01 17:00:00,14,3,0.2,0.06808999596333734,0.08170799515600481,-0.013617999192667471
2024-09-01 18:00:00,1,1,1.0,0.157119200669784,0.0,0.157119200669784
2024-09-01 18:00:00,3,1,1.0,0.157119200669784,0.0,0.157119200669784
2024-09-01 18:00:00,4,1,1.0,0.157119200669784,0.1885430408037408,-0.0314238401339568
2024-09-01 18:00:00,5,1,1.0,0.157119200669784,0.054855083045179706,0.10226411762460429
2024-09-01 18:00:00,6,2,0.5,0.09998494588077163,0.11998193505692595,-0.01999698917615432
2024-09-01 18:00:00,7,2,0.5,0.09998494588077163,0.11998193505692595,-0.01999698917615432
2024-09-01 18:00:00,8,2,0.5,0.09998494588077163,0.11998193505692595,-0.01999698917615432
2024-09-01 18:00:00,9,2,0.5,0.09998494588077163,0.11998193505692595,-0.01999698917615432
2024-09-01 18:00:00,10,3,0.2,0.07141781848626545,0.08570138218351854,-0.014283563697253088
2024-09-01 18:00:00,11,3,0.2,0.07141781848626545,0.08570138218351854,-0.014283563697253088
2024-09-01 18:00:00,12,3,0.2,0.07141781848626545,0.08570138218351854,-0.014283563697253088
2024-09-01 18:00:00,13,3,0.2,0.07141781848626545,0.08570138218351854,-0.014283563697253088
2024-09-01 18:00:00,14,3,0.2,0.07141781848626545,0.08570138218351854,-0.014283563697253088
2024-09-01 19:00:00,1,1,1.0,0.16421676621630307,0.0,0.16421676621630307
2024-09-01 19:00:00,3,1,1.0,0.16421676621630307,0.0037605428100278004,0.16045622340627527
2024-09-01 19:00:00,4,1,1.0,0.16421676621630307,0.0,0.16421676621630307
2024-09-01 19:00:00,5,1,1.0,0.16421676621630307,0.19706011945956367,-0.0328433532432606
2024-09-01 19:00:00,6,2,0.5,0.10450157850128376,0.12540189420154052,-0.020900315700256758
2024-09-01 19:00:00,7,2,0.5,0.10450157850128376,0.12540189420154052,-0.020900315700256758
2024-09-01 19:00:00,8,2,0.5,0.10450157850128376,0.12540189420154052,-0.020900315700256758
2024-09-01 19:00:00,9,2,0.5,0.10450157850128376,0.12540189420154052,-0.020900315700256758
2024-09-01 19:00:00,10,3,0.2,0.07464398464377411,0.08957278157252893,-0.014928796928754817
2024-09-01 19:00:00,11,3,0.2,0.07464398464377411,0.08957278157252893,-0.014928796928754817
2024-09-01 19:00:00,12,3,0.2,0.07464398464377411,0.08957278157252893,-0.014928796928754817
2024-09-01 19:00:00,13,3,0.2,0.07464398464377411,0.08957278157252893,-0.014928796928754817
2024-09-01 19:00:00,14,3,0.2,0.07464398464377411,0.08957278157252893,-0.014928796928754817
2024-09-01 20:00:00,1,1,1.0,0.15929771769211304,0.02466388397783348,0.13463383371427956
2024-09-01 20:00:00,3,1,1.0,0.15929771769211304,0.0,0.15929771769211304
2024-09-01 20:00:00,4,1,1.0,0.15929771769211304,0.19115726123053564,-0.0318595435384226
2024-09-01 20:00:00,5,1,1.0,0.15929771769211304,0.0,0.15929771769211304
2024-09-01 20:00:00,6,2,0.5,0.10137127489498102,0.12164552987397721,-0.020274254978996195
2024-09-01 20:00:00,7,2,0.5,0.10137127489498102,0.12164552987397721,-0.020274254978996195
2024-09-01 20:00:00,8,2,0.5,0.10137127489498102,0.12164552987397721,-0.020274254978996195
2024-09-01 20:00:00,9,2,0.5,0.10137127489498102,0.12164552987397721,-0.020274254978996195
2024-09-01 20:00:00,10,3,0.2,0.07240805349641502,0.08688966419569802,-0.014481610699282998
2024-09-01 20:00:00,11,3,0.2,0.07240805349641502,0.08688966419569802,-0.014481610699282998
2024-09-01 20:00:00,12,3,0.2,0.07240805349641502,0.08688966419569802,-0.014481610699282998
2024-09-01 20:00:00,13,3,0.2,0.07240805349641502,0.08688966419569802,-0.014481610699282998
2024-09-01 20:00:00,14,3,0.2,0.07240805349641502,0.08688966419569802,-0.014481610699282998
2024-09-01 21:00:00,1,1,1.0,0.15514117967336322,0.0,0.15514117967336322
2024-09-01 21:00:00,3,1,1.0,0.15514117967336322,0.13264603295167987,0.022495146721683346
2024-09-01 21:00:00,4,1,1.0,0.15514117967336322,0.0,0.15514117967336322
2024-09-01 21:00:00,5,1,1.0,0.15514117967336322,0.0,0.15514117967336322
2024-09-01 21:00:00,6,2,0.5,0.09872620524668567,0.1184714462960228,-0.01974524104933713
2024-09-01 21:00:00,7,2,0.5,0.09872620524668567,0.1184714462960228,-0.01974524104933713
2024-09-01 21:00:00,8,2,0.5,0.09872620524668567,0.1184714462960228,-0.01974524104933713
2024-09-01 21:00:00,9,2,0.5,0.09872620524668567,0.1184714462960228,-0.01974524104933713
2024-09-01 21:00:00,10,3,0.2,0.0705187180333469,0.08462246164001629,-0.014103743606669383
2024-09-01 21:00:00,11,3,0.2,0.0705187180333469,0.08462246164001629,-0.014103743606669383
2024-09-01 21:00:00,12,3,0.2,0.0705187180333469,0.08462246164001629,-0.014103743606669383
2024-09-01 21:00:00,13,3,0.2,0.0705187180333469,0.08462246164001629,-0.014103743606669383
2024-09-01 21:00:00,14,3,0.2,0.0705187180333469,0.08462246164001629,-0.014103743606669383
2024-09-01 22:00:00,1,1,1.0,0.1503611244400536,0.10570704397121133,0.044654080468842255
2024-09-01 22:00:00,3,1,1.0,0.1503611244400536,0.0,0.1503611244400536
2024-09-01 22:00:00,4,1,1.0,0.1503611244400536,0.0,0.1503611244400536
2024-09-01 22:00:00,5,1,1.0,0.1503611244400536,0.0,0.1503611244400536
2024-09-01 22:00:00,6,2,0.5,0.09568435191639774,0.11482122229967728,-0.019136870383279547
2024-09-01 22:00:00,7,2,0.5,0.09568435191639774,0.11482122229967728,-0.019136870383279547
2024-09-01 22:00:00,8,2,0.5,0.09568435191639774,0.11482122229967728,-0.019136870383279547
2024-09-01 22:00:00,9,2,0.5,0.09568435191639774,0.11482122229967728,-0.019136870383279547
2024-09-01 22:00:00,10,3,0.2,0.06834596565456981,0.08201515878548377,-0.013669193130913956
2024-09-01 22:00:00,11,3,0.2,0.06834596565456981,0.08201515878548377,-0.013669193130913956
2024-09-01 22:00:00,12,3,0.2,0.06834596565456981,0.08201515878548377,-0.013669193130913956
2024-09-01 22:00:00,13,3,0.2,0.06834596565456981,0.08201515878548377,-0.013669193130913956
2024-09-01 22:00:00,14,3,0.2,0.06834596565456981,0.08201515878548377,-0.013669193130913956
2024-09-01 23:00:00,1,1,1.0,0.140047801113879,0.0,0.140047801113879
2024-09-01 23:00:00,3,1,1.0,0.140047801113879,0.0,0.140047801113879
2024-09-01 23:00:00,4,1,1.0,0.140047801113879,0.0,0.140047801113879
2024-09-01 23:00:00,5,1,1.0,0.140047801113879,0.0,0.140047801113879
2024-09-01 23:00:00,6,2,0.5,0.08912132798155936,0.10694559357787123,-0.017824265596311867
2024-09-01 23:00:00,7,2,0.5,0.08912132798155936,0.10383127503402323,-0.014709947052463868
2024-09-01 23:00:00,8,2,0.5,0.08912132798155936,0.10694559357787123,-0.017824265596311867
2024-09-01 23:00:00,9,2,0.5,0.08912132798155936,0.10694559357787123,-0.017824265596311867
2024-09-01 23:00:00,10,3,0.2,0.06365809141539953,0.07638970969847944,-0.012731618283079907
2024-09-01 23:00:00,11,3,0.2,0.06365809141539953,0.07638970969847944,-0.012731618283079907
2024-09-01 23:00:00,12,3,0.2,0.06365809141539953,0.07638970969847944,-0.012731618283079907
2024-09-01 23:00:00,13,3,0.2,0.06365809141539953,0.07638970969847944,-0.012731618283079907
2024-09-01 23:00:00,14,3,0.2,0.06365809141539953,0.07638970969847944,-0.012731618283079907
