timestamp,unit_id,bus,u,p_selected,reserve,startup,shutdown
2024-09-01 00:00:00,EG0,68,-0.0,-0.0,0.0,0.0,1.0
2024-09-01 00:00:00,G0,0,0.03626773554458042,0.8372759471612767,0.31205441770074227,0.0,0.9637322644554196
2024-09-01 00:00:00,G1,3,-0.0,-0.0,0.0,0.0,1.0
2024-09-01 00:00:00,G2,5,-0.0,-0.0,0.0,0.0,1.0
2024-09-01 00:00:00,G3,7,-0.0,-0.0,0.0,0.0,1.0
2024-09-01 00:00:00,G4,9,-0.0,-0.0,0.0,0.0,1.0
2024-09-01 00:00:00,G5,11,-0.0,-0.0,0.0,0.0,1.0
2024-09-01 00:00:00,G6,14,-0.0,-0.0,0.0,0.0,1.0
2024-09-01 00:00:00,G7,17,-0.0,-0.0,0.0,0.0,1.0
2024-09-01 00:00:00,G8,18,-0.0,-0.0,0.0,0.0,1.0
2024-09-01 00:00:00,G9,23,-0.0,-0.0,0.0,0.0,1.0
2024-09-01 00:00:00,G10,24,-0.0,-0.0,0.0,0.0,1.0
2024-09-01 00:00:00,G11,25,-0.0,-0.0,0.0,0.0,1.0
2024-09-01 00:00:00,G12,26,-0.0,-0.0,0.0,0.0,1.0
2024-09-01 00:00:00,G13,30,-0.0,-0.0,0.0,0.0,1.0
2024-09-01 00:00:00,G14,31,-0.0,-0.0,0.0,0.0,1.0
2024-09-01 00:00:00,G15,33,-0.0,-0.0,0.0,0.0,1.0
2024-09-01 00:00:00,G16,35,-0.0,-0.0,0.0,0.0,1.0
2024-09-01 00:00:00,G17,39,-0.0,-0.0,0.0,0.0,1.0
2024-09-01 00:00:00,G18,41,-0.0,-0.0,0.0,0.0,1.0
2024-09-01 00:00:00,G19,45,-0.0,-0.0,0.0,0.0,1.0
2024-09-01 00:00:00,G20,48,-0.0,-0.0,0.0,0.0,1.0
2024-09-01 00:00:00,G21,53,-0.0,-0.0,0.0,0.0,1.0
2024-09-01 00:00:00,G22,54,-0.0,-0.0,0.0,0.0,1.0
2024-09-01 00:00:00,G23,55,-0.0,-0.0,0.0,0.0,1.0
2024-09-01 00:00:00,G24,58,-0.0,-0.0,0.0,0.0,1.0
2024-09-01 00:00:00,G25,60,-0.0,-0.0,0.0,0.0,1.0
2024-09-01 00:00:00,G26,61,-0.0,-0.0,0.0,0.0,1.0
2024-09-01 00:00:00,G27,64,-0.0,-0.0,0.0,0.0,1.0
2024-09-01 00:00:00,G28,65,-0.0,-0.0,0.0,0.0,1.0
2024-09-01 00:00:00,G29,69,-0.0,-0.0,0.0,0.0,1.0
2024-09-01 00:00:00,G30,71,-0.0,-0.0,0.0,0.0,1.0
2024-09-01 00:00:00,G31,72,-0.0,-0.0,0.0,0.0,1.0
2024-09-01 00:00:00,G32,73,-0.0,-0.0,0.0,0.0,1.0
2024-09-01 00:00:00,G33,75,-0.0,-0.0,0.0,0.0,1.0
2024-09-01 00:00:00,G34,76,-0.0,-0.0,0.0,0.0,1.0
2024-09-01 00:00:00,G35,79,-0.0,-0.0,0.0,0.0,1.0
2024-09-01 00:00:00,G36,84,-0.0,-0.0,0.0,0.0,1.0
2024-09-01 00:00:00,G37,86,-0.0,-0.0,0.0,0.0,1.0
2024-09-01 00:00:00,G38,88,-0.0,-0.0,0.0,0.0,1.0
2024-09-01 00:00:00,G39,89,-0.0,-0.0,0.0,0.0,1.0
2024-09-01 00:00:00,G40,90,-0.0,-0.0,0.0,0.0,1.0
2024-09-01 00:00:00,G41,91,-0.0,-0.0,0.0,0.0,1.0
2024-09-01 00:00:00,G42,98,-0.0,-0.0,0.0,0.0,1.0
2024-09-01 00:00:00,G43,99,-0.0,-0.0,0.0,0.0,1.0
2024-09-01 00:00:00,G44,102,-0.0,-0.0,0.0,0.0,1.0
2024-09-01 00:00:00,G45,103,-0.0,-0.0,0.0,0.0,1.0
2024-09-01 00:00:00,G46,104,-0.0,-0.0,0.0,0.0,1.0
2024-09-01 00:00:00,G47,106,-0.0,-0.0,0.0,0.0,1.0
2024-09-01 00:00:00,G48,109,-0.0,-0.0,0.0,0.0,1.0
2024-09-01 00:00:00,G49,110,-0.0,-0.0,0.0,0.0,1.0
2024-09-01 00:00:00,G50,111,-0.0,-0.0,0.0,0.0,1.0
2024-09-01 00:00:00,G51,112,-0.0,-0.0,0.0,0.0,1.0
2024-09-01 00:00:00,G52,115,-0.0,-0.0,0.0,0.0,1.0
2024-09-01 00:00:00,EMG_1,0,1.0,0.0,0.0,0.0,-0.0
2024-09-01 00:00:00,EMG_2,1,1.0,0.0,0.0,0.0,-0.0
2024-09-01 00:00:00,EMG_3,2,1.0,0.0,0.0,0.0,-0.0
2024-09-01 01:00:00,EG0,68,-0.0,-0.0,-0.0,0.0,0.0
2024-09-01 01:00:00,G0,0,0.03626773554458042,0.8281590091583337,0.3094677542439823,0.0,0.0
2024-09-01 01:00:00,G1,3,-0.0,-0.0,0.0,0.0,0.0
2024-09-01 01:00:00,G2,5,-0.0,-0.0,0.0,0.0,0.0
2024-09-01 01:00:00,G3,7,-0.0,-0.0,0.0,0.0,0.0
2024-09-01 01:00:00,G4,9,-0.0,-0.0,0.0,0.0,0.0
2024-09-01 01:00:00,G5,11,-0.0,-0.0,-0.0,0.0,0.0
2024-09-01 01:00:00,G6,14,-0.0,-0.0,0.0,0.0,-0.0
2024-09-01 01:00:00,G7,17,-0.0,-0.0,0.0,0.0,0.0
2024-09-01 01:00:00,G8,18,-0.0,-0.0,0.0,0.0,0.0
2024-09-01 01:00:00,G9,23,-0.0,-0.0,0.0,0.0,0.0
2024-09-01 01:00:00,G10,24,-0.0,-0.0,0.0,0.0,0.0
2024-09-01 01:00:00,G11,25,-0.0,-0.0,0.0,0.0,0.0
2024-09-01 01:00:00,G12,26,-0.0,-0.0,0.0,0.0,0.0
2024-09-01 01:00:00,G13,30,-0.0,-0.0,0.0,0.0,0.0
2024-09-01 01:00:00,G14,31,-0.0,-0.0,0.0,0.0,-0.0
2024-09-01 01:00:00,G15,33,-0.0,-0.0,0.0,0.0,-0.0
2024-09-01 01:00:00,G16,35,-0.0,-0.0,0.0,0.0,-0.0
2024-09-01 01:00:00,G17,39,-0.0,-0.0,0.0,0.0,0.0
2024-09-01 01:00:00,G18,41,-0.0,-0.0,0.0,0.0,0.0
2024-09-01 01:00:00,G19,45,-0.0,-0.0,0.0,0.0,0.0
2024-09-01 01:00:00,G20,48,-0.0,-0.0,0.0,0.0,-0.0
2024-09-01 01:00:00,G21,53,-0.0,-0.0,0.0,0.0,0.0
2024-09-01 01:00:00,G22,54,-0.0,-0.0,0.0,0.0,-0.0
2024-09-01 01:00:00,G23,55,-0.0,-0.0,0.0,0.0,0.0
2024-09-01 01:00:00,G24,58,-0.0,-0.0,0.0,0.0,0.0
2024-09-01 01:00:00,G25,60,-0.0,-0.0,0.0,0.0,0.0
2024-09-01 01:00:00,G26,61,-0.0,-0.0,0.0,0.0,-0.0
2024-09-01 01:00:00,G27,64,-0.0,-0.0,0.0,0.0,0.0
2024-09-01 01:00:00,G28,65,-0.0,-0.0,0.0,0.0,0.0
2024-09-01 01:00:00,G29,69,-0.0,-0.0,0.0,0.0,0.0
2024-09-01 01:00:00,G30,71,-0.0,-0.0,0.0,0.0,0.0
2024-09-01 01:00:00,G31,72,-0.0,-0.0,0.0,0.0,0.0
2024-09-01 01:00:00,G32,73,-0.0,-0.0,0.0,0.0,-0.0
2024-09-01 01:00:00,G33,75,-0.0,-0.0,0.0,0.0,-0.0
2024-09-01 01:00:00,G34,76,-0.0,-0.0,0.0,0.0,0.0
2024-09-01 01:00:00,G35,79,-0.0,-0.0,0.0,0.0,0.0
2024-09-01 01:00:00,G36,84,-0.0,-0.0,-0.0,0.0,-0.0
2024-09-01 01:00:00,G37,86,-0.0,-0.0,-0.0,0.0,0.0
2024-09-01 01:00:00,G38,88,-0.0,-0.0,0.0,0.0,0.0
2024-09-01 01:00:00,G39,89,-0.0,-0.0,0.0,0.0,-0.0
2024-09-01 01:00:00,G40,90,-0.0,-0.0,0.0,0.0,0.0
2024-09-01 01:00:00,G41,91,-0.0,-0.0,0.0,0.0,0.0
2024-09-01 01:00:00,G42,98,-0.0,-0.0,0.0,0.0,0.0
2024-09-01 01:00:00,G43,99,-0.0,-0.0,0.0,0.0,-0.0
2024-09-01 01:00:00,G44,102,-0.0,-0.0,0.0,0.0,0.0
2024-09-01 01:00:00,G45,103,-0.0,-0.0,0.0,0.0,-0.0
2024-09-01 01:00:00,G46,104,-0.0,-0.0,0.0,0.0,0.0
2024-09-01 01:00:00,G47,106,-0.0,-0.0,0.0,0.0,-0.0
2024-09-01 01:00:00,G48,109,-0.0,-0.0,0.0,0.0,-0.0
2024-09-01 01:00:00,G49,110,-0.0,-0.0,0.0,0.0,0.0
2024-09-01 01:00:00,G50,111,-0.0,-0.0,0.0,0.0,0.0
2024-09-01 01:00:00,G51,112,-0.0,-0.0,0.0,0.0,0.0
2024-09-01 01:00:00,G52,115,-0.0,-0.0,0.0,0.0,0.0
2024-09-01 01:00:00,EMG_1,0,1.0,0.0,0.0,0.0,0.0
2024-09-01 01:00:00,EMG_2,1,1.0,0.0,0.0,0.0,0.0
2024-09-01 01:00:00,EMG_3,2,1.0,0.0,0.0,0.0,0.0
2024-09-01 02:00:00,EG0,68,0.0,0.0,-0.0,0.0,0.0
2024-09-01 02:00:00,G0,0,0.03626773554458042,0.5788817438759241,0.3514358970067609,0.0,-0.0
2024-09-01 02:00:00,G1,3,-0.0,-0.0,-0.0,0.0,-0.0
2024-09-01 02:00:00,G2,5,-0.0,-0.0,-0.0,0.0,0.0
2024-09-01 02:00:00,G3,7,-0.0,0.0,-0.0,0.0,0.0
2024-09-01 02:00:00,G4,9,-0.0,-0.0,-0.0,0.0,0.0
2024-09-01 02:00:00,G5,11,-0.0,-0.0,-0.0,0.0,0.0
2024-09-01 02:00:00,G6,14,-0.0,-0.0,-0.0,0.0,0.0
2024-09-01 02:00:00,G7,17,0.0,0.0,-0.0,0.0,0.0
2024-09-01 02:00:00,G8,18,0.0,0.0,-0.0,0.0,0.0
2024-09-01 02:00:00,G9,23,0.0,0.0,0.0,0.0,0.0
2024-09-01 02:00:00,G10,24,-0.0,-0.0,0.0,0.0,0.0
2024-09-01 02:00:00,G11,25,-0.0,0.0,-0.0,0.0,0.0
2024-09-01 02:00:00,G12,26,0.0,0.0,-0.0,0.0,0.0
2024-09-01 02:00:00,G13,30,-0.0,0.0,-0.0,0.0,0.0
2024-09-01 02:00:00,G14,31,0.0,0.0,-0.0,0.0,0.0
2024-09-01 02:00:00,G15,33,0.0,0.0,0.0,0.0,0.0
2024-09-01 02:00:00,G16,35,0.0,0.0,0.0,0.0,0.0
2024-09-01 02:00:00,G17,39,0.0,0.0,0.0,0.0,0.0
2024-09-01 02:00:00,G18,41,0.0,0.0,0.0,0.0,0.0
2024-09-01 02:00:00,G19,45,0.0,0.0,0.0,0.0,0.0
2024-09-01 02:00:00,G20,48,0.0,0.0,0.0,0.0,0.0
2024-09-01 02:00:00,G21,53,0.0,0.0,0.0,0.0,0.0
2024-09-01 02:00:00,G22,54,0.0,0.0,0.0,0.0,0.0
2024-09-01 02:00:00,G23,55,0.0,0.0,0.0,0.0,0.0
2024-09-01 02:00:00,G24,58,-0.0,-0.0,0.0,0.0,0.0
2024-09-01 02:00:00,G25,60,-0.0,-0.0,0.0,0.0,0.0
2024-09-01 02:00:00,G26,61,0.0,0.0,0.0,0.0,0.0
2024-09-01 02:00:00,G27,64,-0.0,-0.0,0.0,0.0,0.0
2024-09-01 02:00:00,G28,65,-0.0,-0.0,0.0,0.0,0.0
2024-09-01 02:00:00,G29,69,0.0,0.0,0.0,0.0,0.0
2024-09-01 02:00:00,G30,71,0.0,0.0,0.0,0.0,0.0
2024-09-01 02:00:00,G31,72,0.0,0.0,0.0,0.0,0.0
2024-09-01 02:00:00,G32,73,0.0,0.0,0.0,0.0,0.0
2024-09-01 02:00:00,G33,75,-0.0,0.0,0.0,0.0,0.0
2024-09-01 02:00:00,G34,76,-0.0,0.0,0.0,0.0,0.0
2024-09-01 02:00:00,G35,79,-0.0,-0.0,0.0,0.0,0.0
2024-09-01 02:00:00,G36,84,0.0,0.0,0.0,0.0,0.0
2024-09-01 02:00:00,G37,86,-0.0,-0.0,0.0,0.0,0.0
2024-09-01 02:00:00,G38,88,-0.0,-0.0,0.0,0.0,0.0
2024-09-01 02:00:00,G39,89,0.0,0.0,0.0,0.0,0.0
2024-09-01 02:00:00,G40,90,0.0,0.0,0.0,0.0,0.0
2024-09-01 02:00:00,G41,91,0.0,0.0,0.0,0.0,0.0
2024-09-01 02:00:00,G42,98,0.0,0.0,0.0,0.0,0.0
2024-09-01 02:00:00,G43,99,-0.0,-0.0,-0.0,0.0,0.0
2024-09-01 02:00:00,G44,102,0.0,0.0,0.0,0.0,0.0
2024-09-01 02:00:00,G45,103,-0.0,-0.0,-0.0,0.0,0.0
2024-09-01 02:00:00,G46,104,-0.0,0.0,0.0,0.0,0.0
2024-09-01 02:00:00,G47,106,0.0,0.0,0.0,0.0,0.0
2024-09-01 02:00:00,G48,109,0.0,0.0,0.0,0.0,0.0
2024-09-01 02:00:00,G49,110,-0.0,-0.0,0.0,0.0,0.0
2024-09-01 02:00:00,G50,111,-0.0,-0.0,0.0,0.0,0.0
2024-09-01 02:00:00,G51,112,-0.0,-0.0,-0.0,0.0,0.0
2024-09-01 02:00:00,G52,115,-0.0,-0.0,0.0,0.0,0.0
2024-09-01 02:00:00,EMG_1,0,1.0,0.0,0.0,0.0,0.0
2024-09-01 02:00:00,EMG_2,1,1.0,0.0,0.0,0.0,0.0
2024-09-01 02:00:00,EMG_3,2,1.0,0.0,0.0,0.0,0.0
2024-09-01 03:00:00,EG0,68,-0.0,-0.0,0.0,0.0,0.0
2024-09-01 03:00:00,G0,0,0.013082423602037905,0.2068525061925518,0.166564229127558,0.0,-0.0
2024-09-01 03:00:00,G1,3,-0.0,-0.0,-0.0,0.0,0.0
2024-09-01 03:00:00,G2,5,-0.0,-0.0,-0.0,0.0,0.0
2024-09-01 03:00:00,G3,7,-0.0,-0.0,0.0,0.0,0.0
2024-09-01 03:00:00,G4,9,-0.0,-0.0,-0.0,0.0,0.0
2024-09-01 03:00:00,G5,11,-0.0,-0.0,0.0,0.0,0.0
2024-09-01 03:00:00,G6,14,-0.0,-0.0,0.0,0.0,0.0
2024-09-01 03:00:00,G7,17,-0.0,-0.0,0.0,0.0,0.0
2024-09-01 03:00:00,G8,18,-0.0,-0.0,-0.0,0.0,0.0
2024-09-01 03:00:00,G9,23,-0.0,-0.0,-0.0,0.0,0.0
2024-09-01 03:00:00,G10,24,-0.0,-0.0,-0.0,0.0,0.0
2024-09-01 03:00:00,G11,25,-0.0,-0.0,-0.0,0.0,0.0
2024-09-01 03:00:00,G12,26,-0.0,-0.0,-0.0,0.0,0.0
2024-09-01 03:00:00,G13,30,-0.0,-0.0,-0.0,0.0,0.0
2024-09-01 03:00:00,G14,31,-0.0,-0.0,-0.0,0.0,0.0
2024-09-01 03:00:00,G15,33,-0.0,-0.0,-0.0,0.0,0.0
2024-09-01 03:00:00,G16,35,-0.0,-0.0,-0.0,0.0,0.0
2024-09-01 03:00:00,G17,39,-0.0,-0.0,-0.0,0.0,0.0
2024-09-01 03:00:00,G18,41,-0.0,-0.0,-0.0,0.0,0.0
2024-09-01 03:00:00,G19,45,-0.0,-0.0,0.0,0.0,0.0
2024-09-01 03:00:00,G20,48,-0.0,-0.0,-0.0,0.0,0.0
2024-09-01 03:00:00,G21,53,-0.0,-0.0,-0.0,0.0,0.0
2024-09-01 03:00:00,G22,54,-0.0,-0.0,-0.0,0.0,0.0
2024-09-01 03:00:00,G23,55,-0.0,-0.0,-0.0,0.0,0.0
2024-09-01 03:00:00,G24,58,-0.0,-0.0,-0.0,0.0,0.0
2024-09-01 03:00:00,G25,60,-0.0,-0.0,-0.0,0.0,0.0
2024-09-01 03:00:00,G26,61,-0.0,-0.0,0.0,0.0,0.0
2024-09-01 03:00:00,G27,64,-0.0,-0.0,-0.0,0.0,0.0
2024-09-01 03:00:00,G28,65,-0.0,-0.0,0.0,0.0,0.0
2024-09-01 03:00:00,G29,69,-0.0,-0.0,-0.0,0.0,0.0
2024-09-01 03:00:00,G30,71,-0.0,-0.0,-0.0,0.0,0.0
2024-09-01 03:00:00,G31,72,-0.0,-0.0,-0.0,0.0,0.0
2024-09-01 03:00:00,G32,73,-0.0,-0.0,0.0,0.0,0.0
2024-09-01 03:00:00,G33,75,-0.0,-0.0,-0.0,0.0,0.0
2024-09-01 03:00:00,G34,76,-0.0,-0.0,-0.0,0.0,0.0
2024-09-01 03:00:00,G35,79,-0.0,-0.0,-0.0,0.0,0.0
2024-09-01 03:00:00,G36,84,-0.0,-0.0,0.0,0.0,0.0
2024-09-01 03:00:00,G37,86,-0.0,-0.0,-0.0,0.0,0.0
2024-09-01 03:00:00,G38,88,-0.0,-0.0,-0.0,0.0,0.0
2024-09-01 03:00:00,G39,89,-0.0,-0.0,-0.0,0.0,0.0
2024-09-01 03:00:00,G40,90,-0.0,-0.0,-0.0,0.0,0.0
2024-09-01 03:00:00,G41,91,-0.0,-0.0,-0.0,0.0,0.0
2024-09-01 03:00:00,G42,98,-0.0,-0.0,-0.0,0.0,0.0
2024-09-01 03:00:00,G43,99,0.002326134300927958,0.08187992739266413,0.0,0.0,0.0
2024-09-01 03:00:00,G44,102,-0.0,-0.0,-0.0,0.0,0.0
2024-09-01 03:00:00,G45,103,-0.0,-0.0,0.0,0.0,0.0
2024-09-01 03:00:00,G46,104,-0.0,-0.0,-0.0,0.0,0.0
2024-09-01 03:00:00,G47,106,-0.0,-0.0,0.0,0.0,0.0
2024-09-01 03:00:00,G48,109,-0.0,-0.0,-0.0,0.0,0.0
2024-09-01 03:00:00,G49,110,-0.0,-0.0,-0.0,0.0,0.0
2024-09-01 03:00:00,G50,111,-0.0,-0.0,-0.0,0.0,0.0
2024-09-01 03:00:00,G51,112,-0.0,-0.0,-0.0,0.0,0.0
2024-09-01 03:00:00,G52,115,-0.0,-0.0,-0.0,0.0,0.0
2024-09-01 03:00:00,EMG_1,0,1.0,0.0,0.0,0.0,0.0
2024-09-01 03:00:00,EMG_2,1,1.0,0.0,0.0,0.0,0.0
2024-09-01 03:00:00,EMG_3,2,1.0,0.0,0.0,0.0,0.0
2024-09-01 04:00:00,EG0,68,-0.0,-0.0,0.0,0.0,0.0
2024-09-01 04:00:00,G0,0,0.0324491513899748,0.6674320644602021,0.23756642590581933,0.0,0.0
2024-09-01 04:00:00,G1,3,-0.0,-0.0,0.0,0.0,0.0
2024-09-01 04:00:00,G2,5,-0.0,-0.0,-0.0,0.0,0.0
2024-09-01 04:00:00,G3,7,-0.0,-0.0,0.0,0.0,0.0
2024-09-01 04:00:00,G4,9,-0.0,-0.0,0.0,0.0,0.0
2024-09-01 04:00:00,G5,11,-0.0,-0.0,0.0,0.0,0.0
2024-09-01 04:00:00,G6,14,-0.0,-0.0,0.0,0.0,0.0
2024-09-01 04:00:00,G7,17,-0.0,-0.0,-0.0,0.0,0.0
2024-09-01 04:00:00,G8,18,-0.0,-0.0,-0.0,0.0,0.0
2024-09-01 04:00:00,G9,23,-0.0,-0.0,-0.0,0.0,0.0
2024-09-01 04:00:00,G10,24,-0.0,-0.0,0.0,0.0,0.0
2024-09-01 04:00:00,G11,25,-0.0,-0.0,0.0,0.0,0.0
2024-09-01 04:00:00,G12,26,-0.0,-0.0,0.0,0.0,0.0
2024-09-01 04:00:00,G13,30,-0.0,-0.0,0.0,0.0,0.0
2024-09-01 04:00:00,G14,31,-0.0,-0.0,0.0,0.0,0.0
2024-09-01 04:00:00,G15,33,-0.0,-0.0,-0.0,0.0,0.0
2024-09-01 04:00:00,G16,35,-0.0,-0.0,-0.0,0.0,0.0
2024-09-01 04:00:00,G17,39,-0.0,-0.0,-0.0,0.0,0.0
2024-09-01 04:00:00,G18,41,-0.0,-0.0,-0.0,0.0,0.0
2024-09-01 04:00:00,G19,45,-0.0,-0.0,-0.0,0.0,0.0
2024-09-01 04:00:00,G20,48,-0.0,-0.0,0.0,0.0,0.0
2024-09-01 04:00:00,G21,53,-0.0,-0.0,-0.0,0.0,0.0
2024-09-01 04:00:00,G22,54,-0.0,-0.0,-0.0,0.0,0.0
2024-09-01 04:00:00,G23,55,-0.0,-0.0,-0.0,0.0,0.0
2024-09-01 04:00:00,G24,58,-0.0,-0.0,-0.0,0.0,0.0
2024-09-01 04:00:00,G25,60,-0.0,-0.0,-0.0,0.0,0.0
2024-09-01 04:00:00,G26,61,-0.0,-0.0,-0.0,0.0,0.0
2024-09-01 04:00:00,G27,64,-0.0,-0.0,-0.0,0.0,0.0
2024-09-01 04:00:00,G28,65,-0.0,-0.0,0.0,0.0,0.0
2024-09-01 04:00:00,G29,69,-0.0,-0.0,-0.0,0.0,0.0
2024-09-01 04:00:00,G30,71,-0.0,-0.0,-0.0,0.0,0.0
2024-09-01 04:00:00,G31,72,-0.0,-0.0,0.0,0.0,0.0
2024-09-01 04:00:00,G32,73,-0.0,-0.0,-0.0,0.0,0.0
2024-09-01 04:00:00,G33,75,-0.0,-0.0,-0.0,0.0,0.0
2024-09-01 04:00:00,G34,76,-0.0,-0.0,-0.0,0.0,0.0
2024-09-01 04:00:00,G35,79,-0.0,-0.0,0.0,0.0,0.0
2024-09-01 04:00:00,G36,84,-0.0,-0.0,-0.0,0.0,0.0
2024-09-01 04:00:00,G37,86,-0.0,-0.0,-0.0,0.0,0.0
2024-09-01 04:00:00,G38,88,-0.0,-0.0,-0.0,0.0,0.0
2024-09-01 04:00:00,G39,89,-0.0,-0.0,-0.0,0.0,0.0
2024-09-01 04:00:00,G40,90,-0.0,-0.0,-0.0,0.0,0.0
2024-09-01 04:00:00,G41,91,-0.0,-0.0,-0.0,0.0,0.0
2024-09-01 04:00:00,G42,98,-0.0,-0.0,-0.0,0.0,0.0
2024-09-01 04:00:00,G43,99,-0.0,-0.0,-0.0,0.0,0.0
2024-09-01 04:00:00,G44,102,-0.0,-0.0,-0.0,0.0,0.0
2024-09-01 04:00:00,G45,103,-0.0,-0.0,-0.0,0.0,0.0
2024-09-01 04:00:00,G46,104,-0.0,-0.0,-0.0,0.0,0.0
2024-09-01 04:00:00,G47,106,-0.0,-0.0,-0.0,0.0,0.0
2024-09-01 04:00:00,G48,109,-0.0,-0.0,-0.0,0.0,0.0
2024-09-01 04:00:00,G49,110,-0.0,-0.0,-0.0,0.0,0.0
2024-09-01 04:00:00,G50,111,-0.0,-0.0,0.0,0.0,0.0
2024-09-01 04:00:00,G51,112,-0.0,-0.0,0.0,0.0,0.0
2024-09-01 04:00:00,G52,115,-0.0,-0.0,0.0,0.0,0.0
2024-09-01 04:00:00,EMG_1,0,1.0,0.0,0.0,0.0,0.0
2024-09-01 04:00:00,EMG_2,1,1.0,0.0,0.0,0.0,0.0
2024-09-01 04:00:00,EMG_3,2,1.0,0.0,0.0,0.0,0.0
2024-09-01 05:00:00,EG0,68,-0.0,-0.0,-0.0,0.0,0.0
2024-09-01 05:00:00,G0,0,0.0324491513899748,0.538784462182721,0.1757668748479661,0.0,0.0
2024-09-01 05:00:00,G1,3,-0.0,-0.0,0.0,0.0,0.0
2024-09-01 05:00:00,G2,5,-0.0,-0.0,0.0,0.0,0.0
2024-09-01 05:00:00,G3,7,-0.0,-0.0,0.0,0.0,0.0
2024-09-01 05:00:00,G4,9,-0.0,-0.0,0.0,0.0,0.0
2024-09-01 05:00:00,G5,11,-0.0,-0.0,0.0,0.0,0.0
2024-09-01 05:00:00,G6,14,-0.0,-0.0,0.0,0.0,0.0
2024-09-01 05:00:00,G7,17,-0.0,-0.0,0.0,0.0,0.0
2024-09-01 05:00:00,G8,18,-0.0,-0.0,0.0,0.0,-0.0
2024-09-01 05:00:00,G9,23,-0.0,-0.0,-0.0,0.0,0.0
2024-09-01 05:00:00,G10,24,-0.0,-0.0,0.0,0.0,0.0
2024-09-01 05:00:00,G11,25,-0.0,-0.0,0.0,0.0,0.0
2024-09-01 05:00:00,G12,26,-0.0,-0.0,0.0,0.0,0.0
2024-09-01 05:00:00,G13,30,-0.0,-0.0,0.0,0.0,0.0
2024-09-01 05:00:00,G14,31,-0.0,-0.0,0.0,0.0,0.0
2024-09-01 05:00:00,G15,33,-0.0,-0.0,0.0,0.0,0.0
2024-09-01 05:00:00,G16,35,-0.0,-0.0,-0.0,0.0,0.0
2024-09-01 05:00:00,G17,39,-0.0,-0.0,-0.0,0.0,0.0
2024-09-01 05:00:00,G18,41,-0.0,-0.0,-0.0,0.0,0.0
2024-09-01 05:00:00,G19,45,-0.0,-0.0,-0.0,0.0,0.0
2024-09-01 05:00:00,G20,48,-0.0,-0.0,-0.0,0.0,0.0
2024-09-01 05:00:00,G21,53,-0.0,-0.0,-0.0,0.0,0.0
2024-09-01 05:00:00,G22,54,-0.0,-0.0,-0.0,0.0,0.0
2024-09-01 05:00:00,G23,55,-0.0,-0.0,-0.0,0.0,0.0
2024-09-01 05:00:00,G24,58,-0.0,-0.0,-0.0,0.0,0.0
2024-09-01 05:00:00,G25,60,-0.0,-0.0,-0.0,0.0,0.0
2024-09-01 05:00:00,G26,61,-0.0,-0.0,-0.0,0.0,0.0
2024-09-01 05:00:00,G27,64,-0.0,-0.0,-0.0,0.0,0.0
2024-09-01 05:00:00,G28,65,-0.0,-0.0,-0.0,0.0,0.0
2024-09-01 05:00:00,G29,69,-0.0,-0.0,-0.0,0.0,0.0
2024-09-01 05:00:00,G30,71,-0.0,-0.0,-0.0,0.0,0.0
2024-09-01 05:00:00,G31,72,-0.0,-0.0,-0.0,0.0,0.0
2024-09-01 05:00:00,G32,73,-0.0,-0.0,-0.0,0.0,0.0
2024-09-01 05:00:00,G33,75,-0.0,-0.0,-0.0,0.0,0.0
2024-09-01 05:00:00,G34,76,-0.0,-0.0,-0.0,0.0,0.0
2024-09-01 05:00:00,G35,79,-0.0,-0.0,0.0,0.0,0.0
2024-09-01 05:00:00,G36,84,-0.0,-0.0,-0.0,0.0,0.0
2024-09-01 05:00:00,G37,86,-0.0,-0.0,0.0,0.0,0.0
2024-09-01 05:00:00,G38,88,-0.0,-0.0,-0.0,0.0,0.0
2024-09-01 05:00:00,G39,89,-0.0,-0.0,-0.0,0.0,0.0
2024-09-01 05:00:00,G40,90,-0.0,-0.0,0.0,0.0,0.0
2024-09-01 05:00:00,G41,91,-0.0,-0.0,-0.0,0.0,0.0
2024-09-01 05:00:00,G42,98,-0.0,-0.0,-0.0,0.0,0.0
2024-09-01 05:00:00,G43,99,-0.0,-0.0,-0.0,0.0,0.0
2024-09-01 05:00:00,G44,102,-0.0,-0.0,0.0,0.0,0.0
2024-09-01 05:00:00,G45,103,-0.0,-0.0,-0.0,0.0,0.0
2024-09-01 05:00:00,G46,104,-0.0,-0.0,-0.0,0.0,0.0
2024-09-01 05:00:00,G47,106,-0.0,-0.0,0.0,0.0,0.0
2024-09-01 05:00:00,G48,109,-0.0,-0.0,-0.0,0.0,0.0
2024-09-01 05:00:00,G49,110,-0.0,-0.0,0.0,0.0,0.0
2024-09-01 05:00:00,G50,111,-0.0,-0.0,-0.0,0.0,0.0
2024-09-01 05:00:00,G51,112,-0.0,-0.0,0.0,0.0,0.0
2024-09-01 05:00:00,G52,115,-0.0,-0.0,-0.0,0.0,0.0
2024-09-01 05:00:00,EMG_1,0,1.0,0.0,0.0,0.0,0.0
2024-09-01 05:00:00,EMG_2,1,1.0,0.0,0.0,0.0,0.0
2024-09-01 05:00:00,EMG_3,2,1.0,0.0,0.0,0.0,0.0
2024-09-01 06:00:00,EG0,68,-0.0,-0.0,-0.0,0.0,0.0
2024-09-01 06:00:00,G0,0,0.0324491513899748,0.5435070977957017,0.35916951501060823,0.0,0.0
2024-09-01 06:00:00,G1,3,-0.0,-0.0,-0.0,0.0,0.0
2024-09-01 06:00:00,G2,5,-0.0,-0.0,-0.0,0.0,0.0
2024-09-01 06:00:00,G3,7,-0.0,-0.0,-0.0,0.0,0.0
2024-09-01 06:00:00,G4,9,-0.0,-0.0,0.0,0.0,0.0
2024-09-01 06:00:00,G5,11,-0.0,-0.0,-0.0,0.0,0.0
2024-09-01 06:00:00,G6,14,-0.0,-0.0,-0.0,0.0,0.0
2024-09-01 06:00:00,G7,17,-0.0,-0.0,-0.0,0.0,0.0
2024-09-01 06:00:00,G8,18,-0.0,-0.0,-0.0,0.0,0.0
2024-09-01 06:00:00,G9,23,-0.0,-0.0,-0.0,0.0,0.0
2024-09-01 06:00:00,G10,24,-0.0,-0.0,-0.0,0.0,0.0
2024-09-01 06:00:00,G11,25,-0.0,-0.0,-0.0,0.0,0.0
2024-09-01 06:00:00,G12,26,-0.0,-0.0,-0.0,0.0,0.0
2024-09-01 06:00:00,G13,30,-0.0,-0.0,-0.0,0.0,0.0
2024-09-01 06:00:00,G14,31,-0.0,-0.0,-0.0,0.0,0.0
2024-09-01 06:00:00,G15,33,-0.0,-0.0,-0.0,0.0,0.0
2024-09-01 06:00:00,G16,35,-0.0,-0.0,-0.0,0.0,0.0
2024-09-01 06:00:00,G17,39,-0.0,-0.0,-0.0,0.0,0.0
2024-09-01 06:00:00,G18,41,-0.0,-0.0,-0.0,0.0,0.0
2024-09-01 06:00:00,G19,45,-0.0,-0.0,-0.0,0.0,0.0
2024-09-01 06:00:00,G20,48,-0.0,-0.0,-0.0,0.0,0.0
2024-09-01 06:00:00,G21,53,-0.0,-0.0,-0.0,0.0,0.0
2024-09-01 06:00:00,G22,54,-0.0,-0.0,-0.0,0.0,0.0
2024-09-01 06:00:00,G23,55,-0.0,-0.0,-0.0,0.0,0.0
2024-09-01 06:00:00,G24,58,-0.0,-0.0,-0.0,0.0,0.0
2024-09-01 06:00:00,G25,60,-0.0,-0.0,-0.0,0.0,0.0
2024-09-01 06:00:00,G26,61,-0.0,-0.0,-0.0,0.0,0.0
2024-09-01 06:00:00,G27,64,-0.0,-0.0,-0.0,0.0,0.0
2024-09-01 06:00:00,G28,65,-0.0,-0.0,-0.0,0.0,0.0
2024-09-01 06:00:00,G29,69,-0.0,-0.0,-0.0,0.0,0.0
2024-09-01 06:00:00,G30,71,-0.0,-0.0,-0.0,0.0,0.0
2024-09-01 06:00:00,G31,72,-0.0,-0.0,-0.0,0.0,0.0
2024-09-01 06:00:00,G32,73,-0.0,-0.0,-0.0,0.0,0.0
2024-09-01 06:00:00,G33,75,-0.0,-0.0,-0.0,0.0,0.0
2024-09-01 06:00:00,G34,76,-0.0,-0.0,-0.0,0.0,0.0
2024-09-01 06:00:00,G35,79,-0.0,-0.0,-0.0,0.0,0.0
2024-09-01 06:00:00,G36,84,-0.0,-0.0,0.0,0.0,0.0
2024-09-01 06:00:00,G37,86,-0.0,0.0,-0.0,0.0,0.0
2024-09-01 06:00:00,G38,88,-0.0,-0.0,0.0,0.0,0.0
2024-09-01 06:00:00,G39,89,-0.0,-0.0,0.0,0.0,0.0
2024-09-01 06:00:00,G40,90,-0.0,-0.0,0.0,0.0,0.0
2024-09-01 06:00:00,G41,91,-0.0,-0.0,0.0,0.0,0.0
2024-09-01 06:00:00,G42,98,-0.0,-0.0,-0.0,0.0,0.0
2024-09-01 06:00:00,G43,99,-0.0,-0.0,-0.0,0.0,0.0
2024-09-01 06:00:00,G44,102,-0.0,-0.0,0.0,0.0,0.0
2024-09-01 06:00:00,G45,103,-0.0,-0.0,0.0,0.0,0.0
2024-09-01 06:00:00,G46,104,-0.0,-0.0,0.0,0.0,-0.0
2024-09-01 06:00:00,G47,106,-0.0,-0.0,0.0,0.0,0.0
2024-09-01 06:00:00,G48,109,-0.0,-0.0,0.0,0.0,0.0
2024-09-01 06:00:00,G49,110,-0.0,-0.0,0.0,0.0,0.0
2024-09-01 06:00:00,G50,111,-0.0,-0.0,0.0,0.0,0.0
2024-09-01 06:00:00,G51,112,-0.0,-0.0,-0.0,0.0,0.0
2024-09-01 06:00:00,G52,115,-0.0,-0.0,-0.0,0.0,-0.0
2024-09-01 06:00:00,EMG_1,0,1.0,0.0,0.0,0.0,0.0
2024-09-01 06:00:00,EMG_2,1,1.0,0.0,0.0,0.0,0.0
2024-09-01 06:00:00,EMG_3,2,1.0,0.0,0.0,0.0,0.0
2024-09-01 07:00:00,EG0,68,0.0,-0.0,-0.0,0.0,0.0
2024-09-01 07:00:00,G0,0,0.0324491513899748,0.678357682729913,0.35386616883016503,0.0,0.0
2024-09-01 07:00:00,G1,3,-0.0,-0.0,-0.0,0.0,0.0
2024-09-01 07:00:00,G2,5,-0.0,-0.0,0.0,0.0,0.0
2024-09-01 07:00:00,G3,7,-0.0,-0.0,0.0,0.0,0.0
2024-09-01 07:00:00,G4,9,-0.0,-0.0,0.0,0.0,0.0
2024-09-01 07:00:00,G5,11,-0.0,-0.0,0.0,0.0,0.0
2024-09-01 07:00:00,G6,14,-0.0,-0.0,0.0,0.0,0.0
2024-09-01 07:00:00,G7,17,0.0,-0.0,-0.0,0.0,0.0
2024-09-01 07:00:00,G8,18,0.0,-0.0,-0.0,0.0,0.0
2024-09-01 07:00:00,G9,23,0.0,-0.0,-0.0,0.0,0.0
2024-09-01 07:00:00,G10,24,-0.0,-0.0,-0.0,0.0,0.0
2024-09-01 07:00:00,G11,25,-0.0,-0.0,-0.0,0.0,0.0
2024-09-01 07:00:00,G12,26,0.0,-0.0,-0.0,0.0,0.0
2024-09-01 07:00:00,G13,30,-0.0,-0.0,-0.0,0.0,0.0
2024-09-01 07:00:00,G14,31,0.0,-0.0,-0.0,0.0,0.0
2024-09-01 07:00:00,G15,33,0.0,-0.0,-0.0,0.0,0.0
2024-09-01 07:00:00,G16,35,0.0,-0.0,-0.0,0.0,0.0
2024-09-01 07:00:00,G17,39,0.0,-0.0,-0.0,0.0,0.0
2024-09-01 07:00:00,G18,41,0.0,-0.0,-0.0,0.0,0.0
2024-09-01 07:00:00,G19,45,0.0,-0.0,-0.0,0.0,0.0
2024-09-01 07:00:00,G20,48,0.0,-0.0,-0.0,0.0,0.0
2024-09-01 07:00:00,G21,53,0.0,-0.0,-0.0,0.0,0.0
2024-09-01 07:00:00,G22,54,0.0,-0.0,-0.0,0.0,0.0
2024-09-01 07:00:00,G23,55,-0.0,0.0,-0.0,0.0,0.0
2024-09-01 07:00:00,G24,58,-0.0,-0.0,-0.0,0.0,0.0
2024-09-01 07:00:00,G25,60,-0.0,-0.0,-0.0,0.0,0.0
2024-09-01 07:00:00,G26,61,0.0,-0.0,-0.0,0.0,0.0
2024-09-01 07:00:00,G27,64,-0.0,-0.0,-0.0,0.0,0.0
2024-09-01 07:00:00,G28,65,-0.0,-0.0,0.0,0.0,0.0
2024-09-01 07:00:00,G29,69,0.0,-0.0,-0.0,0.0,0.0
2024-09-01 07:00:00,G30,71,0.0,-0.0,-0.0,0.0,0.0
2024-09-01 07:00:00,G31,72,0.0,-0.0,-0.0,0.0,0.0
2024-09-01 07:00:00,G32,73,0.0,-0.0,-0.0,0.0,0.0
2024-09-01 07:00:00,G33,75,-0.0,-0.0,-0.0,0.0,0.0
2024-09-01 07:00:00,G34,76,-0.0,-0.0,-0.0,0.0,0.0
2024-09-01 07:00:00,G35,79,-0.0,-0.0,0.0,0.0,0.0
2024-09-01 07:00:00,G36,84,0.0,-0.0,-0.0,0.0,0.0
2024-09-01 07:00:00,G37,86,-0.0,-0.0,-0.0,0.0,0.0
2024-09-01 07:00:00,G38,88,-0.0,-0.0,-0.0,0.0,0.0
2024-09-01 07:00:00,G39,89,0.0,-0.0,-0.0,0.0,0.0
2024-09-01 07:00:00,G40,90,0.0,-0.0,-0.0,0.0,0.0
2024-09-01 07:00:00,G41,91,0.0,-0.0,-0.0,0.0,0.0
2024-09-01 07:00:00,G42,98,0.0,-0.0,-0.0,0.0,0.0
2024-09-01 07:00:00,G43,99,-0.0,-0.0,-0.0,0.0,0.0
2024-09-01 07:00:00,G44,102,0.0,-0.0,-0.0,0.0,0.0
2024-09-01 07:00:00,G45,103,0.0,-0.0,-0.0,0.0,0.0
2024-09-01 07:00:00,G46,104,0.0,-0.0,-0.0,0.0,0.0
2024-09-01 07:00:00,G47,106,0.0,-0.0,-0.0,0.0,0.0
2024-09-01 07:00:00,G48,109,-0.0,0.0,-0.0,0.0,0.0
2024-09-01 07:00:00,G49,110,-0.0,-0.0,-0.0,0.0,0.0
2024-09-01 07:00:00,G50,111,-0.0,-0.0,-0.0,0.0,0.0
2024-09-01 07:00:00,G51,112,-0.0,-0.0,-0.0,0.0,0.0
2024-09-01 07:00:00,G52,115,0.0,-0.0,-0.0,0.0,0.0
2024-09-01 07:00:00,EMG_1,0,1.0,0.0,0.0,0.0,0.0
2024-09-01 07:00:00,EMG_2,1,1.0,0.0,0.0,0.0,0.0
2024-09-01 07:00:00,EMG_3,2,1.0,0.0,0.0,0.0,0.0
2024-09-01 08:00:00,EG0,68,-0.0,-0.0,0.0,0.0,0.0
2024-09-01 08:00:00,G0,0,0.0324491513899748,0.46228318944235786,0.364593923020944,0.0,0.0
2024-09-01 08:00:00,G1,3,-0.0,-0.0,0.0,0.0,0.0
2024-09-01 08:00:00,G2,5,-0.0,-0.0,0.0,0.0,0.0
2024-09-01 08:00:00,G3,7,-0.0,-0.0,0.0,0.0,0.0
2024-09-01 08:00:00,G4,9,-0.0,-0.0,-0.0,0.0,0.0
2024-09-01 08:00:00,G5,11,-0.0,-0.0,0.0,0.0,0.0
2024-09-01 08:00:00,G6,14,-0.0,-0.0,0.0,0.0,0.0
2024-09-01 08:00:00,G7,17,-0.0,-0.0,0.0,0.0,0.0
2024-09-01 08:00:00,G8,18,-0.0,-0.0,0.0,0.0,0.0
2024-09-01 08:00:00,G9,23,-0.0,-0.0,-0.0,0.0,0.0
2024-09-01 08:00:00,G10,24,-0.0,-0.0,-0.0,0.0,0.0
2024-09-01 08:00:00,G11,25,-0.0,-0.0,0.0,0.0,0.0
2024-09-01 08:00:00,G12,26,-0.0,-0.0,0.0,0.0,0.0
2024-09-01 08:00:00,G13,30,-0.0,-0.0,0.0,0.0,0.0
2024-09-01 08:00:00,G14,31,-0.0,-0.0,0.0,0.0,0.0
2024-09-01 08:00:00,G15,33,-0.0,-0.0,0.0,0.0,0.0
2024-09-01 08:00:00,G16,35,-0.0,-0.0,-0.0,0.0,0.0
2024-09-01 08:00:00,G17,39,-0.0,-0.0,-0.0,0.0,0.0
2024-09-01 08:00:00,G18,41,-0.0,-0.0,-0.0,0.0,0.0
2024-09-01 08:00:00,G19,45,-0.0,-0.0,-0.0,0.0,0.0
2024-09-01 08:00:00,G20,48,-0.0,-0.0,-0.0,0.0,0.0
2024-09-01 08:00:00,G21,53,-0.0,-0.0,0.0,0.0,0.0
2024-09-01 08:00:00,G22,54,-0.0,-0.0,-0.0,0.0,0.0
2024-09-01 08:00:00,G23,55,-0.0,-0.0,-0.0,0.0,0.0
2024-09-01 08:00:00,G24,58,-0.0,-0.0,-0.0,0.0,0.0
2024-09-01 08:00:00,G25,60,-0.0,-0.0,-0.0,0.0,0.0
2024-09-01 08:00:00,G26,61,-0.0,-0.0,0.0,0.0,0.0
2024-09-01 08:00:00,G27,64,-0.0,-0.0,-0.0,0.0,0.0
2024-09-01 08:00:00,G28,65,-0.0,-0.0,-0.0,0.0,0.0
2024-09-01 08:00:00,G29,69,-0.0,-0.0,0.0,0.0,0.0
2024-09-01 08:00:00,G30,71,-0.0,-0.0,-0.0,0.0,0.0
2024-09-01 08:00:00,G31,72,-0.0,-0.0,-0.0,0.0,0.0
2024-09-01 08:00:00,G32,73,-0.0,-0.0,0.0,0.0,0.0
2024-09-01 08:00:00,G33,75,-0.0,-0.0,0.0,0.0,0.0
2024-09-01 08:00:00,G34,76,-0.0,-0.0,0.0,0.0,0.0
2024-09-01 08:00:00,G35,79,-0.0,-0.0,0.0,0.0,0.0
2024-09-01 08:00:00,G36,84,-0.0,-0.0,0.0,0.0,0.0
2024-09-01 08:00:00,G37,86,-0.0,-0.0,0.0,0.0,0.0
2024-09-01 08:00:00,G38,88,-0.0,-0.0,0.0,0.0,0.0
2024-09-01 08:00:00,G39,89,-0.0,-0.0,0.0,0.0,0.0
2024-09-01 08:00:00,G40,90,-0.0,-0.0,0.0,0.0,0.0
2024-09-01 08:00:00,G41,91,-0.0,-0.0,0.0,0.0,0.0
2024-09-01 08:00:00,G42,98,-0.0,-0.0,0.0,0.0,0.0
2024-09-01 08:00:00,G43,99,-0.0,0.0,-0.0,0.0,0.0
2024-09-01 08:00:00,G44,102,-0.0,-0.0,-0.0,0.0,0.0
2024-09-01 08:00:00,G45,103,-0.0,-0.0,0.0,0.0,0.0
2024-09-01 08:00:00,G46,104,-0.0,-0.0,-0.0,0.0,0.0
2024-09-01 08:00:00,G47,106,-0.0,-0.0,0.0,0.0,0.0
2024-09-01 08:00:00,G48,109,-0.0,-0.0,0.0,0.0,0.0
2024-09-01 08:00:00,G49,110,-0.0,-0.0,0.0,0.0,0.0
2024-09-01 08:00:00,G50,111,-0.0,-0.0,0.0,0.0,0.0
2024-09-01 08:00:00,G51,112,-0.0,-0.0,0.0,0.0,0.0
2024-09-01 08:00:00,G52,115,-0.0,-0.0,0.0,0.0,0.0
2024-09-01 08:00:00,EMG_1,0,1.0,0.0,0.0,0.0,0.0
2024-09-01 08:00:00,EMG_2,1,1.0,0.0,0.0,0.0,0.0
2024-09-01 08:00:00,EMG_3,2,1.0,0.0,0.0,0.0,0.0
2024-09-01 09:00:00,EG0,68,-0.0,-0.0,0.0,0.0,0.0
2024-09-01 09:00:00,G0,0,0.013082423602037905,0.8979610363262943,0.0,0.0,0.0
2024-09-01 09:00:00,G1,3,-0.0,-0.0,0.0,0.0,0.0
2024-09-01 09:00:00,G2,5,-0.0,-0.0,0.0,0.0,0.0
2024-09-01 09:00:00,G3,7,-0.0,-0.0,-0.0,0.0,0.0
2024-09-01 09:00:00,G4,9,-0.0,-0.0,0.0,0.0,0.0
2024-09-01 09:00:00,G5,11,-0.0,-0.0,0.0,0.0,0.0
2024-09-01 09:00:00,G6,14,-0.0,-0.0,0.0,0.0,0.0
2024-09-01 09:00:00,G7,17,-0.0,-0.0,0.0,0.0,0.0
2024-09-01 09:00:00,G8,18,-0.0,-0.0,0.0,0.0,0.0
2024-09-01 09:00:00,G9,23,-0.0,-0.0,0.0,0.0,0.0
2024-09-01 09:00:00,G10,24,-0.0,-0.0,-0.0,0.0,0.0
2024-09-01 09:00:00,G11,25,-0.0,-0.0,0.0,0.0,0.0
2024-09-01 09:00:00,G12,26,-0.0,-0.0,0.0,0.0,0.0
2024-09-01 09:00:00,G13,30,-0.0,-0.0,0.0,0.0,0.0
2024-09-01 09:00:00,G14,31,-0.0,-0.0,-0.0,0.0,0.0
2024-09-01 09:00:00,G15,33,-0.0,-0.0,0.0,0.0,0.0
2024-09-01 09:00:00,G16,35,-0.0,-0.0,0.0,0.0,0.0
2024-09-01 09:00:00,G17,39,-0.0,-0.0,0.0,0.0,0.0
2024-09-01 09:00:00,G18,41,-0.0,-0.0,-0.0,0.0,0.0
2024-09-01 09:00:00,G19,45,-0.0,-0.0,-0.0,0.0,0.0
2024-09-01 09:00:00,G20,48,-0.0,-0.0,0.0,0.0,0.0
2024-09-01 09:00:00,G21,53,-0.0,-0.0,0.0,0.0,0.0
2024-09-01 09:00:00,G22,54,-0.0,-0.0,0.0,0.0,0.0
2024-09-01 09:00:00,G23,55,-0.0,-0.0,0.0,0.0,0.0
2024-09-01 09:00:00,G24,58,-0.0,-0.0,0.0,0.0,0.0
2024-09-01 09:00:00,G25,60,-0.0,-0.0,0.0,0.0,0.0
2024-09-01 09:00:00,G26,61,-0.0,-0.0,0.0,0.0,0.0
2024-09-01 09:00:00,G27,64,-0.0,-0.0,-0.0,0.0,0.0
2024-09-01 09:00:00,G28,65,-0.0,-0.0,0.0,0.0,0.0
2024-09-01 09:00:00,G29,69,-0.0,-0.0,0.0,0.0,0.0
2024-09-01 09:00:00,G30,71,-0.0,-0.0,0.0,0.0,0.0
2024-09-01 09:00:00,G31,72,-0.0,-0.0,0.0,0.0,0.0
2024-09-01 09:00:00,G32,73,-0.0,-0.0,0.0,0.0,0.0
2024-09-01 09:00:00,G33,75,-0.0,-0.0,0.0,0.0,0.0
2024-09-01 09:00:00,G34,76,-0.0,-0.0,0.0,0.0,0.0
2024-09-01 09:00:00,G35,79,-0.0,-0.0,0.0,0.0,0.0
2024-09-01 09:00:00,G36,84,-0.0,-0.0,0.0,0.0,0.0
2024-09-01 09:00:00,G37,86,-0.0,0.0,-0.0,0.0,0.0
2024-09-01 09:00:00,G38,88,-0.0,-0.0,-0.0,0.0,0.0
2024-09-01 09:00:00,G39,89,-0.0,-0.0,0.0,0.0,0.0
2024-09-01 09:00:00,G40,90,-0.0,-0.0,0.0,0.0,0.0
2024-09-01 09:00:00,G41,91,-0.0,-0.0,-0.0,0.0,0.0
2024-09-01 09:00:00,G42,98,-0.0,-0.0,0.0,0.0,0.0
2024-09-01 09:00:00,G43,99,0.002326134300927958,0.08187992739266413,0.17191147703410672,0.0,0.0
2024-09-01 09:00:00,G44,102,-0.0,-0.0,0.0,0.0,0.0
2024-09-01 09:00:00,G45,103,-0.0,-0.0,-0.0,0.0,0.0
2024-09-01 09:00:00,G46,104,-0.0,-0.0,-0.0,0.0,0.0
2024-09-01 09:00:00,G47,106,-0.0,-0.0,-0.0,0.0,0.0
2024-09-01 09:00:00,G48,109,-0.0,-0.0,-0.0,0.0,0.0
2024-09-01 09:00:00,G49,110,-0.0,0.0,0.0,0.0,0.0
2024-09-01 09:00:00,G50,111,-0.0,-0.0,0.0,0.0,0.0
2024-09-01 09:00:00,G51,112,-0.0,-0.0,0.0,0.0,0.0
2024-09-01 09:00:00,G52,115,-0.0,-0.0,0.0,0.0,0.0
2024-09-01 09:00:00,EMG_1,0,1.0,0.0,0.0,0.0,0.0
2024-09-01 09:00:00,EMG_2,1,1.0,0.0,0.0,0.0,0.0
2024-09-01 09:00:00,EMG_3,2,1.0,0.0,0.0,0.0,0.0
2024-09-01 10:00:00,EG0,68,-0.0,-0.0,0.0,0.0,0.0
2024-09-01 10:00:00,G0,0,0.013082423602037905,1.1141426290327883,0.0,0.0,0.0
2024-09-01 10:00:00,G1,3,-0.0,-0.0,0.0,0.0,0.0
2024-09-01 10:00:00,G2,5,-0.0,-0.0,0.0,0.0,0.0
2024-09-01 10:00:00,G3,7,-0.0,-0.0,0.0,0.0,0.0
2024-09-01 10:00:00,G4,9,-0.0,-0.0,0.0,0.0,0.0
2024-09-01 10:00:00,G5,11,-0.0,-0.0,0.0,0.0,0.0
2024-09-01 10:00:00,G6,14,-0.0,-0.0,0.0,0.0,0.0
2024-09-01 10:00:00,G7,17,-0.0,-0.0,-0.0,0.0,0.0
2024-09-01 10:00:00,G8,18,-0.0,-0.0,-0.0,0.0,0.0
2024-09-01 10:00:00,G9,23,-0.0,-0.0,0.0,0.0,0.0
2024-09-01 10:00:00,G10,24,-0.0,-0.0,0.0,0.0,0.0
2024-09-01 10:00:00,G11,25,-0.0,-0.0,0.0,0.0,0.0
2024-09-01 10:00:00,G12,26,-0.0,-0.0,0.0,0.0,0.0
2024-09-01 10:00:00,G13,30,-0.0,-0.0,0.0,0.0,0.0
2024-09-01 10:00:00,G14,31,-0.0,-0.0,0.0,0.0,0.0
2024-09-01 10:00:00,G15,33,-0.0,-0.0,0.0,0.0,0.0
2024-09-01 10:00:00,G16,35,-0.0,-0.0,0.0,0.0,0.0
2024-09-01 10:00:00,G17,39,-0.0,-0.0,0.0,0.0,0.0
2024-09-01 10:00:00,G18,41,-0.0,-0.0,0.0,0.0,0.0
2024-09-01 10:00:00,G19,45,-0.0,-0.0,0.0,0.0,0.0
2024-09-01 10:00:00,G20,48,-0.0,-0.0,0.0,0.0,0.0
2024-09-01 10:00:00,G21,53,-0.0,-0.0,0.0,0.0,0.0
2024-09-01 10:00:00,G22,54,-0.0,-0.0,0.0,0.0,0.0
2024-09-01 10:00:00,G23,55,-0.0,-0.0,0.0,0.0,0.0
2024-09-01 10:00:00,G24,58,-0.0,-0.0,0.0,0.0,0.0
2024-09-01 10:00:00,G25,60,-0.0,-0.0,0.0,0.0,0.0
2024-09-01 10:00:00,G26,61,-0.0,-0.0,0.0,0.0,0.0
2024-09-01 10:00:00,G27,64,-0.0,-0.0,0.0,0.0,0.0
2024-09-01 10:00:00,G28,65,-0.0,-0.0,0.0,0.0,0.0
2024-09-01 10:00:00,G29,69,-0.0,-0.0,0.0,0.0,0.0
2024-09-01 10:00:00,G30,71,-0.0,-0.0,0.0,0.0,0.0
2024-09-01 10:00:00,G31,72,-0.0,-0.0,0.0,0.0,0.0
2024-09-01 10:00:00,G32,73,-0.0,-0.0,0.0,0.0,0.0
2024-09-01 10:00:00,G33,75,-0.0,-0.0,0.0,0.0,0.0
2024-09-01 10:00:00,G34,76,-0.0,-0.0,0.0,0.0,0.0
2024-09-01 10:00:00,G35,79,-0.0,-0.0,0.0,0.0,0.0
2024-09-01 10:00:00,G36,84,-0.0,-0.0,-0.0,0.0,0.0
2024-09-01 10:00:00,G37,86,-0.0,-0.0,0.0,0.0,0.0
2024-09-01 10:00:00,G38,88,-0.0,-0.0,0.0,0.0,0.0
2024-09-01 10:00:00,G39,89,-0.0,-0.0,0.0,0.0,0.0
2024-09-01 10:00:00,G40,90,-0.0,-0.0,0.0,0.0,0.0
2024-09-01 10:00:00,G41,91,-0.0,-0.0,0.0,0.0,0.0
2024-09-01 10:00:00,G42,98,-0.0,-0.0,0.0,0.0,0.0
2024-09-01 10:00:00,G43,99,0.002326134300927958,0.08187992739266413,0.18260423227347097,0.0,0.0
2024-09-01 10:00:00,G44,102,-0.0,-0.0,0.0,0.0,0.0
2024-09-01 10:00:00,G45,103,-0.0,-0.0,0.0,0.0,0.0
2024-09-01 10:00:00,G46,104,-0.0,-0.0,0.0,0.0,0.0
2024-09-01 10:00:00,G47,106,-0.0,-0.0,0.0,0.0,0.0
2024-09-01 10:00:00,G48,109,-0.0,-0.0,0.0,0.0,0.0
2024-09-01 10:00:00,G49,110,-0.0,-0.0,0.0,0.0,0.0
2024-09-01 10:00:00,G50,111,-0.0,-0.0,0.0,0.0,0.0
2024-09-01 10:00:00,G51,112,-0.0,-0.0,0.0,0.0,0.0
2024-09-01 10:00:00,G52,115,-0.0,-0.0,0.0,0.0,0.0
2024-09-01 10:00:00,EMG_1,0,1.0,0.0,0.0,0.0,0.0
2024-09-01 10:00:00,EMG_2,1,1.0,0.0,0.0,0.0,0.0
2024-09-01 10:00:00,EMG_3,2,1.0,0.0,0.0,0.0,0.0
2024-09-01 11:00:00,EG0,68,-0.0,-0.0,-0.0,0.0,0.0
2024-09-01 11:00:00,G0,0,0.013082423602037905,0.38235199126390107,0.19057641648665583,0.0,0.0
2024-09-01 11:00:00,G1,3,-0.0,-0.0,-0.0,0.0,0.0
2024-09-01 11:00:00,G2,5,-0.0,0.0,0.0,0.0,0.0
2024-09-01 11:00:00,G3,7,-0.0,-0.0,0.0,0.0,0.0
2024-09-01 11:00:00,G4,9,-0.0,-0.0,-0.0,0.0,0.0
2024-09-01 11:00:00,G5,11,-0.0,-0.0,0.0,0.0,0.0
2024-09-01 11:00:00,G6,14,-0.0,-0.0,-0.0,0.0,0.0
2024-09-01 11:00:00,G7,17,-0.0,-0.0,-0.0,0.0,0.0
2024-09-01 11:00:00,G8,18,-0.0,-0.0,0.0,0.0,0.0
2024-09-01 11:00:00,G9,23,-0.0,-0.0,0.0,0.0,0.0
2024-09-01 11:00:00,G10,24,-0.0,-0.0,0.0,0.0,0.0
2024-09-01 11:00:00,G11,25,-0.0,-0.0,0.0,0.0,0.0
2024-09-01 11:00:00,G12,26,-0.0,-0.0,0.0,0.0,0.0
2024-09-01 11:00:00,G13,30,-0.0,-0.0,0.0,0.0,0.0
2024-09-01 11:00:00,G14,31,-0.0,-0.0,-0.0,0.0,0.0
2024-09-01 11:00:00,G15,33,-0.0,-0.0,-0.0,0.0,0.0
2024-09-01 11:00:00,G16,35,-0.0,-0.0,0.0,0.0,0.0
2024-09-01 11:00:00,G17,39,-0.0,-0.0,-0.0,0.0,0.0
2024-09-01 11:00:00,G18,41,-0.0,-0.0,0.0,0.0,0.0
2024-09-01 11:00:00,G19,45,-0.0,-0.0,0.0,0.0,0.0
2024-09-01 11:00:00,G20,48,-0.0,-0.0,0.0,0.0,0.0
2024-09-01 11:00:00,G21,53,-0.0,-0.0,0.0,0.0,0.0
2024-09-01 11:00:00,G22,54,-0.0,-0.0,0.0,0.0,0.0
2024-09-01 11:00:00,G23,55,-0.0,-0.0,-0.0,0.0,0.0
2024-09-01 11:00:00,G24,58,-0.0,-0.0,-0.0,0.0,0.0
2024-09-01 11:00:00,G25,60,-0.0,-0.0,-0.0,0.0,0.0
2024-09-01 11:00:00,G26,61,-0.0,-0.0,0.0,0.0,0.0
2024-09-01 11:00:00,G27,64,-0.0,-0.0,0.0,0.0,0.0
2024-09-01 11:00:00,G28,65,-0.0,-0.0,0.0,0.0,0.0
2024-09-01 11:00:00,G29,69,-0.0,-0.0,0.0,0.0,0.0
2024-09-01 11:00:00,G30,71,-0.0,-0.0,-0.0,0.0,0.0
2024-09-01 11:00:00,G31,72,-0.0,-0.0,0.0,0.0,0.0
2024-09-01 11:00:00,G32,73,-0.0,-0.0,0.0,0.0,0.0
2024-09-01 11:00:00,G33,75,-0.0,-0.0,-0.0,0.0,0.0
2024-09-01 11:00:00,G34,76,-0.0,-0.0,-0.0,0.0,0.0
2024-09-01 11:00:00,G35,79,-0.0,-0.0,-0.0,0.0,0.0
2024-09-01 11:00:00,G36,84,-0.0,-0.0,0.0,0.0,0.0
2024-09-01 11:00:00,G37,86,-0.0,-0.0,0.0,0.0,0.0
2024-09-01 11:00:00,G38,88,-0.0,-0.0,-0.0,0.0,0.0
2024-09-01 11:00:00,G39,89,-0.0,-0.0,0.0,0.0,0.0
2024-09-01 11:00:00,G40,90,-0.0,-0.0,-0.0,0.0,0.0
2024-09-01 11:00:00,G41,91,-0.0,-0.0,-0.0,0.0,0.0
2024-09-01 11:00:00,G42,98,-0.0,-0.0,0.0,0.0,0.0
2024-09-01 11:00:00,G43,99,0.002326134300927958,0.8187992739266412,0.0,0.0,0.0
2024-09-01 11:00:00,G44,102,-0.0,-0.0,0.0,0.0,0.0
2024-09-01 11:00:00,G45,103,-0.0,-0.0,0.0,0.0,0.0
2024-09-01 11:00:00,G46,104,-0.0,-0.0,0.0,0.0,0.0
2024-09-01 11:00:00,G47,106,-0.0,-0.0,-0.0,0.0,0.0
2024-09-01 11:00:00,G48,109,-0.0,-0.0,-0.0,0.0,0.0
2024-09-01 11:00:00,G49,110,-0.0,-0.0,-0.0,0.0,0.0
2024-09-01 11:00:00,G50,111,-0.0,-0.0,0.0,0.0,0.0
2024-09-01 11:00:00,G51,112,-0.0,-0.0,0.0,0.0,0.0
2024-09-01 11:00:00,G52,115,-0.0,-0.0,0.0,0.0,0.0
2024-09-01 11:00:00,EMG_1,0,1.0,0.0,0.0,0.0,0.0
2024-09-01 11:00:00,EMG_2,1,1.0,0.0,0.0,0.0,0.0
2024-09-01 11:00:00,EMG_3,2,1.0,0.0,0.0,0.0,0.0
2024-09-01 12:00:00,EG0,68,-0.0,-0.0,0.0,0.0,0.0
2024-09-01 12:00:00,G0,0,0.013082423602037905,1.0453185999259134,0.187558039967352,0.0,0.0
2024-09-01 12:00:00,G1,3,-0.0,-0.0,-0.0,0.0,0.0
2024-09-01 12:00:00,G2,5,-0.0,-0.0,0.0,0.0,0.0
2024-09-01 12:00:00,G3,7,-0.0,-0.0,-0.0,0.0,0.0
2024-09-01 12:00:00,G4,9,-0.0,-0.0,0.0,0.0,0.0
2024-09-01 12:00:00,G5,11,-0.0,-0.0,0.0,0.0,0.0
2024-09-01 12:00:00,G6,14,-0.0,-0.0,-0.0,0.0,0.0
2024-09-01 12:00:00,G7,17,-0.0,-0.0,-0.0,0.0,0.0
2024-09-01 12:00:00,G8,18,-0.0,-0.0,0.0,0.0,0.0
2024-09-01 12:00:00,G9,23,-0.0,-0.0,0.0,0.0,0.0
2024-09-01 12:00:00,G10,24,-0.0,-0.0,0.0,0.0,0.0
2024-09-01 12:00:00,G11,25,-0.0,-0.0,0.0,0.0,0.0
2024-09-01 12:00:00,G12,26,-0.0,-0.0,0.0,0.0,0.0
2024-09-01 12:00:00,G13,30,-0.0,-0.0,0.0,0.0,0.0
2024-09-01 12:00:00,G14,31,-0.0,-0.0,0.0,0.0,0.0
2024-09-01 12:00:00,G15,33,-0.0,-0.0,0.0,0.0,0.0
2024-09-01 12:00:00,G16,35,-0.0,-0.0,0.0,0.0,0.0
2024-09-01 12:00:00,G17,39,-0.0,-0.0,0.0,0.0,0.0
2024-09-01 12:00:00,G18,41,-0.0,-0.0,0.0,0.0,0.0
2024-09-01 12:00:00,G19,45,-0.0,-0.0,-0.0,0.0,0.0
2024-09-01 12:00:00,G20,48,-0.0,-0.0,0.0,0.0,0.0
2024-09-01 12:00:00,G21,53,-0.0,-0.0,-0.0,0.0,0.0
2024-09-01 12:00:00,G22,54,-0.0,-0.0,-0.0,0.0,0.0
2024-09-01 12:00:00,G23,55,-0.0,-0.0,-0.0,0.0,0.0
2024-09-01 12:00:00,G24,58,-0.0,-0.0,-0.0,0.0,0.0
2024-09-01 12:00:00,G25,60,-0.0,-0.0,0.0,0.0,0.0
2024-09-01 12:00:00,G26,61,-0.0,-0.0,0.0,0.0,0.0
2024-09-01 12:00:00,G27,64,-0.0,-0.0,-0.0,0.0,0.0
2024-09-01 12:00:00,G28,65,-0.0,-0.0,0.0,0.0,0.0
2024-09-01 12:00:00,G29,69,-0.0,-0.0,0.0,0.0,0.0
2024-09-01 12:00:00,G30,71,-0.0,-0.0,0.0,0.0,0.0
2024-09-01 12:00:00,G31,72,-0.0,-0.0,0.0,0.0,0.0
2024-09-01 12:00:00,G32,73,-0.0,-0.0,0.0,0.0,0.0
2024-09-01 12:00:00,G33,75,-0.0,-0.0,-0.0,0.0,0.0
2024-09-01 12:00:00,G34,76,-0.0,-0.0,0.0,0.0,0.0
2024-09-01 12:00:00,G35,79,-0.0,-0.0,-0.0,0.0,0.0
2024-09-01 12:00:00,G36,84,-0.0,-0.0,-0.0,0.0,0.0
2024-09-01 12:00:00,G37,86,-0.0,-0.0,0.0,0.0,0.0
2024-09-01 12:00:00,G38,88,-0.0,-0.0,0.0,0.0,0.0
2024-09-01 12:00:00,G39,89,-0.0,-0.0,0.0,0.0,0.0
2024-09-01 12:00:00,G40,90,-0.0,-0.0,0.0,0.0,0.0
2024-09-01 12:00:00,G41,91,-0.0,-0.0,0.0,0.0,0.0
2024-09-01 12:00:00,G42,98,-0.0,-0.0,0.0,0.0,0.0
2024-09-01 12:00:00,G43,99,0.002326134300927958,0.08187992739266413,0.0,0.0,0.0
2024-09-01 12:00:00,G44,102,-0.0,-0.0,-0.0,0.0,0.0
2024-09-01 12:00:00,G45,103,-0.0,-0.0,0.0,0.0,0.0
2024-09-01 12:00:00,G46,104,-0.0,-0.0,0.0,0.0,0.0
2024-09-01 12:00:00,G47,106,-0.0,-0.0,0.0,0.0,0.0
2024-09-01 12:00:00,G48,109,-0.0,-0.0,0.0,0.0,0.0
2024-09-01 12:00:00,G49,110,-0.0,-0.0,0.0,0.0,0.0
2024-09-01 12:00:00,G50,111,-0.0,-0.0,-0.0,0.0,0.0
2024-09-01 12:00:00,G51,112,-0.0,-0.0,-0.0,0.0,0.0
2024-09-01 12:00:00,G52,115,-0.0,-0.0,-0.0,0.0,0.0
2024-09-01 12:00:00,EMG_1,0,1.0,0.0,0.0,0.0,0.0
2024-09-01 12:00:00,EMG_2,1,1.0,0.0,0.0,0.0,0.0
2024-09-01 12:00:00,EMG_3,2,1.0,0.0,0.0,0.0,0.0
2024-09-01 13:00:00,EG0,68,-0.0,-0.0,0.0,0.0,0.0
2024-09-01 13:00:00,G0,0,0.013082423602037905,0.9708446851899214,0.1819770148687546,0.0,0.0
2024-09-01 13:00:00,G1,3,-0.0,-0.0,-0.0,0.0,0.0
2024-09-01 13:00:00,G2,5,-0.0,-0.0,-0.0,0.0,0.0
2024-09-01 13:00:00,G3,7,-0.0,-0.0,0.0,0.0,0.0
2024-09-01 13:00:00,G4,9,-0.0,-0.0,-0.0,0.0,0.0
2024-09-01 13:00:00,G5,11,-0.0,-0.0,-0.0,0.0,0.0
2024-09-01 13:00:00,G6,14,-0.0,-0.0,0.0,0.0,0.0
2024-09-01 13:00:00,G7,17,-0.0,-0.0,0.0,0.0,0.0
2024-09-01 13:00:00,G8,18,-0.0,-0.0,-0.0,0.0,0.0
2024-09-01 13:00:00,G9,23,-0.0,-0.0,0.0,0.0,0.0
2024-09-01 13:00:00,G10,24,-0.0,-0.0,0.0,0.0,0.0
2024-09-01 13:00:00,G11,25,-0.0,-0.0,0.0,0.0,0.0
2024-09-01 13:00:00,G12,26,-0.0,0.0,0.0,0.0,0.0
2024-09-01 13:00:00,G13,30,-0.0,-0.0,-0.0,0.0,0.0
2024-09-01 13:00:00,G14,31,-0.0,-0.0,-0.0,0.0,0.0
2024-09-01 13:00:00,G15,33,-0.0,-0.0,-0.0,0.0,0.0
2024-09-01 13:00:00,G16,35,-0.0,-0.0,0.0,0.0,0.0
2024-09-01 13:00:00,G17,39,-0.0,-0.0,0.0,0.0,0.0
2024-09-01 13:00:00,G18,41,-0.0,-0.0,-0.0,0.0,0.0
2024-09-01 13:00:00,G19,45,-0.0,-0.0,-0.0,0.0,0.0
2024-09-01 13:00:00,G20,48,-0.0,-0.0,0.0,0.0,0.0
2024-09-01 13:00:00,G21,53,-0.0,-0.0,0.0,0.0,0.0
2024-09-01 13:00:00,G22,54,-0.0,-0.0,0.0,0.0,0.0
2024-09-01 13:00:00,G23,55,-0.0,-0.0,-0.0,0.0,0.0
2024-09-01 13:00:00,G24,58,-0.0,-0.0,0.0,0.0,0.0
2024-09-01 13:00:00,G25,60,-0.0,-0.0,-0.0,0.0,0.0
2024-09-01 13:00:00,G26,61,-0.0,-0.0,-0.0,0.0,0.0
2024-09-01 13:00:00,G27,64,-0.0,-0.0,0.0,0.0,0.0
2024-09-01 13:00:00,G28,65,-0.0,-0.0,0.0,0.0,0.0
2024-09-01 13:00:00,G29,69,-0.0,-0.0,0.0,0.0,0.0
2024-09-01 13:00:00,G30,71,-0.0,-0.0,0.0,0.0,0.0
2024-09-01 13:00:00,G31,72,-0.0,-0.0,-0.0,0.0,0.0
2024-09-01 13:00:00,G32,73,-0.0,-0.0,-0.0,0.0,0.0
2024-09-01 13:00:00,G33,75,-0.0,-0.0,-0.0,0.0,0.0
2024-09-01 13:00:00,G34,76,-0.0,-0.0,0.0,0.0,0.0
2024-09-01 13:00:00,G35,79,-0.0,-0.0,0.0,0.0,0.0
2024-09-01 13:00:00,G36,84,-0.0,-0.0,0.0,0.0,0.0
2024-09-01 13:00:00,G37,86,-0.0,-0.0,0.0,0.0,0.0
2024-09-01 13:00:00,G38,88,-0.0,-0.0,0.0,0.0,0.0
2024-09-01 13:00:00,G39,89,-0.0,-0.0,0.0,0.0,0.0
2024-09-01 13:00:00,G40,90,-0.0,-0.0,0.0,0.0,0.0
2024-09-01 13:00:00,G41,91,-0.0,-0.0,0.0,0.0,0.0
2024-09-01 13:00:00,G42,98,-0.0,-0.0,0.0,0.0,0.0
2024-09-01 13:00:00,G43,99,0.002326134300927958,0.08187992739266413,0.0,0.0,0.0
2024-09-01 13:00:00,G44,102,-0.0,-0.0,-0.0,0.0,0.0
2024-09-01 13:00:00,G45,103,-0.0,-0.0,0.0,0.0,0.0
2024-09-01 13:00:00,G46,104,-0.0,-0.0,0.0,0.0,0.0
2024-09-01 13:00:00,G47,106,-0.0,-0.0,-0.0,0.0,0.0
2024-09-01 13:00:00,G48,109,-0.0,-0.0,-0.0,0.0,0.0
2024-09-01 13:00:00,G49,110,-0.0,-0.0,-0.0,0.0,0.0
2024-09-01 13:00:00,G50,111,-0.0,-0.0,0.0,0.0,0.0
2024-09-01 13:00:00,G51,112,-0.0,-0.0,0.0,0.0,0.0
2024-09-01 13:00:00,G52,115,-0.0,-0.0,0.0,0.0,0.0
2024-09-01 13:00:00,EMG_1,0,1.0,0.0,0.0,0.0,0.0
2024-09-01 13:00:00,EMG_2,1,1.0,0.0,0.0,0.0,0.0
2024-09-01 13:00:00,EMG_3,2,1.0,0.0,0.0,0.0,0.0
2024-09-01 14:00:00,EG0,68,-0.0,-0.0,0.0,0.0,0.0
2024-09-01 14:00:00,G0,0,0.013082423602037905,0.9612626085781053,0.18302417542667138,0.0,0.0
2024-09-01 14:00:00,G1,3,-0.0,-0.0,0.0,0.0,0.0
2024-09-01 14:00:00,G2,5,-0.0,-0.0,0.0,0.0,0.0
2024-09-01 14:00:00,G3,7,-0.0,-0.0,0.0,0.0,0.0
2024-09-01 14:00:00,G4,9,-0.0,-0.0,0.0,0.0,0.0
2024-09-01 14:00:00,G5,11,-0.0,-0.0,0.0,0.0,0.0
2024-09-01 14:00:00,G6,14,-0.0,-0.0,-0.0,0.0,0.0
2024-09-01 14:00:00,G7,17,-0.0,-0.0,0.0,0.0,0.0
2024-09-01 14:00:00,G8,18,-0.0,-0.0,0.0,0.0,0.0
2024-09-01 14:00:00,G9,23,-0.0,-0.0,-0.0,0.0,0.0
2024-09-01 14:00:00,G10,24,-0.0,-0.0,0.0,0.0,0.0
2024-09-01 14:00:00,G11,25,-0.0,-0.0,0.0,0.0,0.0
2024-09-01 14:00:00,G12,26,-0.0,-0.0,0.0,0.0,0.0
2024-09-01 14:00:00,G13,30,-0.0,-0.0,0.0,0.0,0.0
2024-09-01 14:00:00,G14,31,-0.0,-0.0,-0.0,0.0,0.0
2024-09-01 14:00:00,G15,33,-0.0,-0.0,-0.0,0.0,0.0
2024-09-01 14:00:00,G16,35,-0.0,-0.0,0.0,0.0,0.0
2024-09-01 14:00:00,G17,39,-0.0,-0.0,0.0,0.0,0.0
2024-09-01 14:00:00,G18,41,-0.0,-0.0,0.0,0.0,0.0
2024-09-01 14:00:00,G19,45,-0.0,-0.0,0.0,0.0,0.0
2024-09-01 14:00:00,G20,48,-0.0,-0.0,0.0,0.0,0.0
2024-09-01 14:00:00,G21,53,-0.0,-0.0,0.0,0.0,0.0
2024-09-01 14:00:00,G22,54,-0.0,-0.0,0.0,0.0,0.0
2024-09-01 14:00:00,G23,55,-0.0,-0.0,0.0,0.0,0.0
2024-09-01 14:00:00,G24,58,-0.0,-0.0,-0.0,0.0,0.0
2024-09-01 14:00:00,G25,60,-0.0,-0.0,0.0,0.0,0.0
2024-09-01 14:00:00,G26,61,-0.0,-0.0,0.0,0.0,0.0
2024-09-01 14:00:00,G27,64,-0.0,-0.0,0.0,0.0,0.0
2024-09-01 14:00:00,G28,65,-0.0,-0.0,0.0,0.0,0.0
2024-09-01 14:00:00,G29,69,-0.0,-0.0,0.0,0.0,0.0
2024-09-01 14:00:00,G30,71,-0.0,-0.0,0.0,0.0,0.0
2024-09-01 14:00:00,G31,72,-0.0,-0.0,-0.0,0.0,0.0
2024-09-01 14:00:00,G32,73,-0.0,-0.0,-0.0,0.0,0.0
2024-09-01 14:00:00,G33,75,-0.0,-0.0,0.0,0.0,0.0
2024-09-01 14:00:00,G34,76,-0.0,-0.0,-0.0,0.0,0.0
2024-09-01 14:00:00,G35,79,-0.0,-0.0,0.0,0.0,0.0
2024-09-01 14:00:00,G36,84,-0.0,-0.0,0.0,0.0,0.0
2024-09-01 14:00:00,G37,86,-0.0,-0.0,0.0,0.0,0.0
2024-09-01 14:00:00,G38,88,-0.0,-0.0,0.0,0.0,0.0
2024-09-01 14:00:00,G39,89,-0.0,-0.0,-0.0,0.0,0.0
2024-09-01 14:00:00,G40,90,-0.0,-0.0,0.0,0.0,0.0
2024-09-01 14:00:00,G41,91,-0.0,-0.0,0.0,0.0,0.0
2024-09-01 14:00:00,G42,98,-0.0,-0.0,0.0,0.0,0.0
2024-09-01 14:00:00,G43,99,0.002326134300927958,0.08187992739266413,0.0,0.0,0.0
2024-09-01 14:00:00,G44,102,-0.0,-0.0,0.0,0.0,0.0
2024-09-01 14:00:00,G45,103,-0.0,-0.0,0.0,0.0,0.0
2024-09-01 14:00:00,G46,104,-0.0,-0.0,0.0,0.0,0.0
2024-09-01 14:00:00,G47,106,-0.0,-0.0,0.0,0.0,0.0
2024-09-01 14:00:00,G48,109,-0.0,-0.0,0.0,0.0,0.0
2024-09-01 14:00:00,G49,110,-0.0,-0.0,0.0,0.0,0.0
2024-09-01 14:00:00,G50,111,-0.0,-0.0,0.0,0.0,0.0
2024-09-01 14:00:00,G51,112,-0.0,-0.0,-0.0,0.0,0.0
2024-09-01 14:00:00,G52,115,-0.0,-0.0,-0.0,0.0,0.0
2024-09-01 14:00:00,EMG_1,0,1.0,0.0,0.0,0.0,0.0
2024-09-01 14:00:00,EMG_2,1,1.0,0.0,0.0,0.0,0.0
2024-09-01 14:00:00,EMG_3,2,1.0,0.0,0.0,0.0,0.0
2024-09-01 15:00:00,EG0,68,-0.0,-0.0,0.0,0.0,0.0
2024-09-01 15:00:00,G0,0,0.013082423602037905,0.9887538278125257,0.1849739452683563,0.0,0.0
2024-09-01 15:00:00,G1,3,-0.0,-0.0,0.0,0.0,0.0
2024-09-01 15:00:00,G2,5,-0.0,-0.0,0.0,0.0,0.0
2024-09-01 15:00:00,G3,7,-0.0,-0.0,0.0,0.0,0.0
2024-09-01 15:00:00,G4,9,-0.0,-0.0,-0.0,0.0,0.0
2024-09-01 15:00:00,G5,11,-0.0,-0.0,-0.0,0.0,0.0
2024-09-01 15:00:00,G6,14,-0.0,-0.0,0.0,0.0,0.0
2024-09-01 15:00:00,G7,17,-0.0,-0.0,0.0,0.0,0.0
2024-09-01 15:00:00,G8,18,-0.0,-0.0,0.0,0.0,0.0
2024-09-01 15:00:00,G9,23,-0.0,-0.0,-0.0,0.0,0.0
2024-09-01 15:00:00,G10,24,-0.0,-0.0,0.0,0.0,0.0
2024-09-01 15:00:00,G11,25,-0.0,-0.0,-0.0,0.0,0.0
2024-09-01 15:00:00,G12,26,-0.0,-0.0,0.0,0.0,0.0
2024-09-01 15:00:00,G13,30,-0.0,-0.0,0.0,0.0,0.0
2024-09-01 15:00:00,G14,31,-0.0,-0.0,-0.0,0.0,0.0
2024-09-01 15:00:00,G15,33,-0.0,-0.0,0.0,0.0,0.0
2024-09-01 15:00:00,G16,35,-0.0,-0.0,-0.0,0.0,0.0
2024-09-01 15:00:00,G17,39,-0.0,-0.0,-0.0,0.0,0.0
2024-09-01 15:00:00,G18,41,-0.0,-0.0,-0.0,0.0,0.0
2024-09-01 15:00:00,G19,45,-0.0,-0.0,0.0,0.0,0.0
2024-09-01 15:00:00,G20,48,-0.0,-0.0,-0.0,0.0,0.0
2024-09-01 15:00:00,G21,53,-0.0,-0.0,-0.0,0.0,0.0
2024-09-01 15:00:00,G22,54,-0.0,-0.0,-0.0,0.0,0.0
2024-09-01 15:00:00,G23,55,-0.0,-0.0,-0.0,0.0,0.0
2024-09-01 15:00:00,G24,58,-0.0,-0.0,0.0,0.0,0.0
2024-09-01 15:00:00,G25,60,-0.0,-0.0,-0.0,0.0,0.0
2024-09-01 15:00:00,G26,61,-0.0,-0.0,-0.0,0.0,0.0
2024-09-01 15:00:00,G27,64,-0.0,-0.0,-0.0,0.0,0.0
2024-09-01 15:00:00,G28,65,-0.0,-0.0,-0.0,0.0,0.0
2024-09-01 15:00:00,G29,69,-0.0,-0.0,-0.0,0.0,0.0
2024-09-01 15:00:00,G30,71,-0.0,-0.0,0.0,0.0,0.0
2024-09-01 15:00:00,G31,72,-0.0,-0.0,-0.0,0.0,0.0
2024-09-01 15:00:00,G32,73,-0.0,-0.0,0.0,0.0,0.0
2024-09-01 15:00:00,G33,75,-0.0,-0.0,-0.0,0.0,0.0
2024-09-01 15:00:00,G34,76,-0.0,-0.0,0.0,0.0,0.0
2024-09-01 15:00:00,G35,79,-0.0,-0.0,-0.0,0.0,0.0
2024-09-01 15:00:00,G36,84,-0.0,-0.0,-0.0,0.0,0.0
2024-09-01 15:00:00,G37,86,-0.0,-0.0,-0.0,0.0,0.0
2024-09-01 15:00:00,G38,88,-0.0,-0.0,0.0,0.0,0.0
2024-09-01 15:00:00,G39,89,-0.0,-0.0,-0.0,0.0,0.0
2024-09-01 15:00:00,G40,90,-0.0,-0.0,0.0,0.0,0.0
2024-09-01 15:00:00,G41,91,-0.0,-0.0,0.0,0.0,0.0
2024-09-01 15:00:00,G42,98,-0.0,-0.0,0.0,0.0,0.0
2024-09-01 15:00:00,G43,99,0.002326134300927958,0.08187992739266413,0.0,0.0,0.0
2024-09-01 15:00:00,G44,102,-0.0,-0.0,0.0,0.0,0.0
2024-09-01 15:00:00,G45,103,-0.0,-0.0,0.0,0.0,0.0
2024-09-01 15:00:00,G46,104,-0.0,-0.0,-0.0,0.0,0.0
2024-09-01 15:00:00,G47,106,-0.0,-0.0,0.0,0.0,0.0
2024-09-01 15:00:00,G48,109,-0.0,-0.0,-0.0,0.0,0.0
2024-09-01 15:00:00,G49,110,-0.0,-0.0,-0.0,0.0,0.0
2024-09-01 15:00:00,G50,111,-0.0,-0.0,0.0,0.0,0.0
2024-09-01 15:00:00,G51,112,-0.0,-0.0,0.0,0.0,0.0
2024-09-01 15:00:00,G52,115,-0.0,-0.0,-0.0,0.0,0.0
2024-09-01 15:00:00,EMG_1,0,1.0,0.0,0.0,0.0,0.0
2024-09-01 15:00:00,EMG_2,1,1.0,0.0,0.0,0.0,0.0
2024-09-01 15:00:00,EMG_3,2,1.0,0.0,0.0,0.0,0.0
2024-09-01 16:00:00,EG0,68,-0.0,-0.0,0.0,0.0,0.0
2024-09-01 16:00:00,G0,0,0.013082423602037905,1.040454692816248,0.1883812489319582,0.0,0.0
2024-09-01 16:00:00,G1,3,-0.0,-0.0,0.0,0.0,0.0
2024-09-01 16:00:00,G2,5,-0.0,-0.0,0.0,0.0,0.0
2024-09-01 16:00:00,G3,7,-0.0,-0.0,0.0,0.0,0.0
2024-09-01 16:00:00,G4,9,-0.0,-0.0,-0.0,0.0,0.0
2024-09-01 16:00:00,G5,11,-0.0,-0.0,0.0,0.0,0.0
2024-09-01 16:00:00,G6,14,-0.0,-0.0,0.0,0.0,0.0
2024-09-01 16:00:00,G7,17,-0.0,-0.0,0.0,0.0,0.0
2024-09-01 16:00:00,G8,18,-0.0,-0.0,0.0,0.0,0.0
2024-09-01 16:00:00,G9,23,-0.0,-0.0,0.0,0.0,0.0
2024-09-01 16:00:00,G10,24,-0.0,-0.0,0.0,0.0,0.0
2024-09-01 16:00:00,G11,25,-0.0,-0.0,0.0,0.0,0.0
2024-09-01 16:00:00,G12,26,-0.0,-0.0,0.0,0.0,0.0
2024-09-01 16:00:00,G13,30,-0.0,-0.0,0.0,0.0,0.0
2024-09-01 16:00:00,G14,31,-0.0,-0.0,0.0,0.0,0.0
2024-09-01 16:00:00,G15,33,-0.0,-0.0,0.0,0.0,0.0
2024-09-01 16:00:00,G16,35,-0.0,-0.0,0.0,0.0,0.0
2024-09-01 16:00:00,G17,39,-0.0,-0.0,0.0,0.0,0.0
2024-09-01 16:00:00,G18,41,-0.0,-0.0,0.0,0.0,0.0
2024-09-01 16:00:00,G19,45,-0.0,-0.0,0.0,0.0,0.0
2024-09-01 16:00:00,G20,48,-0.0,-0.0,-0.0,0.0,0.0
2024-09-01 16:00:00,G21,53,-0.0,-0.0,-0.0,0.0,0.0
2024-09-01 16:00:00,G22,54,-0.0,-0.0,-0.0,0.0,0.0
2024-09-01 16:00:00,G23,55,-0.0,-0.0,0.0,0.0,0.0
2024-09-01 16:00:00,G24,58,-0.0,-0.0,0.0,0.0,0.0
2024-09-01 16:00:00,G25,60,-0.0,-0.0,0.0,0.0,0.0
2024-09-01 16:00:00,G26,61,-0.0,-0.0,-0.0,0.0,0.0
2024-09-01 16:00:00,G27,64,-0.0,-0.0,-0.0,0.0,0.0
2024-09-01 16:00:00,G28,65,-0.0,-0.0,0.0,0.0,0.0
2024-09-01 16:00:00,G29,69,-0.0,-0.0,0.0,0.0,0.0
2024-09-01 16:00:00,G30,71,-0.0,-0.0,-0.0,0.0,0.0
2024-09-01 16:00:00,G31,72,-0.0,-0.0,0.0,0.0,0.0
2024-09-01 16:00:00,G32,73,-0.0,-0.0,0.0,0.0,0.0
2024-09-01 16:00:00,G33,75,-0.0,-0.0,0.0,0.0,0.0
2024-09-01 16:00:00,G34,76,-0.0,-0.0,0.0,0.0,0.0
2024-09-01 16:00:00,G35,79,-0.0,-0.0,0.0,0.0,0.0
2024-09-01 16:00:00,G36,84,-0.0,-0.0,-0.0,0.0,0.0
2024-09-01 16:00:00,G37,86,-0.0,-0.0,0.0,0.0,0.0
2024-09-01 16:00:00,G38,88,-0.0,-0.0,0.0,0.0,0.0
2024-09-01 16:00:00,G39,89,-0.0,-0.0,0.0,0.0,0.0
2024-09-01 16:00:00,G40,90,-0.0,-0.0,0.0,0.0,0.0
2024-09-01 16:00:00,G41,91,-0.0,-0.0,-0.0,0.0,0.0
2024-09-01 16:00:00,G42,98,-0.0,-0.0,0.0,0.0,0.0
2024-09-01 16:00:00,G43,99,0.002326134300927958,0.08187992739266413,0.0,0.0,0.0
2024-09-01 16:00:00,G44,102,-0.0,-0.0,0.0,0.0,0.0
2024-09-01 16:00:00,G45,103,-0.0,-0.0,0.0,0.0,0.0
2024-09-01 16:00:00,G46,104,-0.0,-0.0,0.0,0.0,0.0
2024-09-01 16:00:00,G47,106,-0.0,-0.0,0.0,0.0,0.0
2024-09-01 16:00:00,G48,109,-0.0,-0.0,0.0,0.0,0.0
2024-09-01 16:00:00,G49,110,-0.0,-0.0,0.0,0.0,0.0
2024-09-01 16:00:00,G50,111,-0.0,-0.0,0.0,0.0,0.0
2024-09-01 16:00:00,G51,112,-0.0,-0.0,0.0,0.0,0.0
2024-09-01 16:00:00,G52,115,-0.0,-0.0,0.0,0.0,0.0
2024-09-01 16:00:00,EMG_1,0,1.0,0.0,0.0,0.0,0.0
2024-09-01 16:00:00,EMG_2,1,1.0,0.0,0.0,0.0,0.0
2024-09-01 16:00:00,EMG_3,2,1.0,0.0,0.0,0.0,0.0
2024-09-01 17:00:00,EG0,68,-0.0,-0.0,0.0,0.0,0.0
2024-09-01 17:00:00,G0,0,0.013082423602037905,1.1355463255590186,0.1726960346447719,0.0,0.0
2024-09-01 17:00:00,G1,3,-0.0,-0.0,0.0,0.0,0.0
2024-09-01 17:00:00,G2,5,-0.0,-0.0,-0.0,0.0,0.0
2024-09-01 17:00:00,G3,7,-0.0,-0.0,0.0,0.0,0.0
2024-09-01 17:00:00,G4,9,-0.0,-0.0,-0.0,0.0,0.0
2024-09-01 17:00:00,G5,11,-0.0,-0.0,-0.0,0.0,0.0
2024-09-01 17:00:00,G6,14,-0.0,-0.0,-0.0,0.0,0.0
2024-09-01 17:00:00,G7,17,-0.0,-0.0,-0.0,0.0,0.0
2024-09-01 17:00:00,G8,18,-0.0,-0.0,0.0,0.0,0.0
2024-09-01 17:00:00,G9,23,-0.0,-0.0,-0.0,0.0,0.0
2024-09-01 17:00:00,G10,24,-0.0,-0.0,-0.0,0.0,0.0
2024-09-01 17:00:00,G11,25,-0.0,-0.0,-0.0,0.0,0.0
2024-09-01 17:00:00,G12,26,-0.0,-0.0,-0.0,0.0,0.0
2024-09-01 17:00:00,G13,30,-0.0,-0.0,0.0,0.0,0.0
2024-09-01 17:00:00,G14,31,-0.0,-0.0,0.0,0.0,0.0
2024-09-01 17:00:00,G15,33,-0.0,-0.0,0.0,0.0,0.0
2024-09-01 17:00:00,G16,35,-0.0,-0.0,0.0,0.0,0.0
2024-09-01 17:00:00,G17,39,-0.0,-0.0,0.0,0.0,0.0
2024-09-01 17:00:00,G18,41,-0.0,-0.0,0.0,0.0,0.0
2024-09-01 17:00:00,G19,45,-0.0,-0.0,0.0,0.0,0.0
2024-09-01 17:00:00,G20,48,-0.0,-0.0,-0.0,0.0,0.0
2024-09-01 17:00:00,G21,53,-0.0,-0.0,0.0,0.0,0.0
2024-09-01 17:00:00,G22,54,-0.0,-0.0,-0.0,0.0,0.0
2024-09-01 17:00:00,G23,55,-0.0,-0.0,0.0,0.0,0.0
2024-09-01 17:00:00,G24,58,-0.0,-0.0,0.0,0.0,0.0
2024-09-01 17:00:00,G25,60,-0.0,-0.0,0.0,0.0,0.0
2024-09-01 17:00:00,G26,61,-0.0,-0.0,-0.0,0.0,0.0
2024-09-01 17:00:00,G27,64,-0.0,-0.0,0.0,0.0,0.0
2024-09-01 17:00:00,G28,65,-0.0,-0.0,-0.0,0.0,0.0
2024-09-01 17:00:00,G29,69,-0.0,-0.0,0.0,0.0,0.0
2024-09-01 17:00:00,G30,71,-0.0,-0.0,-0.0,0.0,0.0
2024-09-01 17:00:00,G31,72,-0.0,-0.0,0.0,0.0,0.0
2024-09-01 17:00:00,G32,73,-0.0,-0.0,0.0,0.0,0.0
2024-09-01 17:00:00,G33,75,-0.0,-0.0,0.0,0.0,0.0
2024-09-01 17:00:00,G34,76,-0.0,-0.0,0.0,0.0,0.0
2024-09-01 17:00:00,G35,79,-0.0,-0.0,0.0,0.0,0.0
2024-09-01 17:00:00,G36,84,-0.0,-0.0,-0.0,0.0,0.0
2024-09-01 17:00:00,G37,86,-0.0,-0.0,0.0,0.0,0.0
2024-09-01 17:00:00,G38,88,-0.0,-0.0,0.0,0.0,0.0
2024-09-01 17:00:00,G39,89,-0.0,-0.0,0.0,0.0,0.0
2024-09-01 17:00:00,G40,90,-0.0,-0.0,0.0,0.0,0.0
2024-09-01 17:00:00,G41,91,-0.0,-0.0,0.0,0.0,0.0
2024-09-01 17:00:00,G42,98,-0.0,-0.0,-0.0,0.0,0.0
2024-09-01 17:00:00,G43,99,0.002326134300927958,0.08187992739266413,0.025445853608539765,0.0,0.0
2024-09-01 17:00:00,G44,102,-0.0,-0.0,0.0,0.0,0.0
2024-09-01 17:00:00,G45,103,-0.0,-0.0,-0.0,0.0,0.0
2024-09-01 17:00:00,G46,104,-0.0,-0.0,-0.0,0.0,0.0
2024-09-01 17:00:00,G47,106,-0.0,-0.0,0.0,0.0,0.0
2024-09-01 17:00:00,G48,109,-0.0,-0.0,0.0,0.0,0.0
2024-09-01 17:00:00,G49,110,-0.0,-0.0,0.0,0.0,0.0
2024-09-01 17:00:00,G50,111,-0.0,-0.0,0.0,0.0,0.0
2024-09-01 17:00:00,G51,112,-0.0,-0.0,0.0,0.0,0.0
2024-09-01 17:00:00,G52,115,-0.0,-0.0,-0.0,0.0,0.0
2024-09-01 17:00:00,EMG_1,0,1.0,0.0,0.0,0.0,0.0
2024-09-01 17:00:00,EMG_2,1,1.0,0.0,0.0,0.0,0.0
2024-09-01 17:00:00,EMG_3,2,1.0,0.0,0.0,0.0,0.0
2024-09-01 18:00:00,EG0,68,-0.0,-0.0,0.0,0.0,0.0
2024-09-01 18:00:00,G0,0,0.013082423602037905,0.489066653154113,0.20782585179503243,0.0,0.0
2024-09-01 18:00:00,G1,3,-0.0,-0.0,0.0,0.0,0.0
2024-09-01 18:00:00,G2,5,-0.0,-0.0,-0.0,0.0,0.0
2024-09-01 18:00:00,G3,7,-0.0,-0.0,0.0,0.0,0.0
2024-09-01 18:00:00,G4,9,-0.0,-0.0,0.0,0.0,0.0
2024-09-01 18:00:00,G5,11,-0.0,-0.0,0.0,0.0,0.0
2024-09-01 18:00:00,G6,14,-0.0,-0.0,0.0,0.0,0.0
2024-09-01 18:00:00,G7,17,-0.0,-0.0,0.0,0.0,0.0
2024-09-01 18:00:00,G8,18,-0.0,-0.0,-0.0,0.0,0.0
2024-09-01 18:00:00,G9,23,-0.0,-0.0,0.0,0.0,0.0
2024-09-01 18:00:00,G10,24,-0.0,-0.0,-0.0,0.0,0.0
2024-09-01 18:00:00,G11,25,-0.0,-0.0,-0.0,0.0,0.0
2024-09-01 18:00:00,G12,26,-0.0,-0.0,0.0,0.0,0.0
2024-09-01 18:00:00,G13,30,-0.0,-0.0,0.0,0.0,0.0
2024-09-01 18:00:00,G14,31,-0.0,-0.0,0.0,0.0,0.0
2024-09-01 18:00:00,G15,33,-0.0,-0.0,-0.0,0.0,0.0
2024-09-01 18:00:00,G16,35,-0.0,-0.0,0.0,0.0,0.0
2024-09-01 18:00:00,G17,39,-0.0,-0.0,-0.0,0.0,0.0
2024-09-01 18:00:00,G18,41,-0.0,-0.0,0.0,0.0,0.0
2024-09-01 18:00:00,G19,45,-0.0,-0.0,0.0,0.0,0.0
2024-09-01 18:00:00,G20,48,-0.0,-0.0,-0.0,0.0,0.0
2024-09-01 18:00:00,G21,53,-0.0,-0.0,0.0,0.0,0.0
2024-09-01 18:00:00,G22,54,-0.0,-0.0,0.0,0.0,0.0
2024-09-01 18:00:00,G23,55,-0.0,-0.0,0.0,0.0,0.0
2024-09-01 18:00:00,G24,58,-0.0,-0.0,0.0,0.0,0.0
2024-09-01 18:00:00,G25,60,-0.0,-0.0,0.0,0.0,0.0
2024-09-01 18:00:00,G26,61,-0.0,-0.0,0.0,0.0,0.0
2024-09-01 18:00:00,G27,64,-0.0,-0.0,0.0,0.0,0.0
2024-09-01 18:00:00,G28,65,-0.0,-0.0,-0.0,0.0,0.0
2024-09-01 18:00:00,G29,69,-0.0,-0.0,0.0,0.0,0.0
2024-09-01 18:00:00,G30,71,-0.0,-0.0,0.0,0.0,0.0
2024-09-01 18:00:00,G31,72,-0.0,-0.0,0.0,0.0,0.0
2024-09-01 18:00:00,G32,73,-0.0,-0.0,0.0,0.0,0.0
2024-09-01 18:00:00,G33,75,-0.0,-0.0,-0.0,0.0,0.0
2024-09-01 18:00:00,G34,76,-0.0,-0.0,-0.0,0.0,0.0
2024-09-01 18:00:00,G35,79,-0.0,-0.0,0.0,0.0,0.0
2024-09-01 18:00:00,G36,84,-0.0,-0.0,0.0,0.0,0.0
2024-09-01 18:00:00,G37,86,-0.0,-0.0,0.0,0.0,0.0
2024-09-01 18:00:00,G38,88,-0.0,-0.0,0.0,0.0,0.0
2024-09-01 18:00:00,G39,89,-0.0,-0.0,-0.0,0.0,0.0
2024-09-01 18:00:00,G40,90,-0.0,-0.0,0.0,0.0,0.0
2024-09-01 18:00:00,G41,91,-0.0,-0.0,0.0,0.0,0.0
2024-09-01 18:00:00,G42,98,-0.0,-0.0,-0.0,0.0,0.0
2024-09-01 18:00:00,G43,99,0.002326134300927958,0.8187992739266412,0.0,0.0,0.0
2024-09-01 18:00:00,G44,102,-0.0,-0.0,-0.0,0.0,0.0
2024-09-01 18:00:00,G45,103,-0.0,-0.0,0.0,0.0,0.0
2024-09-01 18:00:00,G46,104,-0.0,-0.0,0.0,0.0,0.0
2024-09-01 18:00:00,G47,106,-0.0,-0.0,-0.0,0.0,0.0
2024-09-01 18:00:00,G48,109,-0.0,-0.0,0.0,0.0,0.0
2024-09-01 18:00:00,G49,110,-0.0,-0.0,0.0,0.0,0.0
2024-09-01 18:00:00,G50,111,-0.0,-0.0,-0.0,0.0,0.0
2024-09-01 18:00:00,G51,112,-0.0,-0.0,0.0,0.0,0.0
2024-09-01 18:00:00,G52,115,-0.0,-0.0,0.0,0.0,0.0
2024-09-01 18:00:00,EMG_1,0,1.0,0.0,0.0,0.0,0.0
2024-09-01 18:00:00,EMG_2,1,1.0,0.0,0.0,0.0,0.0
2024-09-01 18:00:00,EMG_3,2,1.0,0.0,0.0,0.0,0.0
2024-09-01 19:00:00,EG0,68,-0.0,-0.0,0.0,0.0,0.0
2024-09-01 19:00:00,G0,0,0.013082423602037905,1.3082423602037905,0.0,0.0,0.0
2024-09-01 19:00:00,G1,3,-0.0,-0.0,0.0,0.0,0.0
2024-09-01 19:00:00,G2,5,-0.0,-0.0,0.0,0.0,0.0
2024-09-01 19:00:00,G3,7,-0.0,-0.0,0.0,0.0,0.0
2024-09-01 19:00:00,G4,9,-0.0,-0.0,0.0,0.0,0.0
2024-09-01 19:00:00,G5,11,-0.0,-0.0,0.0,0.0,0.0
2024-09-01 19:00:00,G6,14,-0.0,-0.0,0.0,0.0,0.0
2024-09-01 19:00:00,G7,17,-0.0,-0.0,0.0,0.0,0.0
2024-09-01 19:00:00,G8,18,-0.0,-0.0,0.0,0.0,0.0
2024-09-01 19:00:00,G9,23,-0.0,-0.0,0.0,0.0,0.0
2024-09-01 19:00:00,G10,24,-0.0,-0.0,0.0,0.0,0.0
2024-09-01 19:00:00,G11,25,-0.0,-0.0,0.0,0.0,0.0
2024-09-01 19:00:00,G12,26,-0.0,-0.0,0.0,0.0,0.0
2024-09-01 19:00:00,G13,30,-0.0,-0.0,0.0,0.0,0.0
2024-09-01 19:00:00,G14,31,-0.0,-0.0,0.0,0.0,0.0
2024-09-01 19:00:00,G15,33,-0.0,-0.0,0.0,0.0,0.0
2024-09-01 19:00:00,G16,35,-0.0,-0.0,0.0,0.0,0.0
2024-09-01 19:00:00,G17,39,-0.0,-0.0,-0.0,0.0,0.0
2024-09-01 19:00:00,G18,41,-0.0,-0.0,0.0,0.0,0.0
2024-09-01 19:00:00,G19,45,-0.0,-0.0,0.0,0.0,0.0
2024-09-01 19:00:00,G20,48,-0.0,-0.0,0.0,0.0,0.0
2024-09-01 19:00:00,G21,53,-0.0,-0.0,0.0,0.0,0.0
2024-09-01 19:00:00,G22,54,-0.0,-0.0,0.0,0.0,0.0
2024-09-01 19:00:00,G23,55,-0.0,-0.0,-0.0,0.0,0.0
2024-09-01 19:00:00,G24,58,-0.0,-0.0,0.0,0.0,0.0
2024-09-01 19:00:00,G25,60,-0.0,-0.0,0.0,0.0,0.0
2024-09-01 19:00:00,G26,61,-0.0,-0.0,0.0,0.0,0.0
2024-09-01 19:00:00,G27,64,-0.0,-0.0,0.0,0.0,0.0
2024-09-01 19:00:00,G28,65,-0.0,-0.0,0.0,0.0,0.0
2024-09-01 19:00:00,G29,69,-0.0,-0.0,0.0,0.0,0.0
2024-09-01 19:00:00,G30,71,-0.0,-0.0,0.0,0.0,0.0
2024-09-01 19:00:00,G31,72,-0.0,-0.0,0.0,0.0,0.0
2024-09-01 19:00:00,G32,73,-0.0,-0.0,0.0,0.0,0.0
2024-09-01 19:00:00,G33,75,-0.0,-0.0,0.0,0.0,0.0
2024-09-01 19:00:00,G34,76,-0.0,-0.0,0.0,0.0,0.0
2024-09-01 19:00:00,G35,79,-0.0,-0.0,0.0,0.0,0.0
2024-09-01 19:00:00,G36,84,-0.0,-0.0,0.0,0.0,0.0
2024-09-01 19:00:00,G37,86,-0.0,-0.0,0.0,0.0,0.0
2024-09-01 19:00:00,G38,88,-0.0,-0.0,0.0,0.0,0.0
2024-09-01 19:00:00,G39,89,-0.0,-0.0,0.0,0.0,0.0
2024-09-01 19:00:00,G40,90,-0.0,-0.0,0.0,0.0,0.0
2024-09-01 19:00:00,G41,91,-0.0,-0.0,0.0,0.0,0.0
2024-09-01 19:00:00,G42,98,-0.0,-0.0,0.0,0.0,0.0
2024-09-01 19:00:00,G43,99,0.002326134300927958,0.08187992739266413,0.21721399531338278,0.0,0.0
2024-09-01 19:00:00,G44,102,-0.0,-0.0,0.0,0.0,0.0
2024-09-01 19:00:00,G45,103,-0.0,-0.0,0.0,0.0,0.0
2024-09-01 19:00:00,G46,104,-0.0,-0.0,0.0,0.0,0.0
2024-09-01 19:00:00,G47,106,-0.0,-0.0,-0.0,0.0,0.0
2024-09-01 19:00:00,G48,109,-0.0,-0.0,0.0,0.0,0.0
2024-09-01 19:00:00,G49,110,-0.0,-0.0,-0.0,0.0,0.0
2024-09-01 19:00:00,G50,111,-0.0,-0.0,0.0,0.0,0.0
2024-09-01 19:00:00,G51,112,-0.0,-0.0,0.0,0.0,0.0
2024-09-01 19:00:00,G52,115,-0.0,-0.0,0.0,0.0,0.0
2024-09-01 19:00:00,EMG_1,0,1.0,0.0,0.0,0.0,0.0
2024-09-01 19:00:00,EMG_2,1,1.0,0.0,0.0,0.0,0.0
2024-09-01 19:00:00,EMG_3,2,1.0,0.0,0.0,0.0,0.0
2024-09-01 20:00:00,EG0,68,-0.0,-0.0,0.0,0.0,0.0
2024-09-01 20:00:00,G0,0,0.013082423602037905,0.5455442930963531,0.21070743567456773,0.0,0.0
2024-09-01 20:00:00,G1,3,-0.0,-0.0,-0.0,0.0,0.0
2024-09-01 20:00:00,G2,5,-0.0,-0.0,-0.0,0.0,0.0
2024-09-01 20:00:00,G3,7,-0.0,-0.0,0.0,0.0,0.0
2024-09-01 20:00:00,G4,9,-0.0,-0.0,0.0,0.0,0.0
2024-09-01 20:00:00,G5,11,-0.0,-0.0,0.0,0.0,0.0
2024-09-01 20:00:00,G6,14,-0.0,-0.0,-0.0,0.0,0.0
2024-09-01 20:00:00,G7,17,-0.0,-0.0,-0.0,0.0,0.0
2024-09-01 20:00:00,G8,18,-0.0,-0.0,-0.0,0.0,0.0
2024-09-01 20:00:00,G9,23,-0.0,-0.0,-0.0,0.0,0.0
2024-09-01 20:00:00,G10,24,-0.0,-0.0,-0.0,0.0,0.0
2024-09-01 20:00:00,G11,25,-0.0,-0.0,0.0,0.0,0.0
2024-09-01 20:00:00,G12,26,-0.0,-0.0,-0.0,0.0,0.0
2024-09-01 20:00:00,G13,30,-0.0,-0.0,-0.0,0.0,0.0
2024-09-01 20:00:00,G14,31,-0.0,-0.0,-0.0,0.0,0.0
2024-09-01 20:00:00,G15,33,-0.0,-0.0,-0.0,0.0,0.0
2024-09-01 20:00:00,G16,35,-0.0,-0.0,0.0,0.0,0.0
2024-09-01 20:00:00,G17,39,-0.0,-0.0,-0.0,0.0,0.0
2024-09-01 20:00:00,G18,41,-0.0,-0.0,-0.0,0.0,0.0
2024-09-01 20:00:00,G19,45,-0.0,-0.0,0.0,0.0,0.0
2024-09-01 20:00:00,G20,48,-0.0,-0.0,-0.0,0.0,0.0
2024-09-01 20:00:00,G21,53,-0.0,-0.0,0.0,0.0,0.0
2024-09-01 20:00:00,G22,54,-0.0,-0.0,0.0,0.0,0.0
2024-09-01 20:00:00,G23,55,-0.0,-0.0,-0.0,0.0,0.0
2024-09-01 20:00:00,G24,58,-0.0,-0.0,0.0,0.0,0.0
2024-09-01 20:00:00,G25,60,-0.0,-0.0,0.0,0.0,0.0
2024-09-01 20:00:00,G26,61,-0.0,-0.0,0.0,0.0,0.0
2024-09-01 20:00:00,G27,64,-0.0,-0.0,-0.0,0.0,0.0
2024-09-01 20:00:00,G28,65,-0.0,-0.0,-0.0,0.0,0.0
2024-09-01 20:00:00,G29,69,-0.0,-0.0,0.0,0.0,0.0
2024-09-01 20:00:00,G30,71,-0.0,-0.0,-0.0,0.0,0.0
2024-09-01 20:00:00,G31,72,-0.0,-0.0,0.0,0.0,0.0
2024-09-01 20:00:00,G32,73,-0.0,-0.0,0.0,0.0,0.0
2024-09-01 20:00:00,G33,75,-0.0,-0.0,-0.0,0.0,0.0
2024-09-01 20:00:00,G34,76,-0.0,-0.0,0.0,0.0,0.0
2024-09-01 20:00:00,G35,79,-0.0,-0.0,-0.0,0.0,0.0
2024-09-01 20:00:00,G36,84,-0.0,-0.0,0.0,0.0,0.0
2024-09-01 20:00:00,G37,86,-0.0,-0.0,-0.0,0.0,0.0
2024-09-01 20:00:00,G38,88,-0.0,-0.0,-0.0,0.0,0.0
2024-09-01 20:00:00,G39,89,-0.0,-0.0,0.0,0.0,0.0
2024-09-01 20:00:00,G40,90,-0.0,-0.0,0.0,0.0,0.0
2024-09-01 20:00:00,G41,91,-0.0,-0.0,-0.0,0.0,0.0
2024-09-01 20:00:00,G42,98,-0.0,-0.0,0.0,0.0,0.0
2024-09-01 20:00:00,G43,99,0.002326134300927958,0.8187992739266412,-0.0,0.0,0.0
2024-09-01 20:00:00,G44,102,-0.0,-0.0,0.0,0.0,0.0
2024-09-01 20:00:00,G45,103,-0.0,-0.0,0.0,0.0,0.0
2024-09-01 20:00:00,G46,104,-0.0,-0.0,0.0,0.0,0.0
2024-09-01 20:00:00,G47,106,-0.0,-0.0,-0.0,0.0,0.0
2024-09-01 20:00:00,G48,109,-0.0,-0.0,0.0,0.0,0.0
2024-09-01 20:00:00,G49,110,-0.0,-0.0,-0.0,0.0,0.0
2024-09-01 20:00:00,G50,111,-0.0,-0.0,-0.0,0.0,0.0
2024-09-01 20:00:00,G51,112,-0.0,-0.0,-0.0,0.0,0.0
2024-09-01 20:00:00,G52,115,-0.0,-0.0,-0.0,0.0,0.0
2024-09-01 20:00:00,EMG_1,0,1.0,0.0,0.0,0.0,0.0
2024-09-01 20:00:00,EMG_2,1,1.0,0.0,0.0,0.0,0.0
2024-09-01 20:00:00,EMG_3,2,1.0,0.0,0.0,0.0,0.0
2024-09-01 21:00:00,EG0,68,-0.0,-0.0,-0.0,0.0,0.0
2024-09-01 21:00:00,G0,0,0.013082423602037905,1.2603032852699911,0.0,0.0,0.0
2024-09-01 21:00:00,G1,3,-0.0,-0.0,-0.0,0.0,0.0
2024-09-01 21:00:00,G2,5,-0.0,-0.0,-0.0,0.0,0.0
2024-09-01 21:00:00,G3,7,-0.0,-0.0,0.0,0.0,0.0
2024-09-01 21:00:00,G4,9,-0.0,-0.0,0.0,0.0,0.0
2024-09-01 21:00:00,G5,11,-0.0,-0.0,0.0,0.0,0.0
2024-09-01 21:00:00,G6,14,-0.0,-0.0,0.0,0.0,0.0
2024-09-01 21:00:00,G7,17,-0.0,-0.0,0.0,0.0,0.0
2024-09-01 21:00:00,G8,18,-0.0,-0.0,0.0,0.0,0.0
2024-09-01 21:00:00,G9,23,-0.0,-0.0,-0.0,0.0,0.0
2024-09-01 21:00:00,G10,24,-0.0,-0.0,0.0,0.0,0.0
2024-09-01 21:00:00,G11,25,-0.0,-0.0,0.0,0.0,0.0
2024-09-01 21:00:00,G12,26,-0.0,-0.0,-0.0,0.0,0.0
2024-09-01 21:00:00,G13,30,-0.0,-0.0,0.0,0.0,0.0
2024-09-01 21:00:00,G14,31,-0.0,-0.0,-0.0,0.0,0.0
2024-09-01 21:00:00,G15,33,-0.0,-0.0,0.0,0.0,0.0
2024-09-01 21:00:00,G16,35,-0.0,-0.0,0.0,0.0,0.0
2024-09-01 21:00:00,G17,39,-0.0,-0.0,0.0,0.0,0.0
2024-09-01 21:00:00,G18,41,-0.0,-0.0,0.0,0.0,0.0
2024-09-01 21:00:00,G19,45,-0.0,-0.0,0.0,0.0,0.0
2024-09-01 21:00:00,G20,48,-0.0,-0.0,-0.0,0.0,0.0
2024-09-01 21:00:00,G21,53,-0.0,-0.0,0.0,0.0,0.0
2024-09-01 21:00:00,G22,54,-0.0,-0.0,0.0,0.0,0.0
2024-09-01 21:00:00,G23,55,-0.0,-0.0,0.0,0.0,0.0
2024-09-01 21:00:00,G24,58,-0.0,-0.0,0.0,0.0,0.0
2024-09-01 21:00:00,G25,60,-0.0,-0.0,0.0,0.0,0.0
2024-09-01 21:00:00,G26,61,-0.0,-0.0,0.0,0.0,0.0
2024-09-01 21:00:00,G27,64,-0.0,-0.0,-0.0,0.0,0.0
2024-09-01 21:00:00,G28,65,-0.0,-0.0,-0.0,0.0,0.0
2024-09-01 21:00:00,G29,69,-0.0,-0.0,0.0,0.0,0.0
2024-09-01 21:00:00,G30,71,-0.0,-0.0,0.0,0.0,0.0
2024-09-01 21:00:00,G31,72,-0.0,-0.0,-0.0,0.0,0.0
2024-09-01 21:00:00,G32,73,-0.0,-0.0,0.0,0.0,0.0
2024-09-01 21:00:00,G33,75,-0.0,-0.0,0.0,0.0,0.0
2024-09-01 21:00:00,G34,76,-0.0,-0.0,0.0,0.0,0.0
2024-09-01 21:00:00,G35,79,-0.0,-0.0,0.0,0.0,0.0
2024-09-01 21:00:00,G36,84,-0.0,-0.0,-0.0,0.0,0.0
2024-09-01 21:00:00,G37,86,-0.0,-0.0,0.0,0.0,0.0
2024-09-01 21:00:00,G38,88,-0.0,-0.0,0.0,0.0,0.0
2024-09-01 21:00:00,G39,89,-0.0,-0.0,0.0,0.0,0.0
2024-09-01 21:00:00,G40,90,-0.0,-0.0,0.0,0.0,0.0
2024-09-01 21:00:00,G41,91,-0.0,-0.0,0.0,0.0,0.0
2024-09-01 21:00:00,G42,98,-0.0,-0.0,0.0,0.0,0.0
2024-09-01 21:00:00,G43,99,0.002326134300927958,0.08187992739266413,0.20520946947703947,0.0,0.0
2024-09-01 21:00:00,G44,102,-0.0,-0.0,0.0,0.0,0.0
2024-09-01 21:00:00,G45,103,-0.0,-0.0,0.0,0.0,0.0
2024-09-01 21:00:00,G46,104,-0.0,-0.0,0.0,0.0,0.0
2024-09-01 21:00:00,G47,106,-0.0,-0.0,0.0,0.0,0.0
2024-09-01 21:00:00,G48,109,-0.0,-0.0,0.0,0.0,0.0
2024-09-01 21:00:00,G49,110,-0.0,-0.0,0.0,0.0,0.0
2024-09-01 21:00:00,G50,111,-0.0,-0.0,0.0,0.0,0.0
2024-09-01 21:00:00,G51,112,-0.0,-0.0,-0.0,0.0,0.0
2024-09-01 21:00:00,G52,115,-0.0,-0.0,-0.0,0.0,0.0
2024-09-01 21:00:00,EMG_1,0,1.0,0.0,0.0,0.0,0.0
2024-09-01 21:00:00,EMG_2,1,1.0,0.0,0.0,0.0,0.0
2024-09-01 21:00:00,EMG_3,2,1.0,0.0,0.0,0.0,0.0
2024-09-01 22:00:00,EG0,68,-0.0,0.0,-0.0,0.0,0.0
2024-09-01 22:00:00,G0,0,0.05858287214931017,1.2061809670425283,0.19888676005479797,0.0,0.0
2024-09-01 22:00:00,G1,3,-0.0,-0.0,0.0,0.0,0.0
2024-09-01 22:00:00,G2,5,-0.0,-0.0,0.0,0.0,0.0
2024-09-01 22:00:00,G3,7,-0.0,0.0,0.0,0.0,0.0
2024-09-01 22:00:00,G4,9,0.0,-0.0,0.0,0.0,0.0
2024-09-01 22:00:00,G5,11,-0.0,-0.0,-0.0,0.0,0.0
2024-09-01 22:00:00,G6,14,-0.0,0.0,0.0,0.0,0.0
2024-09-01 22:00:00,G7,17,-0.0,0.0,0.0,0.0,0.0
2024-09-01 22:00:00,G8,18,-0.0,-0.0,0.0,0.0,0.0
2024-09-01 22:00:00,G9,23,0.0,0.0,0.0,0.0,0.0
2024-09-01 22:00:00,G10,24,-0.0,-0.0,0.0,0.0,0.0
2024-09-01 22:00:00,G11,25,-0.0,0.0,0.0,0.0,0.0
2024-09-01 22:00:00,G12,26,-0.0,-0.0,0.0,0.0,0.0
2024-09-01 22:00:00,G13,30,-0.0,-0.0,0.0,0.0,0.0
2024-09-01 22:00:00,G14,31,-0.0,0.0,0.0,0.0,0.0
2024-09-01 22:00:00,G15,33,-0.0,-0.0,0.0,0.0,0.0
2024-09-01 22:00:00,G16,35,-0.0,-0.0,0.0,0.0,0.0
2024-09-01 22:00:00,G17,39,0.0,0.0,0.0,0.0,0.0
2024-09-01 22:00:00,G18,41,0.0,0.0,0.0,0.0,0.0
2024-09-01 22:00:00,G19,45,0.0,0.0,0.0,0.0,0.0
2024-09-01 22:00:00,G20,48,0.0,0.0,0.0,0.0,0.0
2024-09-01 22:00:00,G21,53,0.0,0.0,0.0,0.0,0.0
2024-09-01 22:00:00,G22,54,0.0,0.0,0.0,0.0,0.0
2024-09-01 22:00:00,G23,55,0.0,0.0,0.0,0.0,0.0
2024-09-01 22:00:00,G24,58,0.0,0.0,0.0,0.0,0.0
2024-09-01 22:00:00,G25,60,0.0,0.0,0.0,0.0,0.0
2024-09-01 22:00:00,G26,61,0.0,0.0,0.0,0.0,0.0
2024-09-01 22:00:00,G27,64,-0.0,0.0,0.0,0.0,0.0
2024-09-01 22:00:00,G28,65,-0.0,-0.0,0.0,0.0,0.0
2024-09-01 22:00:00,G29,69,0.0,0.0,0.0,0.0,0.0
2024-09-01 22:00:00,G30,71,0.0,0.0,0.0,0.0,0.0
2024-09-01 22:00:00,G31,72,0.0,0.0,0.0,0.0,0.0
2024-09-01 22:00:00,G32,73,0.0,0.0,0.0,0.0,0.0
2024-09-01 22:00:00,G33,75,0.0,0.0,0.0,0.0,0.0
2024-09-01 22:00:00,G34,76,0.0,0.0,0.0,0.0,0.0
2024-09-01 22:00:00,G35,79,-0.0,0.0,0.0,0.0,0.0
2024-09-01 22:00:00,G36,84,0.0,0.0,0.0,0.0,0.0
2024-09-01 22:00:00,G37,86,0.0,0.0,0.0,0.0,0.0
2024-09-01 22:00:00,G38,88,0.0,0.0,0.0,0.0,0.0
2024-09-01 22:00:00,G39,89,0.0,0.0,0.0,0.0,0.0
2024-09-01 22:00:00,G40,90,0.0,0.0,0.0,0.0,0.0
2024-09-01 22:00:00,G41,91,0.0,0.0,0.0,0.0,0.0
2024-09-01 22:00:00,G42,98,0.0,0.0,0.0,0.0,0.0
2024-09-01 22:00:00,G43,99,0.0,0.0,0.0,0.0,0.0
2024-09-01 22:00:00,G44,102,0.0,0.0,0.0,0.0,0.0
2024-09-01 22:00:00,G45,103,0.0,0.0,0.0,0.0,0.0
2024-09-01 22:00:00,G46,104,0.0,0.0,0.0,0.0,0.0
2024-09-01 22:00:00,G47,106,0.0,0.0,0.0,0.0,0.0
2024-09-01 22:00:00,G48,109,0.0,0.0,0.0,0.0,0.0
2024-09-01 22:00:00,G49,110,0.0,0.0,0.0,0.0,0.0
2024-09-01 22:00:00,G50,111,0.0,-0.0,0.0,0.0,0.0
2024-09-01 22:00:00,G51,112,-0.0,-0.0,0.0,0.0,0.0
2024-09-01 22:00:00,G52,115,-0.0,-0.0,0.0,0.0,0.0
2024-09-01 22:00:00,EMG_1,0,1.0,0.0,0.0,0.0,0.0
2024-09-01 22:00:00,EMG_2,1,1.0,0.0,0.0,0.0,0.0
2024-09-01 22:00:00,EMG_3,2,1.0,0.0,0.0,0.0,0.0
2024-09-01 23:00:00,EG0,68,0.0,0.0,-0.0,0.0,0.0
2024-09-01 23:00:00,G0,0,0.05858287214931017,1.0513715582412213,0.18524504601881273,0.0,0.0
2024-09-01 23:00:00,G1,3,-0.0,-0.0,-0.0,0.0,0.0
2024-09-01 23:00:00,G2,5,-0.0,-0.0,0.0,0.0,0.0
2024-09-01 23:00:00,G3,7,-0.0,-0.0,-0.0,0.0,0.0
2024-09-01 23:00:00,G4,9,-0.0,-0.0,0.0,0.0,0.0
2024-09-01 23:00:00,G5,11,-0.0,-0.0,-0.0,0.0,0.0
2024-09-01 23:00:00,G6,14,-0.0,-0.0,0.0,0.0,0.0
2024-09-01 23:00:00,G7,17,-0.0,-0.0,-0.0,0.0,0.0
2024-09-01 23:00:00,G8,18,-0.0,-0.0,-0.0,0.0,0.0
2024-09-01 23:00:00,G9,23,0.0,0.0,-0.0,0.0,0.0
2024-09-01 23:00:00,G10,24,0.0,0.0,-0.0,0.0,0.0
2024-09-01 23:00:00,G11,25,-0.0,-0.0,-0.0,0.0,0.0
2024-09-01 23:00:00,G12,26,-0.0,-0.0,-0.0,0.0,0.0
2024-09-01 23:00:00,G13,30,-0.0,0.0,-0.0,0.0,0.0
2024-09-01 23:00:00,G14,31,-0.0,0.0,-0.0,0.0,0.0
2024-09-01 23:00:00,G15,33,0.0,0.0,-0.0,0.0,0.0
2024-09-01 23:00:00,G16,35,0.0,0.0,-0.0,0.0,0.0
2024-09-01 23:00:00,G17,39,0.0,0.0,-0.0,0.0,0.0
2024-09-01 23:00:00,G18,41,0.0,0.0,-0.0,0.0,0.0
2024-09-01 23:00:00,G19,45,0.0,0.0,-0.0,0.0,0.0
2024-09-01 23:00:00,G20,48,0.0,0.0,-0.0,0.0,0.0
2024-09-01 23:00:00,G21,53,0.0,0.0,-0.0,0.0,0.0
2024-09-01 23:00:00,G22,54,0.0,0.0,-0.0,0.0,0.0
2024-09-01 23:00:00,G23,55,0.0,0.0,-0.0,0.0,0.0
2024-09-01 23:00:00,G24,58,0.0,0.0,-0.0,0.0,0.0
2024-09-01 23:00:00,G25,60,0.0,0.0,-0.0,0.0,0.0
2024-09-01 23:00:00,G26,61,0.0,0.0,-0.0,0.0,0.0
2024-09-01 23:00:00,G27,64,-0.0,0.0,0.0,0.0,0.0
2024-09-01 23:00:00,G28,65,-0.0,0.0,0.0,0.0,0.0
2024-09-01 23:00:00,G29,69,0.0,0.0,-0.0,0.0,0.0
2024-09-01 23:00:00,G30,71,0.0,0.0,-0.0,0.0,0.0
2024-09-01 23:00:00,G31,72,-0.0,0.0,0.0,0.0,0.0
2024-09-01 23:00:00,G32,73,0.0,0.0,-0.0,0.0,0.0
2024-09-01 23:00:00,G33,75,0.0,0.0,-0.0,0.0,0.0
2024-09-01 23:00:00,G34,76,0.0,0.0,-0.0,0.0,0.0
2024-09-01 23:00:00,G35,79,-0.0,0.0,0.0,0.0,0.0
2024-09-01 23:00:00,G36,84,0.0,0.0,-0.0,0.0,0.0
2024-09-01 23:00:00,G37,86,0.0,0.0,-0.0,0.0,0.0
2024-09-01 23:00:00,G38,88,0.0,0.0,-0.0,0.0,0.0
2024-09-01 23:00:00,G39,89,0.0,0.0,-0.0,0.0,0.0
2024-09-01 23:00:00,G40,90,0.0,0.0,-0.0,0.0,0.0
2024-09-01 23:00:00,G41,91,0.0,0.0,-0.0,0.0,0.0
2024-09-01 23:00:00,G42,98,-0.0,0.0,0.0,0.0,0.0
2024-09-01 23:00:00,G43,99,0.0,0.0,-0.0,0.0,0.0
2024-09-01 23:00:00,G44,102,0.0,0.0,-0.0,0.0,0.0
2024-09-01 23:00:00,G45,103,0.0,0.0,-0.0,0.0,0.0
2024-09-01 23:00:00,G46,104,0.0,0.0,-0.0,0.0,0.0
2024-09-01 23:00:00,G47,106,0.0,0.0,-0.0,0.0,0.0
2024-09-01 23:00:00,G48,109,0.0,0.0,-0.0,0.0,0.0
2024-09-01 23:00:00,G49,110,0.0,0.0,-0.0,0.0,0.0
2024-09-01 23:00:00,G50,111,-0.0,0.0,0.0,0.0,0.0
2024-09-01 23:00:00,G51,112,0.0,0.0,-0.0,0.0,0.0
2024-09-01 23:00:00,G52,115,-0.0,0.0,0.0,0.0,0.0
2024-09-01 23:00:00,EMG_1,0,1.0,0.0,0.0,0.0,0.0
2024-09-01 23:00:00,EMG_2,1,1.0,0.0,0.0,0.0,0.0
2024-09-01 23:00:00,EMG_3,2,1.0,0.0,0.0,0.0,0.0
