timestamp,L0,L1,L10,L11,L12,L13,L14,L15,L16,L17,L18,L19,L2,L20,L21,L22,L23,L24,L25,L26,L27,L28,L29,L3,L30,L31,L32,L33,L34,L35,L36,L37,L38,L39,L4,L40,L41,L42,L43,L44,L45,L46,L47,L48,L49,L5,L50,L51,L52,L53,L54,L55,L56,L57,L58,L59,L6,L60,L61,L62,L63,L64,L65,L66,L67,L68,L69,L7,L70,L71,L72,L73,L74,L8,L9
2024-09-01 00:00:00,0.85,0.85,0.85,0.85,0.843338116395747,0.85,0.85,0.8455011182585567,0.8341655882798321,0.8356393389166072,0.8330832269768563,0.8403214035169599,0.85,0.8209212704261439,0.8177613090101347,0.8236663747997341,0.8412755261487135,0.800710713969583,0.1853779069544924,0.5119428319843544,0.8274238664277985,0.8433049197413621,0.8340795411757567,0.8483107419177457,0.8467185985620846,0.8226585357621777,0.813400678876277,0.8243908641160512,0.839488491064872,0.8137157326645476,0.8145685171311633,0.8098373259321039,0.827545164019095,0.8171283217258113,0.8424957982873575,0.24293872311062376,0.8352160563028054,0.8287709647791748,0.8215376794541996,0.8327024032597374,0.29124599913174115,0.2488181096255273,0.26186542279012326,0.5089167737125689,0.8192491315160864,0.85,0.2445244435286935,0.22407668044497953,0.206720212160124,0.2194591852750264,0.2391258493804636,0.15309636619761882,0.15273086794324967,0.4907102841311625,0.2956949169472063,0.23446334142316047,0.8473960044049911,0.8296501386272057,0.24454417501900483,0.7763457330323736,0.18219173553762652,0.8418614864185265,0.8149938803866897,0.23228355407855725,0.8141709024561271,0.845529743121342,0.8052606237739971,0.8328250249240261,0.811870585867983,0.8106485042340601,0.8172842860142946,0.8315584464647917,0.8250173610266529,0.85,0.85
2024-09-01 01:00:00,0.85,0.8416142792064465,0.85,0.85,0.8279696800785779,0.8383749435598755,0.85,0.5882670169784207,0.6205556927705739,0.8157910752417378,0.8194730388354464,0.8334566303917214,0.8418560976174524,0.8147995325143514,0.8120141750941121,0.8191307061947439,0.8315434655807742,0.7910085818204414,0.1749100462528488,0.31168387617702603,0.8229414922095103,0.8267751792136333,0.8296325662734204,0.8321684844361082,0.8338494046519713,0.8072285365416396,0.7961126813063031,0.8050128445775324,0.8280453641769413,0.8012395475300412,0.8050355862059472,0.794840899595119,0.8127670057347754,0.809281441266373,0.8302500813668073,0.19024345652850488,0.4666943457008755,0.8185561313795525,0.8022214395909855,0.8242436381992256,0.274234343239826,0.24978470543650516,0.2725609565086803,0.31242431574855084,0.6045513014036852,0.8355626104716642,0.24433914832228545,0.24288232043770952,0.19651793688619518,0.2072218620011486,0.26324160871647323,0.14569058526642992,0.1464718428087583,0.29001468543651554,0.2860660825351024,0.2601556439729514,0.8304415964034799,0.80269135583949,0.23652607374089096,0.7552804895750939,0.193961458180207,0.8167345859787206,0.784023274170468,0.2254331723022675,0.8049392537384308,0.8232883584209661,0.777418941255476,0.8177963955691032,0.2779209592743004,0.7933941693196587,0.7914338933232634,0.8112786818924848,0.8062976382221206,0.8413933868309643,0.8346349832125418
2024-09-01 02:00:00,0.8449249271181847,0.8329457145515974,0.8499411997410236,0.8456392850589132,0.8205672329509381,0.8316256999655172,0.8478165860553692,0.33808183852813406,0.4375253070590424,0.8050339067978209,0.811627528954899,0.828712893439304,0.8352140867126981,0.8073947792687668,0.8037073625051709,0.813438800598993,0.8250009533882755,0.5838572182641762,0.16861946519616278,0.29463946329492696,0.8175300837802265,0.8167159257082216,0.5235565336365838,0.8255132677910031,0.8256239945025347,0.7977604882052263,0.7877437253767933,0.7956200293971751,0.8218387153578505,0.7935475858460532,0.797893364125684,0.7868347803005165,0.8051166443155875,0.8049395025216638,0.8245552936304947,0.18350252048408405,0.30091579256353407,0.8118871983894954,0.7926052794603282,0.8183632819381359,0.25880995198848844,0.2410315549558447,0.267302180862232,0.2915377344263063,0.2901916325425324,0.8284713109076082,0.23786145533388028,0.2421880365835904,0.18993327794577877,0.2000106811862854,0.2651879252195783,0.13853879806773053,0.14007754834604705,0.27392576124391427,0.2739800010240903,0.26166509318521036,0.8224770737733657,0.7906753977077272,0.2265844454179933,0.23461026260462334,0.19233569785636823,0.8044626778089929,0.7502206815965944,0.2152111014479806,0.37092472101358465,0.8133480895524877,0.7632973147316536,0.810637613814534,0.2547321814815536,0.7746283145418279,0.7777587058613326,0.8031022695395942,0.7961205550531958,0.8345909184007649,0.8266737198528065
2024-09-01 03:00:00,0.8436625463709717,0.8320310715214867,0.8475652300850087,0.8436850646168328,0.8200221889773528,0.8313798822995961,0.8466696937037099,0.3317505346349003,0.2895241203152386,0.4750792891887554,0.8044740544428983,0.823744553283324,0.835675233232552,0.6437315811073036,0.48651672487020137,0.8072586610140153,0.8185344018198905,0.262509018681153,0.1624737191868424,0.2830235338566283,0.8118601102670715,0.8087633826038083,0.31260877885784893,0.8260402498129776,0.6348322581362611,0.7929636109913619,0.7835950836017652,0.7938045563975654,0.821166766917646,0.7865636600653718,0.7911903114576697,0.7822840033858095,0.8026329361746017,0.8016268185991231,0.8247578912469296,0.1800038230312984,0.29369819488324805,0.8098233348340185,0.7896752780778402,0.43322017603781515,0.24781617657265423,0.23319196213048501,0.25991469304321485,0.28101580671632226,0.27763531773319505,0.8276211318396192,0.22955059906177183,0.23652841840612962,0.1844241181808835,0.19464737292639714,0.26126150835328255,0.13127141194729242,0.13328914018737723,0.26046117051523193,0.26467284448256456,0.2565021597061639,0.8217033300994709,0.7898368846061444,0.21873130125070134,0.22797942381273473,0.1864972495359512,0.8001244304530132,0.6863187211787054,0.20700073381847964,0.27985400431363033,0.8111180575108755,0.7443163375926111,0.8098376224412267,0.24778927954249813,0.2617336895520296,0.773781090835487,0.8033444667334334,0.30521450440694503,0.8340290591757996,0.8270323810214467
2024-09-01 04:00:00,0.85,0.8450918372711989,0.4813712034733845,0.8499505964231804,0.8329244335260301,0.8432343308394531,0.85,0.3675124392723704,0.32260666004059346,0.34189003704678644,0.8106682757139697,0.8250322473106297,0.8492601138119825,0.4981197355415281,0.2848819334990514,0.5501000932171204,0.537332112765619,0.2659626094326041,0.1572117840062248,0.28609691315740676,0.8091890714446228,0.48671502637321057,0.31686735611894695,0.8404483171836152,0.5623990316446162,0.496915038653128,0.7903318988080883,0.8077377327202223,0.8306781721813137,0.5476264245945227,0.45463522476069956,0.7860801839522522,0.8090286266993533,0.5368960081917699,0.8359615481464856,0.17785926103646468,0.30612371608544764,0.8132814698933437,0.799030330613148,0.3060081300853607,0.2503423765532024,0.22864996434564788,0.25158538967313876,0.3018444184676635,0.29454804738742457,0.8385142936792597,0.2217992398508456,0.2144223241442974,0.18094229342751342,0.1929677528514061,0.2384969501984211,0.124122047286889,0.12608777673453533,0.2693448285432233,0.2673934119964106,0.22977253161566497,0.8355151660513014,0.810128708421116,0.21739003739283927,0.23125423519749513,0.16778353797497622,0.8196248726389705,0.6042783142421504,0.20510226403210427,0.28529213677349297,0.8277132724061309,0.7049720631593395,0.8217122966507322,0.2763251823486045,0.27051702772648073,0.7694858936704563,0.8202098963149553,0.3103182449133588,0.8451246620585211,0.8427631634732087
2024-09-01 05:00:00,0.85,0.85,0.4533821674061035,0.85,0.8461970677192631,0.85,0.85,0.4051562891633288,0.3710610821306835,0.39056988899982376,0.5044834964883734,0.8244247381983639,0.85,0.28635979126209976,0.27555373887442247,0.28655486306028893,0.3511225310769992,0.2694981717700919,0.1520019512635078,0.27788401487790765,0.8024035476712659,0.39193651929493173,0.3062639695793906,0.85,0.40509166412881714,0.3178896276741749,0.4936995323822539,0.8232867761320206,0.8377902061038843,0.28540940910427504,0.28913789720908567,0.5366087583734497,0.8179414625632707,0.29932552665101225,0.8454936083162137,0.17631024789756525,0.3168389171519413,0.8113878557185504,0.5361278244015829,0.3130802020253368,0.24367603886281372,0.2073981473963247,0.22113909770803286,0.3280955122776073,0.3300166779146732,0.8495368351174973,0.20556808887196348,0.18041907688975448,0.17881887185741382,0.19358413550223508,0.19820532929699472,0.11683022698857241,0.11853720456712527,0.2938348667918459,0.25557584571102837,0.18620621798424128,0.8491584826438955,0.8301198984987236,0.20730571675817697,0.24089763440599837,0.1426921617655428,0.42532324146176065,0.5308900865747487,0.19383433069762218,0.2922073734139353,0.8452205611326683,0.6213387660508771,0.8344955306778763,0.3332680019600895,0.2923979616562628,0.3429393974052268,0.8387468186031367,0.3476694460386173,0.85,0.85
2024-09-01 06:00:00,0.85,0.85,0.46709880251862473,0.5907825745312024,0.85,0.85,0.85,0.4361008962982648,0.4309530386715091,0.45907732505572957,0.40019406746351793,0.8233145106333706,0.85,0.2723449083700007,0.26712761613751423,0.28772341546058744,0.3714475665158575,0.28107646330414277,0.14704936611188316,0.26763086237053957,0.453120847575032,0.43666885404812605,0.2872975870355684,0.85,0.43373350201358135,0.34709369174862315,0.3654692381525476,0.8379926329656965,0.8411086811945786,0.31091967972063345,0.3093490794117039,0.4759725061356348,0.5190545208322881,0.3172054617225416,0.85,0.17560059058570618,0.3369784083642312,0.816727977969376,0.5211563826002078,0.3274676338226719,0.2339066766694603,0.178605212728519,0.1970995886880113,0.365019955128108,0.3920021796960214,0.85,0.17623638102258793,0.16132836598199612,0.18024563964809534,0.19907078297917893,0.17279232914922174,0.10962209999516094,0.11089016189026615,0.33913729393693426,0.2448009049041821,0.1599947328562426,0.85,0.45122018902148997,0.19510325746714838,0.26528563690742074,0.12775082261417,0.4919734774967365,0.5116799378843166,0.17832005596998013,0.3298395371807571,0.4959686772919853,0.3818250246467674,0.8442302657462306,0.41713876935241534,0.34215681162349937,0.4012322796651779,0.85,0.406615626377055,0.85,0.85
2024-09-01 07:00:00,0.739428293797679,0.85,0.4754261629528843,0.4933126402517862,0.85,0.85,0.85,0.44590296818580766,0.46137127989805193,0.4934273006043987,0.4334680958241198,0.5904032215858,0.85,0.287462144611815,0.2963788931366182,0.31517523654844154,0.4003405920156768,0.3233788571043306,0.1413802216064703,0.29398727615367276,0.33832658664637905,0.4665945224290845,0.30030590519882366,0.85,0.4531131632905654,0.3942193870758888,0.4231665255195666,0.6091408629446099,0.8423473082642265,0.3486356825230553,0.3531763585825808,0.3390076786789138,0.40013483770802605,0.36060504304211227,0.85,0.17400944191973314,0.3757319353283895,0.5159503726168008,0.4340763118724386,0.3578791229087171,0.252235029746104,0.17470833102050823,0.20124887486298237,0.4096258720058562,0.44883193377633057,0.85,0.16597047318106292,0.16225520879957137,0.18694561175317653,0.21017340857286565,0.169580659935971,0.10234359965219655,0.1034368750573209,0.38408862027812585,0.2605373785535869,0.15642067934170215,0.85,0.4885092234166457,0.2057105042869744,0.30937925547873113,0.12338523541349286,0.5147773923710911,0.48118920785760155,0.17996976171810622,0.4083168506431406,0.5176483948689459,0.42225805711643155,0.8491131739932859,0.46533440650230523,0.4094171447671128,0.43946838958465845,0.85,0.45699890122981535,0.85,0.85
2024-09-01 08:00:00,0.6566310868211136,0.704902278899853,0.4826425401907093,0.5015372108409063,0.85,0.85,0.6502028060405222,0.4516092756431159,0.48647728515839317,0.5154154273766621,0.48756205036553135,0.42314286471675144,0.85,0.3796355387480359,0.42406099184670043,0.388459207641376,0.45406229626817585,0.4458120003166906,0.13753294247528397,0.3892443545456487,0.4185795032119573,0.5011394547152256,0.3817039044364675,0.85,0.4709544531369285,0.46782315278427455,0.504384799218069,0.5185919186524309,0.85,0.4427945009527218,0.4624414098358235,0.40066056668835176,0.45373110627567786,0.47272311583639737,0.85,0.1750026191354756,0.43928205738957826,0.451198990982832,0.49315687893651744,0.4369882759381221,0.3334202039093235,0.22597238922463814,0.2618961294160388,0.47190741681605797,0.5000460235800015,0.85,0.21179855331806796,0.22583294177421268,0.23720786558667123,0.26845071667625603,0.21242960250182713,0.09685905087050016,0.09880807926739885,0.45607014853545114,0.32995242047946244,0.19902259500315211,0.85,0.5188130312179638,0.3040106405867381,0.4195554573965632,0.1478056005655715,0.5284263006060247,0.5236440671575818,0.23644713253505992,0.5000644369545622,0.531892441365208,0.4695899708106523,0.85,0.5022649631866908,0.49512790780095944,0.48407071619137076,0.85,0.506759197608686,0.85,0.85
2024-09-01 09:00:00,0.4895653642051832,0.6250648513584428,0.48087119875027706,0.4998741288725797,0.85,0.85,0.583340495189186,0.45162480071831906,0.49011957903126396,0.5152682474885699,0.5049783943630675,0.4522762387571957,0.85,0.4429478141522015,0.4774501296803489,0.4327740775961493,0.4735392841236207,0.4846691750931078,0.13365997140305905,0.421954791771842,0.4577190198383866,0.5086782813228122,0.427579981748083,0.85,0.47524725107799154,0.4929247892028183,0.5232918688629705,0.5290787005947878,0.685872851532594,0.4829113698242904,0.49634746098878096,0.44140368770469235,0.4747842116725381,0.5055184770899218,0.85,0.17768820164809954,0.45345597001489885,0.48073545740044443,0.5125956247867792,0.46565600913075117,0.37451672001068803,0.3027480701516229,0.35155254230183197,0.4856161940682921,0.5050958532299973,0.85,0.3054020252556918,0.33048542066300435,0.30642992027688976,0.3344980380772458,0.29584476956740036,0.09078217765422215,0.09608843685941634,0.4773869079690666,0.3907982500335655,0.26673216187655585,0.85,0.5237438378809817,0.3914786918364381,0.46875321314245133,0.21716755097626392,0.5283061070893085,0.5305163438075848,0.30320956760973305,0.5096787264427068,0.5319492708583385,0.49049844208819166,0.85,0.5045225096873092,0.510990878164648,0.4998814691704025,0.5384321441188692,0.5118809703681338,0.85,0.707989884353547
2024-09-01 10:00:00,0.4857974785456388,0.5218600486394489,0.47336695590116606,0.49568613494796976,0.85,0.85,0.5170907894930897,0.4440981328851833,0.4854901705252949,0.5109167998376208,0.5023848739296994,0.4385903271189659,0.6672535120656106,0.42638896370436635,0.471322658741021,0.4276902497571071,0.4704901452907902,0.47621303078079663,0.11827550167439194,0.40720090346631693,0.4409903549255681,0.5060298021528424,0.4134753702367026,0.85,0.4727056050586483,0.4933589450202361,0.5236630369780169,0.529264339013411,0.4937951666017497,0.47571551307148885,0.4953366354408702,0.44047783603061674,0.4732096029235221,0.5035314799281122,0.85,0.1664671554813402,0.4471942964605904,0.46465162889722317,0.5138040760495015,0.4606048258398761,0.3588351426862092,0.2783212491232639,0.3411533060381228,0.48278749822832173,0.5009652757392068,0.7092759413224126,0.26547322572666915,0.301748084632542,0.2860755048772769,0.3216137132708473,0.2630840327182565,0.07940213578540388,0.08349603072004015,0.46361650529511783,0.3839590605741251,0.23310848286622546,0.6429596889633735,0.5223777717649274,0.37330980093249,0.4669471261871879,0.1833230239434562,0.5247337947230687,0.5291902881692839,0.2741043329853472,0.5062882389501218,0.5291505390728234,0.4870281244350727,0.85,0.5001751898243421,0.5086283535218412,0.49680125260081137,0.5375345110357181,0.5076827921434977,0.85,0.5409322757300457
2024-09-01 11:00:00,0.4796646573917238,0.49623430119612927,0.4379751912332189,0.47097511613247045,0.85,0.6380520936201651,0.47859245628894437,0.41029501252770445,0.4362501490073148,0.47508559957018354,0.40484442935042586,0.3361026191109544,0.5312329527752417,0.2524314543324986,0.25709739126676145,0.27582441090550264,0.3697758474237663,0.2854982286301568,0.09598172011975048,0.24639964942491405,0.30422266112609636,0.4460616095495665,0.25709503214324486,0.85,0.435997488226377,0.3769676001489476,0.412467962073362,0.45376199225140257,0.4065500813714681,0.31387088053362033,0.3169948131257235,0.3067576056137493,0.3767214462813419,0.3282567681109602,0.85,0.14496157696541126,0.33714242519268833,0.34954783695594616,0.4183964458267949,0.3191510648860748,0.2080126407700092,0.13738847008448177,0.1584128107710856,0.38446115989335544,0.4233777522959388,0.49156603621497624,0.11661285141849963,0.11466831810040524,0.13637299461217167,0.15622922379408283,0.1200629202606358,0.06521372051673248,0.06530948776020393,0.33087833523774723,0.21393013736304867,0.1039607505274141,0.49676100496832665,0.474880946393535,0.15940912478793118,0.27145962737567175,0.08514433573374165,0.49871505603353244,0.46653247826148486,0.13709635298922432,0.37903387592215587,0.5044373520862784,0.39502652590990817,0.8354927166045547,0.445715175237851,0.38467139681783774,0.41285907317400017,0.49091265656876154,0.42944678745289305,0.85,0.5226499772260313
2024-09-01 12:00:00,0.45882766725722995,0.45893189160836523,0.4026256859091866,0.4281675502157006,0.8389004528472712,0.5530229608426377,0.4340378036542222,0.36340274029859687,0.36771573181951134,0.409059733228272,0.3285901577253278,0.2955491093555142,0.5021530015347905,0.22236177066043192,0.2123439091081919,0.2279911447647017,0.30562817565003625,0.2114285588460019,0.08204141291140041,0.20076550684494182,0.24690616042001876,0.3828542520814645,0.22731655966079953,0.85,0.39162072957201177,0.30079637893612887,0.3022441262673853,0.3556802765088822,0.3608951071710172,0.24940652715884837,0.25000859105023854,0.2525684171650164,0.3041438605535561,0.25643171880786014,0.8386256425071948,0.13484892478956226,0.2711293899432005,0.2852602865125218,0.3223144500275255,0.26587094684363916,0.17696552729262194,0.13122383762039586,0.13716750429494654,0.2970870604434798,0.31156635018504064,0.4310617442285533,0.1100038637463315,0.0960890342355481,0.11148780809928813,0.1232049209019064,0.10397214344132262,0.056417194041651506,0.05503192537837214,0.2420534538208631,0.17404431075209134,0.0865824153721211,0.43831517000084436,0.39426221146088175,0.13494678957486506,0.20467249075725963,0.07393046776771404,0.4473775884852622,0.3567473668163826,0.12173856603573385,0.25549591910170066,0.45923057122006083,0.3160222375798361,0.5157430031668253,0.35268694795850924,0.2723889917539443,0.3301060869258856,0.413205766099053,0.32762472574880974,0.5749273646673253,0.48614619536691656
2024-09-01 13:00:00,0.44835156766675893,0.4438111496207846,0.3881345876260591,0.41043471568002937,0.8316102007978144,0.429342131453364,0.4189763380997577,0.33541461798438255,0.3387689926964807,0.38280272875524207,0.3047821719586063,0.2837431084377648,0.48852009036099797,0.21311991364338465,0.20095194365780575,0.21476628561046834,0.2856055827325604,0.19348042812791233,0.07055199738178583,0.18544807155427162,0.23300405526550033,0.3582344189484668,0.21777395027208088,0.60432234880163,0.37651699919745013,0.28423444815518034,0.27720915813754854,0.32789097900572167,0.34632767191883396,0.23286239514071908,0.23531756117084607,0.23696951216725953,0.28255263037590894,0.24217407127690233,0.8323016376004996,0.12849101235019234,0.2533406317023157,0.27318473645380653,0.29561325014378376,0.25111223316984216,0.16785725882099548,0.12629234064021286,0.12899722709918807,0.27332357790916467,0.27863033996827763,0.40987998061514513,0.10242922671748682,0.08592559510490319,0.09876375728707902,0.10918260577838154,0.09526898298398509,0.049845027507714676,0.04646334155918114,0.21297454554942435,0.16101567584584844,0.07670364774219358,0.41968786739299757,0.36343164597273997,0.1239903959446606,0.19075349704697092,0.06629511626623316,0.4266837546746388,0.3264146067815937,0.11199086115205475,0.23384349919751837,0.4401813343011311,0.29398137458443946,0.3106330997996945,0.32200352105602564,0.24728137736348924,0.301196299111712,0.3842137381689188,0.2953530995935537,0.4139926778284315,0.4697513510010135
2024-09-01 14:00:00,0.42773525361535025,0.4168584943339223,0.3644409821991987,0.37816104354287206,0.4941603538182734,0.394420549197696,0.39379042736800596,0.29426258174524,0.2909463206109505,0.3315595794407763,0.2727067240493094,0.2725841022630062,0.45949229896288274,0.2051388700516675,0.1923480710780659,0.20677689645383382,0.2636914762857137,0.1733755981543533,0.05952421964224774,0.17223073396528552,0.2246905280162137,0.31872954172274615,0.20966149800645298,0.4109189091093947,0.35312189021988416,0.265851623249253,0.24609079653592678,0.29046076199292814,0.3274359215075539,0.21366898721371913,0.2190903093126418,0.21855043996876003,0.2547844033396012,0.22564039830216087,0.821909812162869,0.12250978856897315,0.23301014840427323,0.2618810885063584,0.2613373871308487,0.23280091038056563,0.16194296294857977,0.1266486430795134,0.12908846496809667,0.24347924173397878,0.23475236272486097,0.37058674962185845,0.09818668195618536,0.08144886205049783,0.08699254629943808,0.09657835598228627,0.0936735820155319,0.044518605728499146,0.03916179215799509,0.17803938983684423,0.15472824346764694,0.07378073486280758,0.3818562269594409,0.3127571106336854,0.11456275868589516,0.17640942787898972,0.06237502580585109,0.3793356238475064,0.2797546906562263,0.10343455811728128,0.2138557886680116,0.3986026214820967,0.262771871500135,0.28305176136140453,0.2648644023374154,0.21796239437075368,0.2623009758336018,0.3375492115041809,0.2506578662382519,0.3853693597536675,0.43349275933460846
2024-09-01 15:00:00,0.4302907700277518,0.4230751359164529,0.359728125575437,0.3801490605863324,0.35143733160012647,0.4050888849273688,0.39541579028200435,0.2916900727451247,0.2922387524418312,0.33704314591296264,0.2713025924623938,0.26376978672040735,0.46877394689695034,0.19149360560410117,0.17926777854003104,0.19403788335758268,0.25612944175633007,0.16396159946895314,0.0500605262012301,0.15652008085887983,0.2142740195035921,0.31948557344917317,0.19354864085489193,0.4239134925482944,0.3594651485886433,0.2684639043830259,0.25453266816485076,0.30290677505650365,0.33124079652077365,0.210410810015005,0.21600252189814376,0.21882706443728608,0.26018009843283196,0.2242216158189395,0.8222935666998888,0.11837031368361,0.22826494388866567,0.2585483839883411,0.27096252556696016,0.22724348764728156,0.1542501898859642,0.11519689374259318,0.11569935815023184,0.24010602799667918,0.23763670129185738,0.37786000154615423,0.08327994993076734,0.06793327931562863,0.07784535113350656,0.08828539766189342,0.0796196550900245,0.04083403270503194,0.03359478270523739,0.173684636523038,0.14147776894330383,0.0601799784415295,0.3916958184487813,0.326008496347244,0.10106380696179905,0.17491938849912977,0.05376778975614109,0.3880727669210474,0.2919405635824973,0.09036927300236679,0.20832624920905712,0.4077984217621214,0.26982438309981305,0.2890826313868841,0.2708841113574908,0.2200754691525219,0.26680574410968866,0.3537887889415405,0.2528738612113775,0.39196405455939276,0.4442625355382418
2024-09-01 16:00:00,0.43462771911544534,0.4331895540404849,0.3561458449033602,0.3856513842199509,0.36416715051410525,0.4223194179871284,0.4006148223936486,0.29393884856008645,0.30001446047124947,0.3492576840085935,0.2750861153107373,0.25564523734879435,0.4806257053820313,0.17676323438334962,0.16597755077709755,0.1825909244744194,0.25151065969416597,0.15645988063549443,0.042163019328272565,0.14126757532012688,0.20607386901945235,0.32550867769541186,0.17593935242622596,0.4427480516673626,0.37076191821217097,0.27688415663170846,0.27290486182827517,0.3261171684817793,0.33881372579981056,0.2103547659190265,0.21575686128549817,0.2229533075494551,0.2724655744210906,0.22625805713680378,0.6572072329599712,0.11503448238365771,0.22664456394880383,0.2575275085974148,0.29068152694767263,0.22346405352552476,0.14778192071250232,0.10349959954454163,0.10376647134765102,0.2425426234325512,0.2503583193359256,0.3937163742033952,0.06808556379566184,0.05637129399420646,0.069816552610356,0.08155000541717176,0.06749145581229671,0.03855852604025388,0.029882036150347898,0.17550370090483988,0.13006985742862745,0.04945363476884253,0.407017862786541,0.3495669818854271,0.0875264239118075,0.17694186409181237,0.04677551329181486,0.4016968870975205,0.3154907117520339,0.07725874596244077,0.20877618530831668,0.42117848540407127,0.28427906490666927,0.3019714364963712,0.2855750506148313,0.22980508749844347,0.27852023999722675,0.38008029078987854,0.2641022326915875,0.40314167011379587,0.45889904955171945
2024-09-01 17:00:00,0.420446204514624,0.41776594504000564,0.335001066127732,0.36169950110796145,0.34798525728417484,0.4064379627477156,0.38201931212064466,0.26697937376833397,0.26637242178293563,0.3116983924999323,0.2529582234561133,0.2433001663268277,0.4650110579579101,0.16482770880832256,0.15483982446584435,0.17182612173860784,0.23393340766897727,0.1391617699314596,0.03593258909846528,0.12867252747351277,0.19659318369002765,0.2979725563927493,0.16291179215282955,0.4227427277772843,0.36085017404062736,0.2692185493953782,0.25938471285691245,0.3106965908867565,0.3303640281536524,0.1974579290522923,0.20539505808205397,0.21324140729967206,0.2599397072284759,0.21644179619994675,0.5604862322730884,0.11132215201936838,0.2136134352752922,0.250682731084328,0.2765573612172972,0.20964697550371217,0.14558602599262366,0.10221294544116429,0.10101287595427426,0.22326866325812122,0.22460409226276465,0.372955236903572,0.06367772790278728,0.05126472461277377,0.06107862699460025,0.0729113719358694,0.06332777680585387,0.03739672946765181,0.027807783253523184,0.15439765803749925,0.12390388036621983,0.04721413467196805,0.38273148614272834,0.3226665683748642,0.0771035561241649,0.16971806894067457,0.04408329970149751,0.36612671519086115,0.2889063540291565,0.06805730979397163,0.19409552812937575,0.3933744513843105,0.267633043025588,0.28976638171570873,0.24451274464303474,0.21409878461954618,0.25488195246035555,0.3582991298609789,0.23569477610063413,0.38927503419932086,0.4373300871293928
2024-09-01 18:00:00,0.40462772336566155,0.40016812929425716,0.31238937464414135,0.33594008528587854,0.33036504117759563,0.3889847858614913,0.3618853576801759,0.24010530952050757,0.23329393319367697,0.2741292853353518,0.23016458048608074,0.2296078698242206,0.4463565094701311,0.15217136661740555,0.14271575833902583,0.1602813426690638,0.21529224332472427,0.12237793984843957,0.03223051218471199,0.11711311169239984,0.18652577682045104,0.2693948651952595,0.14963077663395477,0.40057201204193255,0.3511032199783422,0.262246525621804,0.24763391575085725,0.2964051675152308,0.321180781937567,0.18452818395145973,0.19480488907331878,0.2034402059834651,0.24782616554151113,0.20709210842349204,0.34508500299951833,0.10826652504713002,0.20111135480872985,0.24336115575343642,0.26349609360165394,0.19576051204256356,0.14465877923691522,0.10177501758431409,0.09957121328330809,0.20595421153064566,0.20111756791861793,0.3510177264432292,0.061287977958339374,0.048420756234164454,0.05330860172110639,0.06491918430261466,0.06099269216725394,0.037700877053132076,0.026970395668972497,0.13527771082256212,0.11865123378818303,0.047886275811987664,0.35774007312844186,0.29504031583250523,0.06758876688175014,0.1630608146230947,0.04300165231779839,0.32785824973528155,0.2642907899484954,0.06013472141498929,0.18127222110953053,0.36213699441693725,0.25092046381715993,0.27677061464537184,0.2074214061852845,0.19942151259641316,0.23102940068193098,0.33673007527508014,0.20865541019646167,0.37418148815421004,0.4122577028930112
2024-09-01 19:00:00,0.3866623418348677,0.37968338165309345,0.2878891897688553,0.30759191883711456,0.31344208344098856,0.3687925766840792,0.3392919698030534,0.21373389576349114,0.20132761917416092,0.23668169538205833,0.20577989785559758,0.2139017986820369,0.42367387197764267,0.13882446546625388,0.1295821501529273,0.14752274575968005,0.19500391475549916,0.106025966191109,0.030509633785424636,0.10708589511192788,0.1750577548496519,0.23920060504930998,0.13628862896719643,0.37764272574726315,0.34093654476380425,0.25498199268011207,0.23617387156454483,0.28161158890721116,0.3105188908853312,0.17099217004237333,0.18343208792669755,0.19292221548479116,0.23506960720456233,0.19755409844438213,0.3315025783801501,0.10597547907911632,0.18859580919007662,0.23461091472349768,0.25009117930972435,0.18138043175358762,0.1449242723007621,0.10236272964006912,0.09952195148550304,0.18959771751670376,0.17844590739307112,0.326809074527623,0.061034344281271004,0.04825101629835859,0.04686474218801059,0.05779359776025449,0.06074821847997697,0.039833528738080576,0.026703844325872608,0.11798476736503632,0.11410774373812893,0.050819922258777815,0.3311017154307751,0.26560799124974166,0.05977632731626511,0.15650503440482283,0.04367034417235482,0.2873553821450522,0.2400169610877097,0.054144113654791944,0.1687698653467253,0.3269624375915858,0.23373573460995867,0.26191505695677714,0.17402564165764836,0.1846304600315769,0.20635540148784765,0.31411727619140156,0.18171875517811484,0.3568013313186082,0.382843550439411
2024-09-01 20:00:00,0.42262374533707886,0.4358437262131334,0.3157448378019206,0.3625828388588667,0.38231459976331383,0.44215981893615147,0.38926925405382684,0.27198487358176976,0.28961078602959234,0.3420973034260831,0.25851849301036944,0.2179973159549486,0.483128315398932,0.12996330127274222,0.12404761630337686,0.143753948693736,0.21909456302048758,0.12797884624086422,0.03109889040170506,0.10794600844461061,0.1778067600014895,0.3058042976634999,0.12471580097080154,0.46525244823161105,0.3957728145499174,0.3117090868668249,0.3283738882440576,0.38113845638989363,0.35246811086698326,0.20154156016812277,0.21179494580307118,0.22583952702580473,0.2945049003225171,0.23609466930901532,0.3938218684869465,0.10782440314259266,0.22004950112808716,0.2596306990041685,0.33838078956315076,0.20274016661464572,0.15173589480692878,0.08768355493361826,0.0867453077155688,0.2515427058974773,0.273529443503082,0.4079262811807743,0.04696990838442965,0.04059804572725678,0.04834624940778205,0.06211754583344128,0.04924857983797202,0.04535493034291711,0.02706035536877608,0.1740382130318453,0.11108751691760668,0.04184996652967795,0.4156021335022425,0.3733592924523393,0.05502910273427879,0.19084096833468955,0.03944464941772897,0.39292793105165363,0.3580324357723792,0.04779602370678679,0.225122299840796,0.41472870493400066,0.31293683742509115,0.32054939072197414,0.2953887914944137,0.2587144071834504,0.2823301683892775,0.4214374547917533,0.26948907465757416,0.4106473861200305,0.46120986711159706
2024-09-01 21:00:00,0.4236732108806332,0.4504579400767842,0.32513529980027417,0.3750752881050129,0.4147020917258694,0.46839891348208273,0.4079918843766033,0.28986410590953826,0.3289506075773152,0.37793918843517,0.30048261309378743,0.23143022596116025,0.4930190566358673,0.14350734902477624,0.1511682121374311,0.1623410391793985,0.2507274932944724,0.1792013173879741,0.031901770672988085,0.13652807340400502,0.20370898791207556,0.3390894867823967,0.13885811397033382,0.4919743977002059,0.4227771900227525,0.37112792414208173,0.407456302699891,0.4432191476335664,0.3811532812740601,0.2437372591194326,0.26559914412671537,0.257630692197543,0.33781480062736646,0.30154646212010006,0.4303294719386178,0.11062883921611898,0.26519612211313087,0.30393848618629693,0.39899761685485846,0.23716246328868193,0.18438391503090992,0.09575676693309,0.10042084547588345,0.31530680817393236,0.34618766733693335,0.4368853062588296,0.0511785177823395,0.04921274730268436,0.05592841716236705,0.07395926112724871,0.055708482962008116,0.054053945694827105,0.027301480572583945,0.23124743655820557,0.1344829282647765,0.049394557398587585,0.4463655904839399,0.4106634086087777,0.0689151353863223,0.24985420352798707,0.04558631067908157,0.41353523301413775,0.42063839666685265,0.053855468788302004,0.3220340016633083,0.4336722008355544,0.36160237487361185,0.35818664328232774,0.35472998265226996,0.3410588221163657,0.328119498670567,0.4650576912479669,0.33223651518998176,0.4311253656011963,0.4721658542208335
2024-09-01 22:00:00,0.4167406883228337,0.4548665590200962,0.3294845997861012,0.37354539412951193,0.4329829665725198,0.4808273881783653,0.41549898619062886,0.300470491036547,0.3543846481599283,0.3948026124436353,0.34287670981679375,0.25509338692699257,0.4928121727445446,0.19130161483033425,0.2315131480085174,0.20171774752661276,0.2902003108680003,0.2700390135233991,0.03367934060207592,0.1970211746254832,0.24421401627191022,0.3668968586366177,0.18452516288631893,0.5017724905426346,0.4394629212837586,0.42611322109828625,0.46473212925231144,0.48037753825953355,0.41209517764555564,0.3087642643364052,0.3494335674197145,0.300877848551794,0.3788572103224702,0.39031424531781084,0.458913500518312,0.11572633328741677,0.31572536109257604,0.3482397774221414,0.44335698496854264,0.29429922631148026,0.24768379739804666,0.12947965998352298,0.14215108301113738,0.37001734539914233,0.3889741087134977,0.4487636875522306,0.07494657568470693,0.07950412878502928,0.07980526316913225,0.10592415944133679,0.07920704070777788,0.06664815680548741,0.02958821205744014,0.296689196796963,0.18452047166940352,0.07157215937840927,0.46088290474665516,0.42688368204255556,0.12068829668925225,0.33666478892817564,0.06435749630183663,0.41790260003660096,0.44836337332049325,0.07799228319950419,0.39679505787384345,0.4374508643687846,0.3988457496733096,0.39224918040639206,0.38694410398210816,0.4063528787743471,0.3607447928763849,0.48609379814451004,0.3768514021005122,0.4418581786035747,0.47180606754466536
2024-09-01 23:00:00,0.40586531787013913,0.443144709303219,0.31658722920343524,0.3542433258271818,0.4309269245339149,0.4681979222233973,0.39632472556629716,0.29716695153404665,0.34608328552091383,0.385430692131703,0.32677251865628515,0.2504304870738594,0.48335753792972685,0.19979812775251674,0.23756478480632562,0.2001473752069468,0.27694310528149063,0.27650031515328394,0.03614380833295268,0.21177681413121308,0.24304458354566832,0.35191481233150357,0.19271085222323858,0.4921067892325334,0.4402204936561025,0.4233735044348559,0.4565438990350815,0.47193877066361933,0.41272549642278095,0.3046738625246329,0.3430744862028473,0.29781964967802693,0.3710704687358012,0.38775427511558036,0.4558757646103274,0.12228827611109658,0.3155500067259748,0.34774228737213464,0.4341864716639458,0.2900550534541826,0.2763324330522519,0.1542087564041595,0.15770999479150472,0.3619951565149899,0.37882722702734084,0.43492450420626905,0.09098766863484174,0.09562017855435191,0.09202003000446735,0.11544054318003714,0.09624881815805417,0.08254996204106638,0.03698655655057394,0.30826428945089757,0.1930477989377642,0.08447352335081527,0.4444366138820986,0.4086843839657487,0.138662795064722,0.3391558411255288,0.08405014943723266,0.40313302227713893,0.43383893096214815,0.08993160190192957,0.38722530644122144,0.422341095912036,0.3946983572198963,0.37755308906113083,0.3752563101332081,0.3975960566339143,0.3432161714329315,0.47616656235473087,0.3654436029222945,0.42850964086683124,0.4593793365218534
