timestamp,unit_id,bus,u,p,reserve,startup,shutdown
2024-09-02 00:00:00,EG0,68,0.0,0.0,0.0,0.0,1.0
2024-09-02 00:00:00,G0,0,0.0,0.0,0.0,0.0,1.0
2024-09-02 00:00:00,G1,3,0.0,6.938893903907228e-18,0.0,0.0,1.0
2024-09-02 00:00:00,G2,5,0.0,1.3877787807814457e-17,0.0,0.0,1.0
2024-09-02 00:00:00,G3,7,0.0,3.469446951953614e-17,0.0,0.0,1.0
2024-09-02 00:00:00,G4,9,0.0,-6.938893903907228e-18,0.0,0.0,1.0
2024-09-02 00:00:00,G5,11,0.0,0.0,0.0,0.0,1.0
2024-09-02 00:00:00,G6,14,0.0,0.0,0.0,0.0,1.0
2024-09-02 00:00:00,G7,17,0.0,3.469446951953614e-17,0.0,0.0,1.0
2024-09-02 00:00:00,G8,18,0.0,0.0,0.0,0.0,1.0
2024-09-02 00:00:00,G9,23,0.0,6.245004513516506e-17,0.0,0.0,1.0
2024-09-02 00:00:00,G10,24,0.0,2.498001805406602e-16,0.0,0.0,1.0
2024-09-02 00:00:00,G11,25,0.0,2.7755575615628914e-17,0.0,0.0,1.0
2024-09-02 00:00:00,G12,26,0.0,0.0,0.0,0.0,1.0
2024-09-02 00:00:00,G13,30,0.0,6.938893903907228e-18,0.0,0.0,1.0
2024-09-02 00:00:00,G14,31,-0.0,0.0,0.0,0.0,1.0
2024-09-02 00:00:00,G15,33,-0.0,6.245004513516506e-17,0.0,0.0,1.0
2024-09-02 00:00:00,G16,35,0.0,-4.85722573273506e-17,0.0,0.0,1.0
2024-09-02 00:00:00,G17,39,0.0,0.0,0.0,0.0,1.0
2024-09-02 00:00:00,G18,41,0.0,-1.3877787807814457e-17,0.0,0.0,1.0
2024-09-02 00:00:00,G19,45,0.0,-2.7755575615628914e-17,0.0,0.0,1.0
2024-09-02 00:00:00,G20,48,0.0,0.0,0.0,0.0,1.0
2024-09-02 00:00:00,G21,53,0.0,0.0,0.0,0.0,1.0
2024-09-02 00:00:00,G22,54,0.0,0.0,0.0,0.0,1.0
2024-09-02 00:00:00,G23,55,0.0,0.0,0.0,0.0,1.0
2024-09-02 00:00:00,G24,58,0.0,0.0,0.0,0.0,1.0
2024-09-02 00:00:00,G25,60,0.0,4.85722573273506e-17,0.0,0.0,1.0
2024-09-02 00:00:00,G26,61,0.0,0.0,0.0,0.0,1.0
2024-09-02 00:00:00,G27,64,0.0,2.6020852139652106e-16,0.0,0.0,1.0
2024-09-02 00:00:00,G28,65,0.0,0.0,0.0,0.0,1.0
2024-09-02 00:00:00,G29,69,0.0,0.0,0.0,0.0,1.0
2024-09-02 00:00:00,G30,71,0.0,0.0,0.0,0.0,1.0
2024-09-02 00:00:00,G31,72,0.0,0.0,0.0,0.0,1.0
2024-09-02 00:00:00,G32,73,0.0,6.938893903907228e-18,0.0,0.0,1.0
2024-09-02 00:00:00,G33,75,0.0,-6.938893903907228e-18,0.0,0.0,1.0
2024-09-02 00:00:00,G34,76,0.0,0.0,0.0,0.0,1.0
2024-09-02 00:00:00,G35,79,0.0,0.0,0.0,0.0,1.0
2024-09-02 00:00:00,G36,84,0.0,0.0,0.0,0.0,1.0
2024-09-02 00:00:00,G37,86,0.0,0.0,0.0,0.0,1.0
2024-09-02 00:00:00,G38,88,0.0,-1.3877787807814457e-17,0.0,0.0,1.0
2024-09-02 00:00:00,G39,89,0.0,0.0,0.0,0.0,1.0
2024-09-02 00:00:00,G40,90,0.0,-6.938893903907228e-18,0.0,0.0,1.0
2024-09-02 00:00:00,G41,91,0.0,0.0,0.0,0.0,1.0
2024-09-02 00:00:00,G42,98,0.0,-2.6020852139652106e-18,0.0,0.0,1.0
2024-09-02 00:00:00,G43,99,0.0,0.0,0.0,0.0,1.0
2024-09-02 00:00:00,G44,102,0.0,0.0,0.0,0.0,1.0
2024-09-02 00:00:00,G45,103,0.0,-6.938893903907228e-18,0.0,0.0,1.0
2024-09-02 00:00:00,G46,104,0.0,0.0,0.0,0.0,1.0
2024-09-02 00:00:00,G47,106,0.0,6.938893903907228e-18,0.0,0.0,1.0
2024-09-02 00:00:00,G48,109,0.0,0.0,0.0,0.0,1.0
2024-09-02 00:00:00,G49,110,0.0,0.0,0.0,0.0,1.0
2024-09-02 00:00:00,G50,111,0.0,0.0,0.0,0.0,1.0
2024-09-02 00:00:00,G51,112,0.0,-6.938893903907228e-17,0.0,0.0,1.0
2024-09-02 00:00:00,G52,115,0.0,0.0,0.0,0.0,1.0
2024-09-02 00:00:00,EMG_1,0,1.0,0.162,0.017999999999999988,0.0,0.0
2024-09-02 00:00:00,EMG_2,1,1.0,0.04217602847103256,0.10782397152896744,0.0,0.0
2024-09-02 00:00:00,EMG_3,2,1.0,0.0,0.1,0.0,0.0
2024-09-02 01:00:00,EG0,68,0.0,0.0,0.0,0.0,0.0
2024-09-02 01:00:00,G0,0,0.0,0.0,0.0,0.0,0.0
2024-09-02 01:00:00,G1,3,0.0,6.938893903907228e-18,0.0,0.0,0.0
2024-09-02 01:00:00,G2,5,0.0,6.938893903907228e-18,0.0,0.0,0.0
2024-09-02 01:00:00,G3,7,0.0,-3.469446951953614e-17,0.0,0.0,0.0
2024-09-02 01:00:00,G4,9,0.0,0.0,0.0,0.0,0.0
2024-09-02 01:00:00,G5,11,0.0,0.0,0.0,0.0,0.0
2024-09-02 01:00:00,G6,14,0.0,0.0,0.0,0.0,0.0
2024-09-02 01:00:00,G7,17,0.0,-2.0816681711721685e-17,0.0,0.0,0.0
2024-09-02 01:00:00,G8,18,0.0,0.0,0.0,0.0,0.0
2024-09-02 01:00:00,G9,23,0.0,0.0,0.0,0.0,0.0
2024-09-02 01:00:00,G10,24,0.0,-1.6479873021779667e-17,0.0,0.0,0.0
2024-09-02 01:00:00,G11,25,0.0,0.0,0.0,0.0,0.0
2024-09-02 01:00:00,G12,26,0.0,0.0,0.0,0.0,0.0
2024-09-02 01:00:00,G13,30,0.0,0.0,0.0,0.0,0.0
2024-09-02 01:00:00,G14,31,0.0,0.0,0.0,0.0,0.0
2024-09-02 01:00:00,G15,33,0.0,0.0,0.0,0.0,-0.0
2024-09-02 01:00:00,G16,35,0.0,6.938893903907228e-18,0.0,0.0,0.0
2024-09-02 01:00:00,G17,39,0.0,0.0,0.0,0.0,0.0
2024-09-02 01:00:00,G18,41,0.0,0.0,0.0,0.0,0.0
2024-09-02 01:00:00,G19,45,0.0,0.0,0.0,0.0,0.0
2024-09-02 01:00:00,G20,48,0.0,0.0,0.0,0.0,0.0
2024-09-02 01:00:00,G21,53,0.0,0.0,0.0,0.0,0.0
2024-09-02 01:00:00,G22,54,0.0,0.0,0.0,0.0,0.0
2024-09-02 01:00:00,G23,55,0.0,0.0,0.0,0.0,0.0
2024-09-02 01:00:00,G24,58,0.0,0.0,0.0,0.0,0.0
2024-09-02 01:00:00,G25,60,0.0,0.0,0.0,0.0,0.0
2024-09-02 01:00:00,G26,61,0.0,0.0,0.0,0.0,0.0
2024-09-02 01:00:00,G27,64,0.0,0.0,0.0,0.0,0.0
2024-09-02 01:00:00,G28,65,0.0,0.0,0.0,-0.0,0.0
2024-09-02 01:00:00,G29,69,0.0,0.0,0.0,0.0,0.0
2024-09-02 01:00:00,G30,71,0.0,3.469446951953614e-18,0.0,0.0,0.0
2024-09-02 01:00:00,G31,72,0.0,-8.673617379884035e-19,0.0,0.0,0.0
2024-09-02 01:00:00,G32,73,0.0,-5.204170427930421e-18,0.0,0.0,0.0
2024-09-02 01:00:00,G33,75,0.0,-9.540979117872439e-18,0.0,0.0,0.0
2024-09-02 01:00:00,G34,76,0.0,0.0,0.0,0.0,0.0
2024-09-02 01:00:00,G35,79,0.0,0.0,0.0,0.0,0.0
2024-09-02 01:00:00,G36,84,0.0,0.0,0.0,0.0,0.0
2024-09-02 01:00:00,G37,86,0.0,0.0,0.0,0.0,0.0
2024-09-02 01:00:00,G38,88,0.0,0.0,0.0,0.0,0.0
2024-09-02 01:00:00,G39,89,0.0,4.336808689942018e-18,0.0,0.0,0.0
2024-09-02 01:00:00,G40,90,0.0,-2.3418766925686896e-17,0.0,0.0,0.0
2024-09-02 01:00:00,G41,91,0.0,0.0,0.0,0.0,0.0
2024-09-02 01:00:00,G42,98,0.0,4.336808689942018e-18,0.0,0.0,0.0
2024-09-02 01:00:00,G43,99,0.0,0.0,0.0,-0.0,0.0
2024-09-02 01:00:00,G44,102,0.0,0.0,0.0,0.0,0.0
2024-09-02 01:00:00,G45,103,0.0,0.0,0.0,0.0,0.0
2024-09-02 01:00:00,G46,104,0.0,0.0,0.0,0.0,0.0
2024-09-02 01:00:00,G47,106,0.0,4.336808689942018e-18,0.0,0.0,0.0
2024-09-02 01:00:00,G48,109,0.0,0.0,0.0,0.0,0.0
2024-09-02 01:00:00,G49,110,0.0,0.0,0.0,0.0,0.0
2024-09-02 01:00:00,G50,111,0.0,0.0,0.0,0.0,0.0
2024-09-02 01:00:00,G51,112,0.0,3.209238430557093e-17,0.0,0.0,0.0
2024-09-02 01:00:00,G52,115,0.0,0.0,0.0,0.0,0.0
2024-09-02 01:00:00,EMG_1,0,1.0,0.162,0.017999999999999988,0.0,0.0
2024-09-02 01:00:00,EMG_2,1,1.0,0.0,0.15,0.0,0.0
2024-09-02 01:00:00,EMG_3,2,1.0,0.05453727655430554,0.045462723445694464,0.0,0.0
2024-09-02 02:00:00,EG0,68,0.0,0.0,0.0,0.0,0.0
2024-09-02 02:00:00,G0,0,0.0,0.0,0.0,0.0,0.0
2024-09-02 02:00:00,G1,3,0.0,-1.0408340855860843e-16,0.0,0.0,0.0
2024-09-02 02:00:00,G2,5,0.0,-6.938893903907228e-18,0.0,0.0,0.0
2024-09-02 02:00:00,G3,7,0.0,-3.469446951953614e-18,0.0,0.0,0.0
2024-09-02 02:00:00,G4,9,0.0,0.0,0.0,0.0,0.0
2024-09-02 02:00:00,G5,11,0.0,0.0,0.0,0.0,0.0
2024-09-02 02:00:00,G6,14,-0.0,0.0,0.0,0.0,0.0
2024-09-02 02:00:00,G7,17,0.0,2.0816681711721685e-17,0.0,0.0,0.0
2024-09-02 02:00:00,G8,18,0.0,0.0,0.0,0.0,0.0
2024-09-02 02:00:00,G9,23,0.0,0.0,0.0,0.0,0.0
2024-09-02 02:00:00,G10,24,0.0,-1.2923689896027213e-16,0.0,0.0,0.0
2024-09-02 02:00:00,G11,25,0.0,0.0,0.0,-0.0,0.0
2024-09-02 02:00:00,G12,26,0.0,0.0,0.0,0.0,0.0
2024-09-02 02:00:00,G13,30,0.0,0.0,0.0,0.0,0.0
2024-09-02 02:00:00,G14,31,-0.0,9.020562075079397e-17,0.0,0.0,0.0
2024-09-02 02:00:00,G15,33,0.0,0.0,0.0,0.0,0.0
2024-09-02 02:00:00,G16,35,0.0,6.938893903907228e-18,0.0,0.0,0.0
2024-09-02 02:00:00,G17,39,0.0,1.474514954580286e-17,0.0,0.0,0.0
2024-09-02 02:00:00,G18,41,0.0,0.0,0.0,0.0,0.0
2024-09-02 02:00:00,G19,45,0.0,0.0,0.0,0.0,0.0
2024-09-02 02:00:00,G20,48,0.0,0.0,0.0,0.0,0.0
2024-09-02 02:00:00,G21,53,0.0,0.0,0.0,0.0,0.0
2024-09-02 02:00:00,G22,54,0.0,0.0,0.0,0.0,0.0
2024-09-02 02:00:00,G23,55,0.0,0.0,0.0,0.0,0.0
2024-09-02 02:00:00,G24,58,-0.0,0.0,0.0,0.0,0.0
2024-09-02 02:00:00,G25,60,0.0,0.0,0.0,0.0,0.0
2024-09-02 02:00:00,G26,61,0.0,0.0,0.0,0.0,0.0
2024-09-02 02:00:00,G27,64,0.0,0.0,0.0,0.0,0.0
2024-09-02 02:00:00,G28,65,0.0,0.0,0.0,0.0,0.0
2024-09-02 02:00:00,G29,69,0.0,0.0,0.0,0.0,0.0
2024-09-02 02:00:00,G30,71,0.0,3.469446951953614e-18,0.0,0.0,0.0
2024-09-02 02:00:00,G31,72,0.0,0.0,0.0,0.0,0.0
2024-09-02 02:00:00,G32,73,0.0,-4.336808689942018e-19,0.0,0.0,0.0
2024-09-02 02:00:00,G33,75,0.0,-1.8214596497756474e-17,0.0,0.0,0.0
2024-09-02 02:00:00,G34,76,0.0,0.0,0.0,0.0,0.0
2024-09-02 02:00:00,G35,79,0.0,0.0,0.0,0.0,0.0
2024-09-02 02:00:00,G36,84,0.0,0.0,0.0,0.0,0.0
2024-09-02 02:00:00,G37,86,0.0,-2.837538165673718e-17,0.0,0.0,0.0
2024-09-02 02:00:00,G38,88,0.0,0.0,0.0,0.0,0.0
2024-09-02 02:00:00,G39,89,0.0,5.117434254131581e-17,0.0,0.0,0.0
2024-09-02 02:00:00,G40,90,0.0,-5.984795992119984e-17,0.0,0.0,0.0
2024-09-02 02:00:00,G41,91,0.0,0.0,0.0,0.0,0.0
2024-09-02 02:00:00,G42,98,0.0,-3.209238430557093e-17,0.0,0.0,0.0
2024-09-02 02:00:00,G43,99,0.0,0.0,0.0,0.0,0.0
2024-09-02 02:00:00,G44,102,0.0,0.0,0.0,0.0,0.0
2024-09-02 02:00:00,G45,103,0.0,0.0,0.0,0.0,0.0
2024-09-02 02:00:00,G46,104,0.0,0.0,0.0,0.0,0.0
2024-09-02 02:00:00,G47,106,0.0,2.3418766925686896e-17,0.0,0.0,0.0
2024-09-02 02:00:00,G48,109,0.0,0.0,0.0,0.0,0.0
2024-09-02 02:00:00,G49,110,0.0,0.0,0.0,0.0,0.0
2024-09-02 02:00:00,G50,111,0.0,0.0,0.0,0.0,0.0
2024-09-02 02:00:00,G51,112,0.0,-4.336808689942018e-18,0.0,0.0,0.0
2024-09-02 02:00:00,G52,115,0.0,-8.673617379884035e-19,0.0,0.0,0.0
2024-09-02 02:00:00,EMG_1,0,1.0,0.0,0.18,0.0,0.0
2024-09-02 02:00:00,EMG_2,1,1.0,0.1283339698776035,0.021666030122396485,0.0,0.0
2024-09-02 02:00:00,EMG_3,2,1.0,0.1,0.0,0.0,0.0
2024-09-02 03:00:00,EG0,68,0.0,0.0,0.0,0.0,0.0
2024-09-02 03:00:00,G0,0,-0.0,0.0,0.0,0.0,-0.0
2024-09-02 03:00:00,G1,3,0.0,-8.673617379884035e-18,0.0,0.0,0.0
2024-09-02 03:00:00,G2,5,0.0,5.204170427930421e-18,0.0,0.0,0.0
2024-09-02 03:00:00,G3,7,0.0,2.2551405187698492e-17,0.0,0.0,0.0
2024-09-02 03:00:00,G4,9,0.0,0.0,0.0,0.0,0.0
2024-09-02 03:00:00,G5,11,-0.0,0.0,0.0,0.0,0.0
2024-09-02 03:00:00,G6,14,0.0,0.0,0.0,0.0,0.0
2024-09-02 03:00:00,G7,17,0.0,1.9081958235744878e-17,0.0,0.0,0.0
2024-09-02 03:00:00,G8,18,0.0,0.0,0.0,0.0,0.0
2024-09-02 03:00:00,G9,23,0.0,0.0,0.0,0.0,0.0
2024-09-02 03:00:00,G10,24,0.0,-1.9081958235744878e-17,0.0,0.0,0.0
2024-09-02 03:00:00,G11,25,0.0,0.0,0.0,0.0,0.0
2024-09-02 03:00:00,G12,26,0.0,0.0,0.0,0.0,0.0
2024-09-02 03:00:00,G13,30,0.0,0.0,0.0,0.0,0.0
2024-09-02 03:00:00,G14,31,0.0,0.0,0.0,0.0,0.0
2024-09-02 03:00:00,G15,33,0.0,0.0,0.0,0.0,0.0
2024-09-02 03:00:00,G16,35,0.0,-3.642919299551295e-17,0.0,0.0,0.0
2024-09-02 03:00:00,G17,39,-0.0,9.194034422677078e-17,0.0,-0.0,0.0
2024-09-02 03:00:00,G18,41,-0.0,0.0,0.0,0.0,0.0
2024-09-02 03:00:00,G19,45,0.0,0.0,0.0,0.0,0.0
2024-09-02 03:00:00,G20,48,-0.0,0.0,0.0,0.0,0.0
2024-09-02 03:00:00,G21,53,-0.0,1.1102230246251565e-16,0.0,0.0,0.0
2024-09-02 03:00:00,G22,54,-0.0,2.7755575615628914e-17,0.0,0.0,0.0
2024-09-02 03:00:00,G23,55,-0.0,0.0,0.0,-0.0,0.0
2024-09-02 03:00:00,G24,58,0.0,0.0,0.0,0.0,0.0
2024-09-02 03:00:00,G25,60,0.0,0.0,0.0,0.0,0.0
2024-09-02 03:00:00,G26,61,-0.0,0.0,0.0,0.0,0.0
2024-09-02 03:00:00,G27,64,-0.0,4.336808689942018e-17,0.0,0.0,0.0
2024-09-02 03:00:00,G28,65,0.0,0.0,0.0,0.0,0.0
2024-09-02 03:00:00,G29,69,0.0,0.0,0.0,0.0,0.0
2024-09-02 03:00:00,G30,71,0.0,-1.3877787807814457e-17,0.0,0.0,0.0
2024-09-02 03:00:00,G31,72,0.0,8.673617379884035e-18,0.0,0.0,0.0
2024-09-02 03:00:00,G32,73,0.0,3.469446951953614e-18,0.0,0.0,0.0
2024-09-02 03:00:00,G33,75,0.0,-1.734723475976807e-18,0.0,0.0,0.0
2024-09-02 03:00:00,G34,76,0.0,0.0,0.0,0.0,0.0
2024-09-02 03:00:00,G35,79,0.0,0.0,0.0,0.0,0.0
2024-09-02 03:00:00,G36,84,0.0,0.0,0.0,0.0,0.0
2024-09-02 03:00:00,G37,86,0.0,1.1608110677756118e-17,0.0,0.0,0.0
2024-09-02 03:00:00,G38,88,-0.0,-1.43982048506075e-16,0.0,0.0,0.0
2024-09-02 03:00:00,G39,89,0.0,-1.717376241217039e-16,0.0,0.0,0.0
2024-09-02 03:00:00,G40,90,0.0,2.2551405187698492e-17,0.0,0.0,0.0
2024-09-02 03:00:00,G41,91,0.0,0.0,0.0,0.0,0.0
2024-09-02 03:00:00,G42,98,0.0,-4.683753385137379e-17,0.0,0.0,0.0
2024-09-02 03:00:00,G43,99,0.0,0.0,0.0,0.0,0.0
2024-09-02 03:00:00,G44,102,-0.0,-6.071532165918825e-17,0.0,-0.0,0.0
2024-09-02 03:00:00,G45,103,0.0,0.0,0.0,0.0,0.0
2024-09-02 03:00:00,G46,104,0.0,0.0,0.0,0.0,0.0
2024-09-02 03:00:00,G47,106,0.0,-5.204170427930421e-18,0.0,0.0,0.0
2024-09-02 03:00:00,G48,109,0.0,0.0,0.0,0.0,0.0
2024-09-02 03:00:00,G49,110,0.0,0.0,0.0,0.0,0.0
2024-09-02 03:00:00,G50,111,0.0,-5.204170427930421e-18,0.0,0.0,0.0
2024-09-02 03:00:00,G51,112,0.0,-3.2959746043559335e-17,0.0,0.0,0.0
2024-09-02 03:00:00,G52,115,0.0,0.0,0.0,0.0,0.0
2024-09-02 03:00:00,EMG_1,0,1.0,0.017999999999999988,0.162,0.0,0.0
2024-09-02 03:00:00,EMG_2,1,1.0,0.15,0.0,0.0,0.0
2024-09-02 03:00:00,EMG_3,2,1.0,0.07014203024488048,0.02985796975511952,0.0,0.0
2024-09-02 04:00:00,EG0,68,0.0,0.0,0.0,0.0,0.0
2024-09-02 04:00:00,G0,0,0.0,0.0,0.0,0.0,0.0
2024-09-02 04:00:00,G1,3,0.0,0.0,0.0,0.0,0.0
2024-09-02 04:00:00,G2,5,0.0,0.0,0.0,0.0,0.0
2024-09-02 04:00:00,G3,7,0.0,0.0,0.0,0.0,0.0
2024-09-02 04:00:00,G4,9,0.0,0.0,0.0,0.0,0.0
2024-09-02 04:00:00,G5,11,0.0,0.0,0.0,-0.0,0.0
2024-09-02 04:00:00,G6,14,0.0,5.204170427930421e-18,0.0,0.0,0.0
2024-09-02 04:00:00,G7,17,0.0,5.204170427930421e-18,0.0,0.0,0.0
2024-09-02 04:00:00,G8,18,0.0,8.847089727481716e-17,0.0,0.0,0.0
2024-09-02 04:00:00,G9,23,0.0,0.0,0.0,0.0,0.0
2024-09-02 04:00:00,G10,24,0.0,-3.642919299551295e-17,0.0,0.0,0.0
2024-09-02 04:00:00,G11,25,0.0,0.0,0.0,0.0,0.0
2024-09-02 04:00:00,G12,26,-0.0,-5.0306980803327406e-17,0.0,0.0,0.0
2024-09-02 04:00:00,G13,30,0.0,0.0,0.0,0.0,0.0
2024-09-02 04:00:00,G14,31,0.0,0.0,0.0,0.0,0.0
2024-09-02 04:00:00,G15,33,0.0,0.0,0.0,0.0,0.0
2024-09-02 04:00:00,G16,35,0.0,5.204170427930421e-18,0.0,0.0,0.0
2024-09-02 04:00:00,G17,39,0.0,0.0,0.0,0.0,0.0
2024-09-02 04:00:00,G18,41,0.0,0.0,0.0,0.0,0.0
2024-09-02 04:00:00,G19,45,0.0,0.0,0.0,0.0,0.0
2024-09-02 04:00:00,G20,48,0.0,0.0,0.0,-0.0,0.0
2024-09-02 04:00:00,G21,53,0.0,0.0,0.0,-0.0,0.0
2024-09-02 04:00:00,G22,54,0.0,0.0,0.0,0.0,0.0
2024-09-02 04:00:00,G23,55,0.0,0.0,0.0,0.0,0.0
2024-09-02 04:00:00,G24,58,0.0,0.0,0.0,0.0,0.0
2024-09-02 04:00:00,G25,60,0.0,4.683753385137379e-17,0.0,0.0,0.0
2024-09-02 04:00:00,G26,61,0.0,0.0,0.0,0.0,-0.0
2024-09-02 04:00:00,G27,64,0.0,0.0,0.0,0.0,-0.0
2024-09-02 04:00:00,G28,65,0.0,0.0,0.0,0.0,0.0
2024-09-02 04:00:00,G29,69,0.0,7.28583859910259e-17,0.0,0.0,0.0
2024-09-02 04:00:00,G30,71,0.0,1.734723475976807e-17,0.0,0.0,0.0
2024-09-02 04:00:00,G31,72,0.0,-1.0408340855860843e-17,0.0,0.0,0.0
2024-09-02 04:00:00,G32,73,0.0,4.5102810375396984e-17,0.0,0.0,0.0
2024-09-02 04:00:00,G33,75,0.0,-8.673617379884035e-18,0.0,0.0,0.0
2024-09-02 04:00:00,G34,76,0.0,0.0,0.0,0.0,0.0
2024-09-02 04:00:00,G35,79,0.0,0.0,0.0,0.0,0.0
2024-09-02 04:00:00,G36,84,0.0,0.0,0.0,0.0,0.0
2024-09-02 04:00:00,G37,86,0.0,-6.126502857704618e-17,0.0,0.0,0.0
2024-09-02 04:00:00,G38,88,0.0,0.0,0.0,0.0,-0.0
2024-09-02 04:00:00,G39,89,0.0,5.204170427930421e-18,0.0,0.0,0.0
2024-09-02 04:00:00,G40,90,0.0,-6.418476861114186e-17,0.0,0.0,0.0
2024-09-02 04:00:00,G41,91,0.0,0.0,0.0,0.0,0.0
2024-09-02 04:00:00,G42,98,0.0,-3.469446951953614e-18,0.0,0.0,0.0
2024-09-02 04:00:00,G43,99,0.0,0.0,0.0,0.0,0.0
2024-09-02 04:00:00,G44,102,0.0,0.0,0.0,-0.0,0.0
2024-09-02 04:00:00,G45,103,0.0,0.0,0.0,0.0,0.0
2024-09-02 04:00:00,G46,104,0.0,0.0,0.0,0.0,0.0
2024-09-02 04:00:00,G47,106,0.0,-1.734723475976807e-18,0.0,0.0,0.0
2024-09-02 04:00:00,G48,109,0.0,-8.673617379884035e-18,0.0,0.0,0.0
2024-09-02 04:00:00,G49,110,0.0,5.204170427930421e-18,0.0,0.0,0.0
2024-09-02 04:00:00,G50,111,0.0,-8.673617379884035e-18,0.0,0.0,0.0
2024-09-02 04:00:00,G51,112,0.0,7.45931094670027e-17,0.0,0.0,0.0
2024-09-02 04:00:00,G52,115,0.0,0.0,0.0,0.0,0.0
2024-09-02 04:00:00,EMG_1,0,1.0,0.18,0.0,0.0,0.0
2024-09-02 04:00:00,EMG_2,1,1.0,0.06506474769765264,0.08493525230234736,0.0,0.0
2024-09-02 04:00:00,EMG_3,2,1.0,0.0,0.1,0.0,0.0
2024-09-02 05:00:00,EG0,68,-0.0,5.065392549852277e-16,0.0,0.0,0.0
2024-09-02 05:00:00,G0,0,-0.0,0.0,0.0,0.0,0.0
2024-09-02 05:00:00,G1,3,0.0,6.938893903907228e-18,0.0,0.0,0.0
2024-09-02 05:00:00,G2,5,0.0,6.938893903907228e-18,0.0,0.0,0.0
2024-09-02 05:00:00,G3,7,0.0,7.806255641895632e-18,0.0,0.0,0.0
2024-09-02 05:00:00,G4,9,0.0,-3.469446951953614e-18,0.0,0.0,0.0
2024-09-02 05:00:00,G5,11,-0.0,0.0,0.0,0.0,0.0
2024-09-02 05:00:00,G6,14,0.0,0.0,0.0,0.0,0.0
2024-09-02 05:00:00,G7,17,0.0,6.245004513516506e-17,0.0,0.0,0.0
2024-09-02 05:00:00,G8,18,-0.0,0.0,0.0,0.0,0.0
2024-09-02 05:00:00,G9,23,0.0,0.0,0.0,0.0,0.0
2024-09-02 05:00:00,G10,24,0.0,1.1796119636642288e-16,0.0,0.0,0.0
2024-09-02 05:00:00,G11,25,0.0,7.7021722333370235e-16,0.0,0.0,0.0
2024-09-02 05:00:00,G12,26,0.0,0.0,0.0,0.0,0.0
2024-09-02 05:00:00,G13,30,0.0,0.0,0.0,0.0,0.0
2024-09-02 05:00:00,G14,31,0.0,1.1796119636642288e-16,0.0,0.0,0.0
2024-09-02 05:00:00,G15,33,0.0,0.0,0.0,0.0,0.0
2024-09-02 05:00:00,G16,35,0.0,6.245004513516506e-17,0.0,0.0,0.0
2024-09-02 05:00:00,G17,39,0.0,0.0,0.0,0.0,0.0
2024-09-02 05:00:00,G18,41,0.0,5.551115123125783e-17,0.0,0.0,0.0
2024-09-02 05:00:00,G19,45,-0.0,-5.551115123125783e-17,0.0,0.0,0.0
2024-09-02 05:00:00,G20,48,-0.0,0.0,0.0,0.0,0.0
2024-09-02 05:00:00,G21,53,-0.0,0.0,0.0,0.0,0.0
2024-09-02 05:00:00,G22,54,0.0,0.0,0.0,0.0,0.0
2024-09-02 05:00:00,G23,55,0.0,0.0,0.0,0.0,0.0
2024-09-02 05:00:00,G24,58,-0.0,0.0,0.0,-0.0,-0.0
2024-09-02 05:00:00,G25,60,0.0,-6.175615574477433e-16,0.0,0.0,0.0
2024-09-02 05:00:00,G26,61,0.0,-1.6653345369377348e-16,0.0,0.0,0.0
2024-09-02 05:00:00,G27,64,0.0,0.0,0.0,0.0,0.0
2024-09-02 05:00:00,G28,65,0.0,0.0,0.0,0.0,0.0
2024-09-02 05:00:00,G29,69,0.0,0.0,0.0,0.0,0.0
2024-09-02 05:00:00,G30,71,0.0,6.938893903907228e-18,0.0,0.0,0.0
2024-09-02 05:00:00,G31,72,0.0,6.938893903907228e-18,0.0,0.0,0.0
2024-09-02 05:00:00,G32,73,0.0,6.938893903907228e-18,0.0,0.0,0.0
2024-09-02 05:00:00,G33,75,0.0,2.0816681711721685e-17,0.0,0.0,0.0
2024-09-02 05:00:00,G34,76,-0.0,0.0,0.0,0.0,0.0
2024-09-02 05:00:00,G35,79,0.0,0.0,0.0,0.0,0.0
2024-09-02 05:00:00,G36,84,-0.0,3.469446951953614e-18,0.0,0.0,0.0
2024-09-02 05:00:00,G37,86,0.0,0.0,0.0,0.0,0.0
2024-09-02 05:00:00,G38,88,0.0,0.0,0.0,0.0,0.0
2024-09-02 05:00:00,G39,89,0.0,0.0,0.0,0.0,0.0
2024-09-02 05:00:00,G40,90,0.0,0.0,0.0,0.0,0.0
2024-09-02 05:00:00,G41,91,0.0,0.0,0.0,0.0,0.0
2024-09-02 05:00:00,G42,98,0.0,1.734723475976807e-18,0.0,0.0,0.0
2024-09-02 05:00:00,G43,99,0.0,0.0,0.0,0.0,0.0
2024-09-02 05:00:00,G44,102,0.0,-1.214306433183765e-17,0.0,0.0,0.0
2024-09-02 05:00:00,G45,103,0.0,0.0,0.0,0.0,0.0
2024-09-02 05:00:00,G46,104,0.0,0.0,0.0,0.0,0.0
2024-09-02 05:00:00,G47,106,0.0,-1.3877787807814457e-17,0.0,0.0,0.0
2024-09-02 05:00:00,G48,109,0.0,0.0,0.0,0.0,0.0
2024-09-02 05:00:00,G49,110,0.0,0.0,0.0,0.0,0.0
2024-09-02 05:00:00,G50,111,0.0,0.0,0.0,0.0,0.0
2024-09-02 05:00:00,G51,112,0.0,6.938893903907228e-18,0.0,0.0,0.0
2024-09-02 05:00:00,G52,115,0.0,6.938893903907228e-18,0.0,0.0,0.0
2024-09-02 05:00:00,EMG_1,0,1.0,0.18,0.0,-0.0,-0.0
2024-09-02 05:00:00,EMG_2,1,1.0,0.07015903010494406,0.07984096989505593,-0.0,-0.0
2024-09-02 05:00:00,EMG_3,2,1.0,0.0,0.1,-0.0,-0.0
2024-09-02 06:00:00,EG0,68,0.0,0.0,0.0,0.0,0.0
2024-09-02 06:00:00,G0,0,0.0,0.0,0.0,0.0,0.0
2024-09-02 06:00:00,G1,3,0.0,1.5612511283791264e-17,0.0,0.0,0.0
2024-09-02 06:00:00,G2,5,0.0,-1.214306433183765e-17,0.0,0.0,0.0
2024-09-02 06:00:00,G3,7,0.0,6.938893903907228e-18,0.0,0.0,0.0
2024-09-02 06:00:00,G4,9,0.0,2.6020852139652106e-18,0.0,0.0,0.0
2024-09-02 06:00:00,G5,11,0.0,0.0,0.0,0.0,0.0
2024-09-02 06:00:00,G6,14,0.0,0.0,0.0,0.0,0.0
2024-09-02 06:00:00,G7,17,0.0,4.336808689942018e-17,0.0,0.0,0.0
2024-09-02 06:00:00,G8,18,0.0,0.0,0.0,0.0,0.0
2024-09-02 06:00:00,G9,23,0.0,0.0,0.0,0.0,0.0
2024-09-02 06:00:00,G10,24,0.0,4.336808689942018e-17,0.0,0.0,0.0
2024-09-02 06:00:00,G11,25,0.0,2.654126918244515e-16,0.0,0.0,0.0
2024-09-02 06:00:00,G12,26,0.0,-2.0643209364124004e-16,0.0,0.0,0.0
2024-09-02 06:00:00,G13,30,0.0,-1.6774776012695725e-15,0.0,0.0,0.0
2024-09-02 06:00:00,G14,31,0.0,0.0,0.0,0.0,0.0
2024-09-02 06:00:00,G15,33,0.0,7.28583859910259e-17,0.0,0.0,0.0
2024-09-02 06:00:00,G16,35,0.0,1.5612511283791264e-17,0.0,0.0,0.0
2024-09-02 06:00:00,G17,39,0.0,0.0,0.0,0.0,0.0
2024-09-02 06:00:00,G18,41,0.0,0.0,0.0,0.0,0.0
2024-09-02 06:00:00,G19,45,0.0,-1.0928757898653885e-16,0.0,0.0,0.0
2024-09-02 06:00:00,G20,48,0.0,0.0,0.0,0.0,0.0
2024-09-02 06:00:00,G21,53,0.0,0.0,0.0,0.0,0.0
2024-09-02 06:00:00,G22,54,0.0,0.0,0.0,0.0,0.0
2024-09-02 06:00:00,G23,55,0.0,0.0,0.0,0.0,0.0
2024-09-02 06:00:00,G24,58,0.0,0.0,0.0,0.0,0.0
2024-09-02 06:00:00,G25,60,0.0,0.0,0.0,0.0,0.0
2024-09-02 06:00:00,G26,61,0.0,0.0,0.0,0.0,0.0
2024-09-02 06:00:00,G27,64,-0.0,1.1275702593849246e-16,0.0,0.0,0.0
2024-09-02 06:00:00,G28,65,-0.0,-1.1275702593849246e-17,0.0,-0.0,0.0
2024-09-02 06:00:00,G29,69,0.0,0.0,0.0,0.0,0.0
2024-09-02 06:00:00,G30,71,0.0,-2.6020852139652106e-17,0.0,0.0,0.0
2024-09-02 06:00:00,G31,72,0.0,0.0,0.0,0.0,0.0
2024-09-02 06:00:00,G32,73,0.0,3.8163916471489756e-17,0.0,0.0,0.0
2024-09-02 06:00:00,G33,75,0.0,2.949029909160572e-17,0.0,0.0,0.0
2024-09-02 06:00:00,G34,76,0.0,0.0,0.0,0.0,0.0
2024-09-02 06:00:00,G35,79,-0.0,0.0,0.0,-0.0,0.0
2024-09-02 06:00:00,G36,84,0.0,0.0,0.0,0.0,0.0
2024-09-02 06:00:00,G37,86,0.0,8.673617379884035e-19,0.0,0.0,0.0
2024-09-02 06:00:00,G38,88,-0.0,2.6020852139652106e-18,0.0,0.0,0.0
2024-09-02 06:00:00,G39,89,0.0,-7.806255641895632e-18,0.0,0.0,0.0
2024-09-02 06:00:00,G40,90,0.0,-4.336808689942018e-19,0.0,0.0,0.0
2024-09-02 06:00:00,G41,91,0.0,0.0,0.0,0.0,0.0
2024-09-02 06:00:00,G42,98,0.0,4.228388472693467e-18,0.0,0.0,0.0
2024-09-02 06:00:00,G43,99,0.0,0.0,0.0,0.0,0.0
2024-09-02 06:00:00,G44,102,0.0,-6.179952383167375e-18,0.0,0.0,0.0
2024-09-02 06:00:00,G45,103,0.0,-2.710505431213761e-18,0.0,0.0,0.0
2024-09-02 06:00:00,G46,104,0.0,0.0,0.0,0.0,0.0
2024-09-02 06:00:00,G47,106,0.0,1.734723475976807e-18,0.0,0.0,0.0
2024-09-02 06:00:00,G48,109,0.0,-8.673617379884035e-18,0.0,0.0,0.0
2024-09-02 06:00:00,G49,110,0.0,1.734723475976807e-18,0.0,0.0,0.0
2024-09-02 06:00:00,G50,111,0.0,1.734723475976807e-18,0.0,0.0,0.0
2024-09-02 06:00:00,G51,112,0.0,5.724587470723463e-17,0.0,0.0,0.0
2024-09-02 06:00:00,G52,115,0.0,0.0,0.0,0.0,0.0
2024-09-02 06:00:00,EMG_1,0,1.0,0.18,0.0,-0.0,-0.0
2024-09-02 06:00:00,EMG_2,1,1.0,0.06781042785422166,0.08218957214577834,-0.0,-0.0
2024-09-02 06:00:00,EMG_3,2,1.0,0.0,0.1,-0.0,-0.0
2024-09-02 07:00:00,EG0,68,-0.0,0.0,0.0,0.0,0.0
2024-09-02 07:00:00,G0,0,0.0,0.0,0.0,0.0,0.0
2024-09-02 07:00:00,G1,3,0.0,2.7755575615628914e-17,0.0,0.0,0.0
2024-09-02 07:00:00,G2,5,0.0,0.0,0.0,0.0,0.0
2024-09-02 07:00:00,G3,7,0.0,0.0,0.0,0.0,0.0
2024-09-02 07:00:00,G4,9,0.0,-5.204170427930421e-18,0.0,0.0,0.0
2024-09-02 07:00:00,G5,11,-0.0,0.0,0.0,0.0,0.0
2024-09-02 07:00:00,G6,14,-0.0,0.0,0.0,0.0,0.0
2024-09-02 07:00:00,G7,17,0.0,-1.3877787807814457e-17,0.0,0.0,0.0
2024-09-02 07:00:00,G8,18,0.0,0.0,0.0,0.0,0.0
2024-09-02 07:00:00,G9,23,0.0,0.0,0.0,0.0,0.0
2024-09-02 07:00:00,G10,24,0.0,-6.071532165918825e-18,0.0,0.0,0.0
2024-09-02 07:00:00,G11,25,0.0,8.673617379884035e-19,0.0,0.0,0.0
2024-09-02 07:00:00,G12,26,0.0,0.0,0.0,0.0,0.0
2024-09-02 07:00:00,G13,30,0.0,0.0,0.0,0.0,0.0
2024-09-02 07:00:00,G14,31,0.0,0.0,0.0,0.0,0.0
2024-09-02 07:00:00,G15,33,0.0,0.0,0.0,0.0,0.0
2024-09-02 07:00:00,G16,35,0.0,0.0,0.0,0.0,0.0
2024-09-02 07:00:00,G17,39,0.0,0.0,0.0,0.0,0.0
2024-09-02 07:00:00,G18,41,0.0,0.0,0.0,0.0,0.0
2024-09-02 07:00:00,G19,45,0.0,0.0,0.0,0.0,0.0
2024-09-02 07:00:00,G20,48,0.0,0.0,0.0,0.0,0.0
2024-09-02 07:00:00,G21,53,0.0,0.0,0.0,0.0,0.0
2024-09-02 07:00:00,G22,54,0.0,-3.2526065174565133e-19,0.0,0.0,0.0
2024-09-02 07:00:00,G23,55,0.0,-1.5178830414797062e-18,0.0,0.0,0.0
2024-09-02 07:00:00,G24,58,0.0,0.0,0.0,0.0,0.0
2024-09-02 07:00:00,G25,60,0.0,1.2468324983583301e-18,0.0,0.0,0.0
2024-09-02 07:00:00,G26,61,0.0,0.0,0.0,0.0,0.0
2024-09-02 07:00:00,G27,64,0.0,0.0,0.0,0.0,0.0
2024-09-02 07:00:00,G28,65,0.0,0.0,0.0,0.0,0.0
2024-09-02 07:00:00,G29,69,0.0,0.0,0.0,0.0,0.0
2024-09-02 07:00:00,G30,71,0.0,-3.469446951953614e-18,0.0,0.0,0.0
2024-09-02 07:00:00,G31,72,0.0,8.673617379884035e-19,0.0,0.0,0.0
2024-09-02 07:00:00,G32,73,0.0,0.0,0.0,0.0,0.0
2024-09-02 07:00:00,G33,75,0.0,8.673617379884035e-19,0.0,0.0,0.0
2024-09-02 07:00:00,G34,76,0.0,0.0,0.0,0.0,0.0
2024-09-02 07:00:00,G35,79,0.0,0.0,0.0,0.0,0.0
2024-09-02 07:00:00,G36,84,0.0,0.0,0.0,0.0,0.0
2024-09-02 07:00:00,G37,86,0.0,2.862293735361732e-17,0.0,0.0,0.0
2024-09-02 07:00:00,G38,88,0.0,0.0,0.0,0.0,0.0
2024-09-02 07:00:00,G39,89,0.0,4.2500725161431774e-17,0.0,0.0,0.0
2024-09-02 07:00:00,G40,90,0.0,-2.688821387764051e-17,0.0,0.0,0.0
2024-09-02 07:00:00,G41,91,-0.0,0.0,0.0,0.0,0.0
2024-09-02 07:00:00,G42,98,0.0,1.474514954580286e-17,0.0,0.0,0.0
2024-09-02 07:00:00,G43,99,0.0,0.0,0.0,0.0,0.0
2024-09-02 07:00:00,G44,102,0.0,0.0,0.0,0.0,0.0
2024-09-02 07:00:00,G45,103,0.0,0.0,0.0,0.0,0.0
2024-09-02 07:00:00,G46,104,0.0,0.0,0.0,-0.0,0.0
2024-09-02 07:00:00,G47,106,0.0,8.673617379884035e-19,0.0,0.0,0.0
2024-09-02 07:00:00,G48,109,0.0,0.0,0.0,0.0,0.0
2024-09-02 07:00:00,G49,110,0.0,0.0,0.0,0.0,0.0
2024-09-02 07:00:00,G50,111,0.0,-1.3010426069826053e-17,0.0,0.0,0.0
2024-09-02 07:00:00,G51,112,0.0,-1.3010426069826053e-17,0.0,0.0,0.0
2024-09-02 07:00:00,G52,115,0.0,8.673617379884035e-19,0.0,0.0,0.0
2024-09-02 07:00:00,EMG_1,0,1.0,0.017999999999999988,0.162,-0.0,-0.0
2024-09-02 07:00:00,EMG_2,1,1.0,0.12834692240382736,0.021653077596172632,-0.0,-0.0
2024-09-02 07:00:00,EMG_3,2,1.0,0.09000000000000001,0.009999999999999995,-0.0,-0.0
2024-09-02 08:00:00,EG0,68,0.0,0.0,0.0,0.0,0.0
2024-09-02 08:00:00,G0,0,0.0,0.0,0.0,0.0,0.0
2024-09-02 08:00:00,G1,3,0.0,-2.42861286636753e-17,0.0,0.0,0.0
2024-09-02 08:00:00,G2,5,0.0,0.0,0.0,0.0,0.0
2024-09-02 08:00:00,G3,7,0.0,1.3877787807814457e-17,0.0,0.0,0.0
2024-09-02 08:00:00,G4,9,0.0,-6.071532165918825e-18,0.0,0.0,0.0
2024-09-02 08:00:00,G5,11,0.0,0.0,0.0,0.0,0.0
2024-09-02 08:00:00,G6,14,0.0,0.0,0.0,0.0,0.0
2024-09-02 08:00:00,G7,17,0.0,-2.7755575615628914e-17,0.0,0.0,0.0
2024-09-02 08:00:00,G8,18,0.0,0.0,0.0,0.0,0.0
2024-09-02 08:00:00,G9,23,0.0,0.0,0.0,0.0,0.0
2024-09-02 08:00:00,G10,24,0.0,1.5785983631388945e-16,0.0,0.0,0.0
2024-09-02 08:00:00,G11,25,0.0,5.204170427930421e-18,0.0,0.0,0.0
2024-09-02 08:00:00,G12,26,0.0,0.0,0.0,0.0,0.0
2024-09-02 08:00:00,G13,30,0.0,0.0,0.0,0.0,0.0
2024-09-02 08:00:00,G14,31,-0.0,0.0,0.0,0.0,0.0
2024-09-02 08:00:00,G15,33,-0.0,1.6653345369377348e-16,0.0,0.0,0.0
2024-09-02 08:00:00,G16,35,0.0,0.0,0.0,0.0,0.0
2024-09-02 08:00:00,G17,39,0.0,3.2959746043559335e-17,0.0,0.0,0.0
2024-09-02 08:00:00,G18,41,0.0,-2.168404344971009e-17,0.0,0.0,0.0
2024-09-02 08:00:00,G19,45,0.0,1.9949319973733282e-16,0.0,0.0,0.0
2024-09-02 08:00:00,G20,48,0.0,0.0,0.0,0.0,0.0
2024-09-02 08:00:00,G21,53,0.0,2.2724877535296173e-16,0.0,0.0,0.0
2024-09-02 08:00:00,G22,54,0.0,0.0,0.0,0.0,0.0
2024-09-02 08:00:00,G23,55,0.0,0.0,0.0,0.0,0.0
2024-09-02 08:00:00,G24,58,-0.0,0.0,0.0,0.0,0.0
2024-09-02 08:00:00,G25,60,0.0,0.0,0.0,0.0,0.0
2024-09-02 08:00:00,G26,61,0.0,0.0,0.0,0.0,0.0
2024-09-02 08:00:00,G27,64,-0.0,0.0,0.0,-0.0,0.0
2024-09-02 08:00:00,G28,65,0.0,0.0,0.0,0.0,0.0
2024-09-02 08:00:00,G29,69,0.0,0.0,0.0,0.0,0.0
2024-09-02 08:00:00,G30,71,0.0,-5.0306980803327406e-17,0.0,0.0,0.0
2024-09-02 08:00:00,G31,72,0.0,5.204170427930421e-18,0.0,0.0,0.0
2024-09-02 08:00:00,G32,73,0.0,-2.2551405187698492e-17,0.0,0.0,0.0
2024-09-02 08:00:00,G33,75,0.0,5.204170427930421e-18,0.0,0.0,0.0
2024-09-02 08:00:00,G34,76,0.0,0.0,0.0,0.0,0.0
2024-09-02 08:00:00,G35,79,0.0,0.0,0.0,0.0,0.0
2024-09-02 08:00:00,G36,84,0.0,0.0,0.0,0.0,0.0
2024-09-02 08:00:00,G37,86,0.0,-8.673617379884035e-18,0.0,0.0,0.0
2024-09-02 08:00:00,G38,88,0.0,0.0,0.0,0.0,0.0
2024-09-02 08:00:00,G39,89,0.0,5.204170427930421e-18,0.0,0.0,0.0
2024-09-02 08:00:00,G40,90,0.0,1.9081958235744878e-17,0.0,0.0,0.0
2024-09-02 08:00:00,G41,91,0.0,0.0,0.0,0.0,0.0
2024-09-02 08:00:00,G42,98,0.0,3.2959746043559335e-17,0.0,0.0,0.0
2024-09-02 08:00:00,G43,99,0.0,0.0,0.0,0.0,0.0
2024-09-02 08:00:00,G44,102,0.0,0.0,0.0,0.0,0.0
2024-09-02 08:00:00,G45,103,0.0,0.0,0.0,0.0,0.0
2024-09-02 08:00:00,G46,104,-0.0,0.0,0.0,0.0,0.0
2024-09-02 08:00:00,G47,106,0.0,5.204170427930421e-18,0.0,0.0,0.0
2024-09-02 08:00:00,G48,109,0.0,-3.469446951953614e-18,0.0,0.0,0.0
2024-09-02 08:00:00,G49,110,0.0,0.0,0.0,0.0,0.0
2024-09-02 08:00:00,G50,111,0.0,5.204170427930421e-18,0.0,0.0,0.0
2024-09-02 08:00:00,G51,112,0.0,5.204170427930421e-18,0.0,0.0,0.0
2024-09-02 08:00:00,G52,115,0.0,5.204170427930421e-18,0.0,0.0,0.0
2024-09-02 08:00:00,EMG_1,0,1.0,0.18,0.0,-0.0,-0.0
2024-09-02 08:00:00,EMG_2,1,1.0,0.0,0.15,-0.0,-0.0
2024-09-02 08:00:00,EMG_3,2,1.0,0.05817262351883723,0.041827376481162776,-0.0,-0.0
2024-09-02 09:00:00,EG0,68,0.0,0.0,0.0,0.0,0.0
2024-09-02 09:00:00,G0,0,0.0,0.0,0.0,0.0,0.0
2024-09-02 09:00:00,G1,3,0.0,-3.8163916471489756e-17,0.0,0.0,0.0
2024-09-02 09:00:00,G2,5,0.0,1.0408340855860843e-17,0.0,0.0,0.0
2024-09-02 09:00:00,G3,7,0.0,4.753142324176451e-16,0.0,0.0,0.0
2024-09-02 09:00:00,G4,9,0.0,2.6020852139652106e-18,0.0,0.0,0.0
2024-09-02 09:00:00,G5,11,-0.0,0.0,0.0,0.0,0.0
2024-09-02 09:00:00,G6,14,0.0,-1.0061396160665481e-16,0.0,0.0,0.0
2024-09-02 09:00:00,G7,17,0.0,3.8163916471489756e-17,0.0,0.0,0.0
2024-09-02 09:00:00,G8,18,0.0,-3.712308238590367e-16,0.0,0.0,0.0
2024-09-02 09:00:00,G9,23,0.0,-1.2836953722228372e-16,0.0,0.0,0.0
2024-09-02 09:00:00,G10,24,0.0,-2.927345865710862e-18,0.0,0.0,0.0
2024-09-02 09:00:00,G11,25,0.0,1.0950441942103595e-17,0.0,0.0,0.0
2024-09-02 09:00:00,G12,26,-0.0,0.0,0.0,0.0,0.0
2024-09-02 09:00:00,G13,30,-0.0,-4.0592529337857286e-16,0.0,0.0,0.0
2024-09-02 09:00:00,G14,31,0.0,0.0,0.0,0.0,0.0
2024-09-02 09:00:00,G15,33,0.0,0.0,0.0,0.0,0.0
2024-09-02 09:00:00,G16,35,0.0,1.734723475976807e-17,0.0,0.0,0.0
2024-09-02 09:00:00,G17,39,0.0,0.0,0.0,0.0,0.0
2024-09-02 09:00:00,G18,41,0.0,0.0,0.0,0.0,0.0
2024-09-02 09:00:00,G19,45,0.0,-7.28583859910259e-17,0.0,-0.0,0.0
2024-09-02 09:00:00,G20,48,0.0,0.0,0.0,0.0,0.0
2024-09-02 09:00:00,G21,53,-0.0,0.0,0.0,0.0,-0.0
2024-09-02 09:00:00,G22,54,0.0,-1.734723475976807e-17,0.0,0.0,0.0
2024-09-02 09:00:00,G23,55,0.0,0.0,0.0,0.0,0.0
2024-09-02 09:00:00,G24,58,0.0,0.0,0.0,0.0,-0.0
2024-09-02 09:00:00,G25,60,0.0,-1.680513367352532e-17,0.0,0.0,0.0
2024-09-02 09:00:00,G26,61,0.0,4.2674197509029455e-16,0.0,0.0,0.0
2024-09-02 09:00:00,G27,64,0.0,0.0,0.0,0.0,-0.0
2024-09-02 09:00:00,G28,65,0.0,0.0,0.0,0.0,0.0
2024-09-02 09:00:00,G29,69,-0.0,0.0,0.0,-0.0,0.0
2024-09-02 09:00:00,G30,71,0.0,-1.734723475976807e-17,0.0,0.0,0.0
2024-09-02 09:00:00,G31,72,0.0,-1.734723475976807e-17,0.0,0.0,0.0
2024-09-02 09:00:00,G32,73,0.0,-1.734723475976807e-17,0.0,0.0,0.0
2024-09-02 09:00:00,G33,75,0.0,-1.734723475976807e-17,0.0,0.0,0.0
2024-09-02 09:00:00,G34,76,-0.0,0.0,0.0,0.0,0.0
2024-09-02 09:00:00,G35,79,0.0,0.0,0.0,0.0,0.0
2024-09-02 09:00:00,G36,84,0.0,0.0,0.0,0.0,0.0
2024-09-02 09:00:00,G37,86,0.0,-4.456070928915423e-17,0.0,0.0,0.0
2024-09-02 09:00:00,G38,88,0.0,0.0,0.0,0.0,0.0
2024-09-02 09:00:00,G39,89,0.0,3.8163916471489756e-17,0.0,0.0,0.0
2024-09-02 09:00:00,G40,90,0.0,3.8163916471489756e-17,0.0,0.0,0.0
2024-09-02 09:00:00,G41,91,-0.0,0.0,0.0,0.0,0.0
2024-09-02 09:00:00,G42,98,0.0,-4.5102810375396984e-17,0.0,0.0,0.0
2024-09-02 09:00:00,G43,99,-0.0,0.0,0.0,0.0,0.0
2024-09-02 09:00:00,G44,102,0.0,1.214306433183765e-16,0.0,0.0,0.0
2024-09-02 09:00:00,G45,103,0.0,-1.734723475976807e-17,0.0,0.0,0.0
2024-09-02 09:00:00,G46,104,0.0,0.0,0.0,0.0,0.0
2024-09-02 09:00:00,G47,106,0.0,-1.734723475976807e-17,0.0,0.0,0.0
2024-09-02 09:00:00,G48,109,0.0,-4.5102810375396984e-17,0.0,-0.0,0.0
2024-09-02 09:00:00,G49,110,0.0,-1.680513367352532e-17,0.0,0.0,0.0
2024-09-02 09:00:00,G50,111,0.0,3.8163916471489756e-17,0.0,0.0,0.0
2024-09-02 09:00:00,G51,112,0.0,-7.28583859910259e-17,0.0,0.0,0.0
2024-09-02 09:00:00,G52,115,0.0,1.0408340855860843e-17,0.0,0.0,0.0
2024-09-02 09:00:00,EMG_1,0,1.0,0.18,0.0,-0.0,-0.0
2024-09-02 09:00:00,EMG_2,1,1.0,0.048474749667519225,0.10152525033248078,-0.0,-0.0
2024-09-02 09:00:00,EMG_3,2,1.0,0.0,0.1,-0.0,-0.0
2024-09-02 10:00:00,EG0,68,0.0,0.0,0.0,0.0,0.0
2024-09-02 10:00:00,G0,0,0.0,0.0,0.0,0.0,0.0
2024-09-02 10:00:00,G1,3,0.0,0.0,0.0,0.0,0.0
2024-09-02 10:00:00,G2,5,0.0,0.0,0.0,0.0,0.0
2024-09-02 10:00:00,G3,7,0.0,0.0,0.0,0.0,0.0
2024-09-02 10:00:00,G4,9,0.0,6.938893903907228e-17,0.0,0.0,0.0
2024-09-02 10:00:00,G5,11,0.0,0.0,0.0,0.0,0.0
2024-09-02 10:00:00,G6,14,0.0,0.0,0.0,0.0,0.0
2024-09-02 10:00:00,G7,17,0.0,5.551115123125783e-17,0.0,0.0,0.0
2024-09-02 10:00:00,G8,18,0.0,0.0,0.0,0.0,0.0
2024-09-02 10:00:00,G9,23,0.0,0.0,0.0,0.0,0.0
2024-09-02 10:00:00,G10,24,0.0,0.0,0.0,0.0,0.0
2024-09-02 10:00:00,G11,25,0.0,0.0,0.0,0.0,0.0
2024-09-02 10:00:00,G12,26,0.0,0.0,0.0,0.0,0.0
2024-09-02 10:00:00,G13,30,0.0,0.0,0.0,-0.0,0.0
2024-09-02 10:00:00,G14,31,0.0,0.0,0.0,0.0,0.0
2024-09-02 10:00:00,G15,33,0.0,0.0,0.0,0.0,0.0
2024-09-02 10:00:00,G16,35,0.0,0.0,0.0,0.0,0.0
2024-09-02 10:00:00,G17,39,0.0,5.551115123125783e-17,0.0,0.0,0.0
2024-09-02 10:00:00,G18,41,0.0,-1.734723475976807e-18,0.0,0.0,0.0
2024-09-02 10:00:00,G19,45,0.0,0.0,0.0,0.0,0.0
2024-09-02 10:00:00,G20,48,0.0,0.0,0.0,0.0,0.0
2024-09-02 10:00:00,G21,53,0.0,0.0,0.0,0.0,0.0
2024-09-02 10:00:00,G22,54,0.0,0.0,0.0,0.0,0.0
2024-09-02 10:00:00,G23,55,0.0,0.0,0.0,0.0,0.0
2024-09-02 10:00:00,G24,58,0.0,0.0,0.0,0.0,0.0
2024-09-02 10:00:00,G25,60,0.0,0.0,0.0,0.0,0.0
2024-09-02 10:00:00,G26,61,0.0,0.0,0.0,0.0,0.0
2024-09-02 10:00:00,G27,64,0.0,0.0,0.0,0.0,0.0
2024-09-02 10:00:00,G28,65,0.0,0.0,0.0,0.0,0.0
2024-09-02 10:00:00,G29,69,0.0,0.0,0.0,0.0,0.0
2024-09-02 10:00:00,G30,71,0.0,0.0,0.0,0.0,0.0
2024-09-02 10:00:00,G31,72,0.0,0.0,0.0,0.0,0.0
2024-09-02 10:00:00,G32,73,0.0,-5.551115123125783e-17,0.0,0.0,0.0
2024-09-02 10:00:00,G33,75,0.0,0.0,0.0,0.0,0.0
2024-09-02 10:00:00,G34,76,0.0,0.0,0.0,0.0,0.0
2024-09-02 10:00:00,G35,79,0.0,0.0,0.0,0.0,0.0
2024-09-02 10:00:00,G36,84,0.0,-1.691355389077387e-16,0.0,0.0,0.0
2024-09-02 10:00:00,G37,86,0.0,0.0,0.0,0.0,0.0
2024-09-02 10:00:00,G38,88,0.0,1.6653345369377348e-16,0.0,0.0,0.0
2024-09-02 10:00:00,G39,89,0.0,5.551115123125783e-17,0.0,0.0,0.0
2024-09-02 10:00:00,G40,90,0.0,0.0,0.0,0.0,0.0
2024-09-02 10:00:00,G41,91,0.0,0.0,0.0,0.0,0.0
2024-09-02 10:00:00,G42,98,0.0,0.0,0.0,0.0,0.0
2024-09-02 10:00:00,G43,99,0.0,0.0,0.0,0.0,0.0
2024-09-02 10:00:00,G44,102,0.0,0.0,0.0,0.0,0.0
2024-09-02 10:00:00,G45,103,0.0,0.0,0.0,0.0,0.0
2024-09-02 10:00:00,G46,104,0.0,0.0,0.0,0.0,0.0
2024-09-02 10:00:00,G47,106,0.0,0.0,0.0,0.0,0.0
2024-09-02 10:00:00,G48,109,0.0,0.0,0.0,0.0,0.0
2024-09-02 10:00:00,G49,110,0.0,0.0,0.0,-0.0,0.0
2024-09-02 10:00:00,G50,111,0.0,0.0,0.0,0.0,0.0
2024-09-02 10:00:00,G51,112,0.0,-5.551115123125783e-17,0.0,0.0,0.0
2024-09-02 10:00:00,G52,115,0.0,0.0,0.0,0.0,0.0
2024-09-02 10:00:00,EMG_1,0,1.0,0.18,0.0,-0.0,-0.0
2024-09-02 10:00:00,EMG_2,1,1.0,0.0,0.15,-0.0,-0.0
2024-09-02 10:00:00,EMG_3,2,1.0,0.03694458066547668,0.06305541933452333,-0.0,-0.0
2024-09-02 11:00:00,EG0,68,0.0,0.0,0.0,0.0,0.0
2024-09-02 11:00:00,G0,0,0.0,0.0,0.0,0.0,0.0
2024-09-02 11:00:00,G1,3,0.0,3.469446951953614e-18,0.0,0.0,0.0
2024-09-02 11:00:00,G2,5,0.0,3.469446951953614e-18,0.0,0.0,0.0
2024-09-02 11:00:00,G3,7,0.0,-5.204170427930421e-17,0.0,0.0,0.0
2024-09-02 11:00:00,G4,9,0.0,1.4907779871675686e-17,0.0,0.0,0.0
2024-09-02 11:00:00,G5,11,0.0,0.0,0.0,-0.0,0.0
2024-09-02 11:00:00,G6,14,0.0,-1.0755285551056204e-16,0.0,0.0,0.0
2024-09-02 11:00:00,G7,17,0.0,3.8163916471489756e-17,0.0,0.0,0.0
2024-09-02 11:00:00,G8,18,0.0,-7.28583859910259e-17,0.0,0.0,0.0
2024-09-02 11:00:00,G9,23,0.0,-1.0061396160665481e-16,0.0,0.0,0.0
2024-09-02 11:00:00,G10,24,0.0,-2.259850021956583e-16,0.0,0.0,0.0
2024-09-02 11:00:00,G11,25,0.0,9.937390537187452e-18,0.0,0.0,0.0
2024-09-02 11:00:00,G12,26,-0.0,0.0,0.0,-0.0,-0.0
2024-09-02 11:00:00,G13,30,0.0,6.591949208711867e-17,0.0,0.0,0.0
2024-09-02 11:00:00,G14,31,0.0,0.0,0.0,0.0,0.0
2024-09-02 11:00:00,G15,33,0.0,0.0,0.0,0.0,0.0
2024-09-02 11:00:00,G16,35,0.0,1.0408340855860843e-17,0.0,0.0,0.0
2024-09-02 11:00:00,G17,39,0.0,0.0,0.0,0.0,0.0
2024-09-02 11:00:00,G18,41,0.0,-1.734723475976807e-17,0.0,0.0,0.0
2024-09-02 11:00:00,G19,45,0.0,0.0,0.0,0.0,0.0
2024-09-02 11:00:00,G20,48,0.0,0.0,0.0,0.0,0.0
2024-09-02 11:00:00,G21,53,-0.0,0.0,0.0,0.0,0.0
2024-09-02 11:00:00,G22,54,0.0,-1.734723475976807e-17,0.0,0.0,0.0
2024-09-02 11:00:00,G23,55,-0.0,0.0,0.0,0.0,0.0
2024-09-02 11:00:00,G24,58,0.0,0.0,0.0,0.0,0.0
2024-09-02 11:00:00,G25,60,-0.0,4.942945466997195e-17,0.0,0.0,0.0
2024-09-02 11:00:00,G26,61,0.0,9.974659986866641e-17,0.0,0.0,0.0
2024-09-02 11:00:00,G27,64,0.0,0.0,0.0,0.0,0.0
2024-09-02 11:00:00,G28,65,0.0,-7.28583859910259e-17,0.0,0.0,0.0
2024-09-02 11:00:00,G29,69,-0.0,0.0,0.0,-0.0,0.0
2024-09-02 11:00:00,G30,71,0.0,1.0408340855860843e-17,0.0,0.0,0.0
2024-09-02 11:00:00,G31,72,0.0,-1.734723475976807e-17,0.0,0.0,0.0
2024-09-02 11:00:00,G32,73,0.0,1.0408340855860843e-17,0.0,0.0,0.0
2024-09-02 11:00:00,G33,75,0.0,1.0408340855860843e-17,0.0,0.0,0.0
2024-09-02 11:00:00,G34,76,0.0,0.0,0.0,0.0,0.0
2024-09-02 11:00:00,G35,79,0.0,0.0,0.0,0.0,0.0
2024-09-02 11:00:00,G36,84,0.0,-2.0729945537922845e-16,0.0,0.0,0.0
2024-09-02 11:00:00,G37,86,0.0,0.0,0.0,0.0,0.0
2024-09-02 11:00:00,G38,88,0.0,0.0,0.0,0.0,0.0
2024-09-02 11:00:00,G39,89,0.0,-4.5102810375396984e-17,0.0,0.0,0.0
2024-09-02 11:00:00,G40,90,0.0,-1.5612511283791264e-16,0.0,0.0,0.0
2024-09-02 11:00:00,G41,91,-0.0,0.0,0.0,-0.0,0.0
2024-09-02 11:00:00,G42,98,0.0,3.8163916471489756e-17,0.0,0.0,0.0
2024-09-02 11:00:00,G43,99,0.0,0.0,0.0,0.0,0.0
2024-09-02 11:00:00,G44,102,0.0,3.8163916471489756e-17,0.0,0.0,0.0
2024-09-02 11:00:00,G45,103,0.0,1.0408340855860843e-17,0.0,0.0,0.0
2024-09-02 11:00:00,G46,104,0.0,3.8163916471489756e-17,0.0,0.0,0.0
2024-09-02 11:00:00,G47,106,0.0,3.8163916471489756e-17,0.0,0.0,0.0
2024-09-02 11:00:00,G48,109,0.0,-4.5102810375396984e-17,0.0,0.0,0.0
2024-09-02 11:00:00,G49,110,0.0,-1.7818185078441462e-17,0.0,-0.0,0.0
2024-09-02 11:00:00,G50,111,0.0,3.8163916471489756e-17,0.0,0.0,0.0
2024-09-02 11:00:00,G51,112,0.0,6.591949208711867e-17,0.0,0.0,0.0
2024-09-02 11:00:00,G52,115,0.0,1.0408340855860843e-17,0.0,0.0,0.0
2024-09-02 11:00:00,EMG_1,0,1.0,0.18,0.0,-0.0,-0.0
2024-09-02 11:00:00,EMG_2,1,1.0,0.02848508150792481,0.12151491849207519,-0.0,-0.0
2024-09-02 11:00:00,EMG_3,2,1.0,0.0,0.1,-0.0,-0.0
2024-09-02 12:00:00,EG0,68,0.0,-2.9571614254542133e-17,0.0,0.0,0.0
2024-09-02 12:00:00,G0,0,0.0,0.0,0.0,0.0,-0.0
2024-09-02 12:00:00,G1,3,0.0,2.42861286636753e-17,0.0,0.0,0.0
2024-09-02 12:00:00,G2,5,0.0,-3.469446951953614e-18,0.0,0.0,0.0
2024-09-02 12:00:00,G3,7,0.0,6.949302244763089e-15,0.0,0.0,0.0
2024-09-02 12:00:00,G4,9,0.0,-1.6588293239028218e-17,0.0,0.0,0.0
2024-09-02 12:00:00,G5,11,0.0,0.0,0.0,-0.0,0.0
2024-09-02 12:00:00,G6,14,0.0,-3.122502256758253e-17,0.0,0.0,0.0
2024-09-02 12:00:00,G7,17,0.0,-5.898059818321144e-17,0.0,0.0,0.0
2024-09-02 12:00:00,G8,18,0.0,0.0,0.0,0.0,0.0
2024-09-02 12:00:00,G9,23,0.0,0.0,0.0,0.0,0.0
2024-09-02 12:00:00,G10,24,0.0,1.2061749168901237e-17,0.0,0.0,0.0
2024-09-02 12:00:00,G11,25,0.0,-5.732718987017105e-17,0.0,0.0,0.0
2024-09-02 12:00:00,G12,26,0.0,0.0,0.0,0.0,0.0
2024-09-02 12:00:00,G13,30,0.0,0.0,0.0,0.0,0.0
2024-09-02 12:00:00,G14,31,0.0,0.0,0.0,0.0,0.0
2024-09-02 12:00:00,G15,33,-0.0,0.0,0.0,0.0,0.0
2024-09-02 12:00:00,G16,35,0.0,2.42861286636753e-17,0.0,0.0,0.0
2024-09-02 12:00:00,G17,39,0.0,-1.2836953722228372e-16,0.0,0.0,0.0
2024-09-02 12:00:00,G18,41,0.0,0.0,0.0,0.0,0.0
2024-09-02 12:00:00,G19,45,0.0,-5.724587470723463e-17,0.0,0.0,0.0
2024-09-02 12:00:00,G20,48,0.0,0.0,0.0,0.0,-0.0
2024-09-02 12:00:00,G21,53,0.0,0.0,0.0,0.0,0.0
2024-09-02 12:00:00,G22,54,0.0,0.0,0.0,0.0,0.0
2024-09-02 12:00:00,G23,55,0.0,0.0,0.0,-0.0,-0.0
2024-09-02 12:00:00,G24,58,0.0,0.0,0.0,0.0,0.0
2024-09-02 12:00:00,G25,60,0.0,0.0,0.0,0.0,0.0
2024-09-02 12:00:00,G26,61,0.0,0.0,0.0,0.0,0.0
2024-09-02 12:00:00,G27,64,0.0,0.0,0.0,0.0,0.0
2024-09-02 12:00:00,G28,65,0.0,0.0,0.0,0.0,0.0
2024-09-02 12:00:00,G29,69,0.0,0.0,0.0,0.0,0.0
2024-09-02 12:00:00,G30,71,0.0,5.377642775528102e-17,0.0,0.0,0.0
2024-09-02 12:00:00,G31,72,0.0,-3.469446951953614e-18,0.0,0.0,0.0
2024-09-02 12:00:00,G32,73,0.0,-1.734723475976807e-18,0.0,0.0,0.0
2024-09-02 12:00:00,G33,75,0.0,-2.949029909160572e-17,0.0,0.0,0.0
2024-09-02 12:00:00,G34,76,0.0,0.0,0.0,0.0,0.0
2024-09-02 12:00:00,G35,79,0.0,0.0,0.0,0.0,0.0
2024-09-02 12:00:00,G36,84,0.0,0.0,0.0,0.0,0.0
2024-09-02 12:00:00,G37,86,0.0,-5.732718987017105e-17,0.0,0.0,0.0
2024-09-02 12:00:00,G38,88,0.0,1.6471741505486026e-16,0.0,0.0,0.0
2024-09-02 12:00:00,G39,89,0.0,-8.500145032286355e-17,0.0,0.0,0.0
2024-09-02 12:00:00,G40,90,0.0,2.6020852139652106e-17,0.0,0.0,0.0
2024-09-02 12:00:00,G41,91,0.0,0.0,0.0,0.0,0.0
2024-09-02 12:00:00,G42,98,0.0,2.6020852139652106e-17,0.0,0.0,0.0
2024-09-02 12:00:00,G43,99,0.0,0.0,0.0,0.0,0.0
2024-09-02 12:00:00,G44,102,0.0,1.3704315460216776e-16,0.0,0.0,0.0
2024-09-02 12:00:00,G45,103,0.0,0.0,0.0,0.0,0.0
2024-09-02 12:00:00,G46,104,0.0,-5.724587470723463e-17,0.0,0.0,0.0
2024-09-02 12:00:00,G47,106,0.0,5.377642775528102e-17,0.0,0.0,0.0
2024-09-02 12:00:00,G48,109,0.0,0.0,0.0,0.0,0.0
2024-09-02 12:00:00,G49,110,0.0,-1.81603863891322e-18,0.0,0.0,0.0
2024-09-02 12:00:00,G50,111,0.0,-1.734723475976807e-18,0.0,0.0,0.0
2024-09-02 12:00:00,G51,112,0.0,-5.724587470723463e-17,0.0,0.0,0.0
2024-09-02 12:00:00,G52,115,0.0,-1.734723475976807e-18,0.0,0.0,0.0
2024-09-02 12:00:00,EMG_1,0,1.0,0.12210932570353912,0.05789067429646087,-0.0,-0.0
2024-09-02 12:00:00,EMG_2,1,1.0,0.0,0.15,-0.0,-0.0
2024-09-02 12:00:00,EMG_3,2,1.0,0.09000000000000001,0.009999999999999995,-0.0,-0.0
2024-09-02 13:00:00,EG0,68,0.0,0.0,0.0,0.0,0.0
2024-09-02 13:00:00,G0,0,0.0,0.0,0.0,0.0,0.0
2024-09-02 13:00:00,G1,3,0.0,-3.469446951953614e-18,0.0,0.0,0.0
2024-09-02 13:00:00,G2,5,0.0,1.3877787807814457e-17,0.0,0.0,0.0
2024-09-02 13:00:00,G3,7,0.0,1.0408340855860843e-17,0.0,0.0,0.0
2024-09-02 13:00:00,G4,9,0.0,4.553649124439119e-18,0.0,0.0,0.0
2024-09-02 13:00:00,G5,11,0.0,0.0,0.0,0.0,0.0
2024-09-02 13:00:00,G6,14,0.0,0.0,0.0,0.0,0.0
2024-09-02 13:00:00,G7,17,0.0,4.163336342344337e-17,0.0,0.0,0.0
2024-09-02 13:00:00,G8,18,0.0,-3.0878077872387166e-16,0.0,0.0,0.0
2024-09-02 13:00:00,G9,23,0.0,2.0816681711721685e-16,0.0,0.0,0.0
2024-09-02 13:00:00,G10,24,0.0,-1.5504091066542713e-17,0.0,0.0,0.0
2024-09-02 13:00:00,G11,25,0.0,1.22514845490862e-17,0.0,0.0,0.0
2024-09-02 13:00:00,G12,26,0.0,0.0,0.0,0.0,0.0
2024-09-02 13:00:00,G13,30,0.0,7.077671781985373e-16,0.0,0.0,0.0
2024-09-02 13:00:00,G14,31,-0.0,0.0,0.0,0.0,0.0
2024-09-02 13:00:00,G15,33,0.0,9.08995101411847e-16,0.0,0.0,0.0
2024-09-02 13:00:00,G16,35,0.0,-3.122502256758253e-17,0.0,0.0,0.0
2024-09-02 13:00:00,G17,39,0.0,-3.122502256758253e-17,0.0,0.0,0.0
2024-09-02 13:00:00,G18,41,0.0,0.0,0.0,0.0,0.0
2024-09-02 13:00:00,G19,45,0.0,0.0,0.0,0.0,0.0
2024-09-02 13:00:00,G20,48,0.0,0.0,0.0,0.0,0.0
2024-09-02 13:00:00,G21,53,0.0,0.0,0.0,0.0,0.0
2024-09-02 13:00:00,G22,54,0.0,-1.5612511283791264e-17,0.0,0.0,0.0
2024-09-02 13:00:00,G23,55,-0.0,0.0,0.0,0.0,0.0
2024-09-02 13:00:00,G24,58,0.0,0.0,0.0,0.0,0.0
2024-09-02 13:00:00,G25,60,0.0,-1.5504091066542713e-17,0.0,0.0,0.0
2024-09-02 13:00:00,G26,61,0.0,0.0,0.0,0.0,0.0
2024-09-02 13:00:00,G27,64,0.0,1.6490715043504522e-16,0.0,0.0,0.0
2024-09-02 13:00:00,G28,65,0.0,4.2847669856627135e-16,0.0,0.0,0.0
2024-09-02 13:00:00,G29,69,0.0,3.8163916471489756e-17,0.0,-0.0,0.0
2024-09-02 13:00:00,G30,71,0.0,-1.5612511283791264e-17,0.0,0.0,0.0
2024-09-02 13:00:00,G31,72,0.0,3.9898639947466563e-17,0.0,0.0,0.0
2024-09-02 13:00:00,G32,73,0.0,-1.5612511283791264e-17,0.0,0.0,0.0
2024-09-02 13:00:00,G33,75,0.0,-1.5612511283791264e-17,0.0,0.0,0.0
2024-09-02 13:00:00,G34,76,-0.0,0.0,0.0,0.0,0.0
2024-09-02 13:00:00,G35,79,0.0,0.0,0.0,0.0,0.0
2024-09-02 13:00:00,G36,84,0.0,0.0,0.0,0.0,0.0
2024-09-02 13:00:00,G37,86,0.0,1.22514845490862e-17,0.0,0.0,0.0
2024-09-02 13:00:00,G38,88,0.0,0.0,0.0,0.0,0.0
2024-09-02 13:00:00,G39,89,0.0,2.6194324487249787e-16,0.0,0.0,0.0
2024-09-02 13:00:00,G40,90,0.0,-1.5612511283791264e-17,0.0,0.0,0.0
2024-09-02 13:00:00,G41,91,-0.0,0.0,0.0,0.0,0.0
2024-09-02 13:00:00,G42,98,0.0,3.9898639947466563e-17,0.0,0.0,0.0
2024-09-02 13:00:00,G43,99,0.0,0.0,0.0,0.0,0.0
2024-09-02 13:00:00,G44,102,0.0,0.0,0.0,0.0,0.0
2024-09-02 13:00:00,G45,103,0.0,-7.112366251504909e-17,0.0,0.0,0.0
2024-09-02 13:00:00,G46,104,0.0,0.0,0.0,0.0,0.0
2024-09-02 13:00:00,G47,106,0.0,-1.5612511283791264e-17,0.0,0.0,0.0
2024-09-02 13:00:00,G48,109,0.0,0.0,0.0,0.0,0.0
2024-09-02 13:00:00,G49,110,0.0,-1.5504091066542713e-17,0.0,-0.0,0.0
2024-09-02 13:00:00,G50,111,0.0,-1.5612511283791264e-17,0.0,0.0,0.0
2024-09-02 13:00:00,G51,112,0.0,-1.5612511283791264e-17,0.0,0.0,0.0
2024-09-02 13:00:00,G52,115,0.0,1.214306433183765e-17,0.0,0.0,0.0
2024-09-02 13:00:00,EMG_1,0,1.0,0.18,0.0,-0.0,-0.0
2024-09-02 13:00:00,EMG_2,1,1.0,0.03832555664250817,0.11167444335749183,-0.0,-0.0
2024-09-02 13:00:00,EMG_3,2,1.0,0.0,0.1,-0.0,-0.0
2024-09-02 14:00:00,EG0,68,0.0,0.0,0.0,0.0,0.0
2024-09-02 14:00:00,G0,0,-0.0,0.0,0.0,0.0,0.0
2024-09-02 14:00:00,G1,3,0.0,3.469446951953614e-18,0.0,0.0,0.0
2024-09-02 14:00:00,G2,5,0.0,-2.42861286636753e-17,0.0,0.0,0.0
2024-09-02 14:00:00,G3,7,0.0,4.5102810375396984e-17,0.0,0.0,0.0
2024-09-02 14:00:00,G4,9,0.0,-7.15573433840433e-18,0.0,0.0,0.0
2024-09-02 14:00:00,G5,11,-0.0,0.0,0.0,0.0,-0.0
2024-09-02 14:00:00,G6,14,-0.0,0.0,0.0,0.0,0.0
2024-09-02 14:00:00,G7,17,0.0,-5.204170427930421e-17,0.0,0.0,0.0
2024-09-02 14:00:00,G8,18,0.0,1.8908485888147197e-15,0.0,0.0,0.0
2024-09-02 14:00:00,G9,23,-0.0,3.469446951953614e-18,0.0,-0.0,0.0
2024-09-02 14:00:00,G10,24,0.0,5.595567412197688e-16,0.0,0.0,0.0
2024-09-02 14:00:00,G11,25,0.0,0.0,0.0,0.0,0.0
2024-09-02 14:00:00,G12,26,0.0,0.0,0.0,-0.0,-0.0
2024-09-02 14:00:00,G13,30,0.0,0.0,0.0,-0.0,0.0
2024-09-02 14:00:00,G14,31,0.0,0.0,0.0,0.0,-0.0
2024-09-02 14:00:00,G15,33,0.0,0.0,0.0,0.0,0.0
2024-09-02 14:00:00,G16,35,0.0,3.469446951953614e-18,0.0,0.0,0.0
2024-09-02 14:00:00,G17,39,0.0,0.0,0.0,0.0,0.0
2024-09-02 14:00:00,G18,41,0.0,-5.0306980803327406e-17,0.0,0.0,0.0
2024-09-02 14:00:00,G19,45,0.0,-2.2551405187698492e-17,0.0,0.0,0.0
2024-09-02 14:00:00,G20,48,-0.0,0.0,0.0,0.0,0.0
2024-09-02 14:00:00,G21,53,0.0,0.0,0.0,0.0,0.0
2024-09-02 14:00:00,G22,54,0.0,1.1622647289044608e-16,0.0,0.0,0.0
2024-09-02 14:00:00,G23,55,0.0,0.0,0.0,0.0,0.0
2024-09-02 14:00:00,G24,58,-0.0,0.0,0.0,-0.0,0.0
2024-09-02 14:00:00,G25,60,0.0,7.383416794626285e-17,0.0,0.0,0.0
2024-09-02 14:00:00,G26,61,-0.0,0.0,0.0,-0.0,0.0
2024-09-02 14:00:00,G27,64,0.0,0.0,0.0,0.0,0.0
2024-09-02 14:00:00,G28,65,0.0,0.0,0.0,0.0,0.0
2024-09-02 14:00:00,G29,69,0.0,0.0,0.0,0.0,0.0
2024-09-02 14:00:00,G30,71,0.0,3.2959746043559335e-17,0.0,0.0,0.0
2024-09-02 14:00:00,G31,72,0.0,-1.734723475976807e-17,0.0,0.0,0.0
2024-09-02 14:00:00,G32,73,0.0,6.071532165918825e-17,0.0,0.0,0.0
2024-09-02 14:00:00,G33,75,0.0,8.847089727481716e-17,0.0,0.0,0.0
2024-09-02 14:00:00,G34,76,0.0,0.0,0.0,0.0,0.0
2024-09-02 14:00:00,G35,79,-0.0,0.0,0.0,0.0,0.0
2024-09-02 14:00:00,G36,84,0.0,0.0,0.0,0.0,0.0
2024-09-02 14:00:00,G37,86,0.0,-3.71881345162528e-17,0.0,0.0,-0.0
2024-09-02 14:00:00,G38,88,0.0,-1.0657707355532509e-16,0.0,0.0,0.0
2024-09-02 14:00:00,G39,89,0.0,-5.0306980803327406e-17,0.0,0.0,0.0
2024-09-02 14:00:00,G40,90,0.0,-2.2551405187698492e-17,0.0,0.0,0.0
2024-09-02 14:00:00,G41,91,0.0,0.0,0.0,0.0,-0.0
2024-09-02 14:00:00,G42,98,0.0,5.204170427930421e-18,0.0,0.0,0.0
2024-09-02 14:00:00,G43,99,0.0,0.0,0.0,0.0,-0.0
2024-09-02 14:00:00,G44,102,0.0,0.0,0.0,0.0,0.0
2024-09-02 14:00:00,G45,103,0.0,0.0,0.0,-0.0,0.0
2024-09-02 14:00:00,G46,104,0.0,-7.806255641895632e-17,0.0,0.0,0.0
2024-09-02 14:00:00,G47,106,0.0,-7.806255641895632e-17,0.0,0.0,0.0
2024-09-02 14:00:00,G48,109,0.0,0.0,0.0,0.0,0.0
2024-09-02 14:00:00,G49,110,0.0,0.0,0.0,0.0,0.0
2024-09-02 14:00:00,G50,111,0.0,3.2959746043559335e-17,0.0,0.0,0.0
2024-09-02 14:00:00,G51,112,0.0,5.204170427930421e-18,0.0,0.0,0.0
2024-09-02 14:00:00,G52,115,0.0,0.0,0.0,0.0,0.0
2024-09-02 14:00:00,EMG_1,0,1.0,0.162,0.017999999999999988,-0.0,-0.0
2024-09-02 14:00:00,EMG_2,1,1.0,0.0,0.15,-0.0,-0.0
2024-09-02 14:00:00,EMG_3,2,1.0,0.055060647629495515,0.04493935237050449,-0.0,-0.0
2024-09-02 15:00:00,EG0,68,-0.0,0.0,0.0,-0.0,0.0
2024-09-02 15:00:00,G0,0,-0.0,0.0,0.0,-0.0,-0.0
2024-09-02 15:00:00,G1,3,0.0,-2.0816681711721685e-17,0.0,0.0,0.0
2024-09-02 15:00:00,G2,5,0.0,-6.938893903907228e-18,0.0,0.0,0.0
2024-09-02 15:00:00,G3,7,0.0,-1.3877787807814457e-17,0.0,0.0,0.0
2024-09-02 15:00:00,G4,9,0.0,-1.1926223897340549e-18,0.0,0.0,0.0
2024-09-02 15:00:00,G5,11,0.0,0.0,0.0,0.0,0.0
2024-09-02 15:00:00,G6,14,0.0,0.0,0.0,0.0,0.0
2024-09-02 15:00:00,G7,17,0.0,0.0,0.0,0.0,0.0
2024-09-02 15:00:00,G8,18,0.0,0.0,0.0,0.0,0.0
2024-09-02 15:00:00,G9,23,0.0,0.0,0.0,0.0,0.0
2024-09-02 15:00:00,G10,24,0.0,5.702903427273753e-17,0.0,0.0,0.0
2024-09-02 15:00:00,G11,25,0.0,-5.421010862427522e-18,0.0,0.0,0.0
2024-09-02 15:00:00,G12,26,0.0,0.0,0.0,0.0,0.0
2024-09-02 15:00:00,G13,30,0.0,2.7755575615628914e-17,0.0,0.0,-0.0
2024-09-02 15:00:00,G14,31,0.0,0.0,0.0,0.0,0.0
2024-09-02 15:00:00,G15,33,0.0,0.0,0.0,0.0,0.0
2024-09-02 15:00:00,G16,35,0.0,-6.938893903907228e-18,0.0,0.0,0.0
2024-09-02 15:00:00,G17,39,0.0,0.0,0.0,0.0,0.0
2024-09-02 15:00:00,G18,41,0.0,0.0,0.0,0.0,0.0
2024-09-02 15:00:00,G19,45,0.0,0.0,0.0,0.0,0.0
2024-09-02 15:00:00,G20,48,0.0,0.0,0.0,0.0,0.0
2024-09-02 15:00:00,G21,53,0.0,7.806255641895632e-17,0.0,0.0,0.0
2024-09-02 15:00:00,G22,54,0.0,0.0,0.0,0.0,0.0
2024-09-02 15:00:00,G23,55,-0.0,0.0,0.0,0.0,0.0
2024-09-02 15:00:00,G24,58,0.0,0.0,0.0,0.0,0.0
2024-09-02 15:00:00,G25,60,0.0,0.0,0.0,0.0,0.0
2024-09-02 15:00:00,G26,61,0.0,0.0,0.0,0.0,-0.0
2024-09-02 15:00:00,G27,64,-0.0,-1.235990476633475e-17,0.0,-0.0,0.0
2024-09-02 15:00:00,G28,65,-0.0,0.0,0.0,0.0,0.0
2024-09-02 15:00:00,G29,69,-0.0,0.0,0.0,0.0,0.0
2024-09-02 15:00:00,G30,71,0.0,8.673617379884035e-18,0.0,0.0,0.0
2024-09-02 15:00:00,G31,72,0.0,0.0,0.0,0.0,0.0
2024-09-02 15:00:00,G32,73,0.0,2.2551405187698492e-17,0.0,0.0,0.0
2024-09-02 15:00:00,G33,75,0.0,-5.204170427930421e-18,0.0,0.0,0.0
2024-09-02 15:00:00,G34,76,-0.0,0.0,0.0,0.0,0.0
2024-09-02 15:00:00,G35,79,0.0,0.0,0.0,0.0,0.0
2024-09-02 15:00:00,G36,84,0.0,0.0,0.0,0.0,0.0
2024-09-02 15:00:00,G37,86,0.0,0.0,0.0,0.0,0.0
2024-09-02 15:00:00,G38,88,0.0,0.0,0.0,0.0,0.0
2024-09-02 15:00:00,G39,89,0.0,-6.071532165918825e-17,0.0,0.0,0.0
2024-09-02 15:00:00,G40,90,0.0,8.673617379884035e-18,0.0,0.0,0.0
2024-09-02 15:00:00,G41,91,0.0,0.0,0.0,0.0,0.0
2024-09-02 15:00:00,G42,98,0.0,-5.204170427930421e-18,0.0,0.0,0.0
2024-09-02 15:00:00,G43,99,-0.0,0.0,0.0,-0.0,-0.0
2024-09-02 15:00:00,G44,102,-0.0,0.0,0.0,-0.0,0.0
2024-09-02 15:00:00,G45,103,-0.0,0.0,0.0,0.0,0.0
2024-09-02 15:00:00,G46,104,0.0,0.0,0.0,0.0,0.0
2024-09-02 15:00:00,G47,106,0.0,-5.204170427930421e-18,0.0,0.0,0.0
2024-09-02 15:00:00,G48,109,0.0,0.0,0.0,0.0,0.0
2024-09-02 15:00:00,G49,110,0.0,8.456776945386935e-18,0.0,0.0,0.0
2024-09-02 15:00:00,G50,111,0.0,0.0,0.0,0.0,0.0
2024-09-02 15:00:00,G51,112,0.0,-1.9081958235744878e-17,0.0,0.0,0.0
2024-09-02 15:00:00,G52,115,0.0,1.734723475976807e-18,0.0,0.0,0.0
2024-09-02 15:00:00,EMG_1,0,1.0,0.0,0.18,-0.0,-0.0
2024-09-02 15:00:00,EMG_2,1,1.0,0.11458347996070102,0.035416520039298974,-0.0,-0.0
2024-09-02 15:00:00,EMG_3,2,1.0,0.1,0.0,-0.0,-0.0
2024-09-02 16:00:00,EG0,68,0.0,0.0,0.0,-0.0,0.0
2024-09-02 16:00:00,G0,0,0.0,0.0,0.0,0.0,0.0
2024-09-02 16:00:00,G1,3,0.0,-1.3877787807814457e-17,0.0,0.0,0.0
2024-09-02 16:00:00,G2,5,0.0,1.0408340855860843e-17,0.0,0.0,0.0
2024-09-02 16:00:00,G3,7,0.0,1.0408340855860843e-17,0.0,0.0,0.0
2024-09-02 16:00:00,G4,9,0.0,-5.312590645178972e-18,0.0,0.0,0.0
2024-09-02 16:00:00,G5,11,-0.0,0.0,0.0,0.0,0.0
2024-09-02 16:00:00,G6,14,-0.0,0.0,0.0,-0.0,0.0
2024-09-02 16:00:00,G7,17,0.0,1.3877787807814457e-17,0.0,0.0,0.0
2024-09-02 16:00:00,G8,18,0.0,0.0,0.0,0.0,0.0
2024-09-02 16:00:00,G9,23,0.0,-1.3877787807814457e-17,0.0,0.0,0.0
2024-09-02 16:00:00,G10,24,0.0,-3.5236570605778894e-18,0.0,0.0,0.0
2024-09-02 16:00:00,G11,25,0.0,2.4231918555051024e-17,0.0,0.0,0.0
2024-09-02 16:00:00,G12,26,-0.0,5.204170427930421e-17,0.0,0.0,0.0
2024-09-02 16:00:00,G13,30,0.0,0.0,0.0,0.0,0.0
2024-09-02 16:00:00,G14,31,0.0,1.8041124150158794e-16,0.0,0.0,0.0
2024-09-02 16:00:00,G15,33,-0.0,0.0,0.0,0.0,0.0
2024-09-02 16:00:00,G16,35,0.0,7.979727989493313e-17,0.0,0.0,0.0
2024-09-02 16:00:00,G17,39,0.0,0.0,0.0,0.0,0.0
2024-09-02 16:00:00,G18,41,0.0,-5.898059818321144e-17,0.0,0.0,0.0
2024-09-02 16:00:00,G19,45,0.0,-2.255140518769849e-16,0.0,0.0,0.0
2024-09-02 16:00:00,G20,48,-0.0,0.0,0.0,0.0,0.0
2024-09-02 16:00:00,G21,53,0.0,1.0755285551056204e-16,0.0,0.0,0.0
2024-09-02 16:00:00,G22,54,0.0,2.42861286636753e-17,0.0,0.0,0.0
2024-09-02 16:00:00,G23,55,0.0,0.0,0.0,0.0,0.0
2024-09-02 16:00:00,G24,58,-0.0,0.0,0.0,-0.0,0.0
2024-09-02 16:00:00,G25,60,0.0,3.810970636286548e-17,0.0,0.0,0.0
2024-09-02 16:00:00,G26,61,-0.0,-3.0878077872387166e-16,0.0,0.0,0.0
2024-09-02 16:00:00,G27,64,0.0,0.0,0.0,-0.0,0.0
2024-09-02 16:00:00,G28,65,0.0,0.0,0.0,-0.0,0.0
2024-09-02 16:00:00,G29,69,0.0,0.0,0.0,0.0,0.0
2024-09-02 16:00:00,G30,71,0.0,-3.469446951953614e-18,0.0,0.0,0.0
2024-09-02 16:00:00,G31,72,0.0,-6.938893903907228e-18,0.0,0.0,0.0
2024-09-02 16:00:00,G32,73,0.0,-3.469446951953614e-18,0.0,0.0,0.0
2024-09-02 16:00:00,G33,75,0.0,-3.469446951953614e-18,0.0,0.0,0.0
2024-09-02 16:00:00,G34,76,0.0,0.0,0.0,0.0,0.0
2024-09-02 16:00:00,G35,79,0.0,0.0,0.0,0.0,-0.0
2024-09-02 16:00:00,G36,84,-0.0,0.0,0.0,-0.0,-0.0
2024-09-02 16:00:00,G37,86,0.0,-4.515702048402126e-17,0.0,0.0,0.0
2024-09-02 16:00:00,G38,88,0.0,7.974306978630885e-17,0.0,0.0,0.0
2024-09-02 16:00:00,G39,89,0.0,-3.122502256758253e-17,0.0,0.0,0.0
2024-09-02 16:00:00,G40,90,0.0,2.42861286636753e-17,0.0,0.0,0.0
2024-09-02 16:00:00,G41,91,-0.0,0.0,0.0,0.0,0.0
2024-09-02 16:00:00,G42,98,0.0,2.42861286636753e-17,0.0,0.0,0.0
2024-09-02 16:00:00,G43,99,-0.0,0.0,0.0,-0.0,-0.0
2024-09-02 16:00:00,G44,102,0.0,0.0,0.0,-0.0,0.0
2024-09-02 16:00:00,G45,103,0.0,-5.898059818321144e-17,0.0,0.0,-0.0
2024-09-02 16:00:00,G46,104,0.0,0.0,0.0,0.0,0.0
2024-09-02 16:00:00,G47,106,0.0,-3.469446951953614e-18,0.0,0.0,0.0
2024-09-02 16:00:00,G48,109,-0.0,0.0,0.0,0.0,0.0
2024-09-02 16:00:00,G49,110,0.0,0.0,0.0,0.0,0.0
2024-09-02 16:00:00,G50,111,0.0,-3.469446951953614e-18,0.0,0.0,0.0
2024-09-02 16:00:00,G51,112,0.0,-3.122502256758253e-17,0.0,0.0,0.0
2024-09-02 16:00:00,G52,115,0.0,0.0,0.0,0.0,0.0
2024-09-02 16:00:00,EMG_1,0,1.0,0.017999999999999988,0.162,-0.0,-0.0
2024-09-02 16:00:00,EMG_2,1,1.0,0.15,0.0,-0.0,-0.0
2024-09-02 16:00:00,EMG_3,2,1.0,0.042728678934821115,0.05727132106517889,-0.0,-0.0
2024-09-02 17:00:00,EG0,68,-0.0,0.0,0.0,-0.0,0.0
2024-09-02 17:00:00,G0,0,-0.0,0.0,0.0,0.0,0.0
2024-09-02 17:00:00,G1,3,0.0,1.734723475976807e-17,0.0,0.0,0.0
2024-09-02 17:00:00,G2,5,0.0,1.734723475976807e-17,0.0,0.0,0.0
2024-09-02 17:00:00,G3,7,0.0,-3.469446951953614e-18,0.0,0.0,0.0
2024-09-02 17:00:00,G4,9,0.0,-3.577867169202165e-18,0.0,0.0,0.0
2024-09-02 17:00:00,G5,11,0.0,0.0,0.0,0.0,0.0
2024-09-02 17:00:00,G6,14,0.0,0.0,0.0,0.0,-0.0
2024-09-02 17:00:00,G7,17,0.0,5.898059818321144e-17,0.0,0.0,0.0
2024-09-02 17:00:00,G8,18,0.0,0.0,0.0,0.0,0.0
2024-09-02 17:00:00,G9,23,0.0,0.0,0.0,0.0,0.0
2024-09-02 17:00:00,G10,24,0.0,-1.1655173354219173e-17,0.0,0.0,0.0
2024-09-02 17:00:00,G11,25,0.0,-1.1655173354219173e-17,0.0,0.0,0.0
2024-09-02 17:00:00,G12,26,0.0,0.0,0.0,0.0,0.0
2024-09-02 17:00:00,G13,30,0.0,4.5102810375396984e-17,0.0,0.0,0.0
2024-09-02 17:00:00,G14,31,0.0,0.0,0.0,0.0,0.0
2024-09-02 17:00:00,G15,33,-0.0,0.0,0.0,-0.0,-0.0
2024-09-02 17:00:00,G16,35,0.0,4.5102810375396984e-17,0.0,0.0,0.0
2024-09-02 17:00:00,G17,39,-0.0,0.0,0.0,-0.0,0.0
2024-09-02 17:00:00,G18,41,0.0,0.0,0.0,0.0,0.0
2024-09-02 17:00:00,G19,45,0.0,0.0,0.0,0.0,0.0
2024-09-02 17:00:00,G20,48,0.0,0.0,0.0,0.0,0.0
2024-09-02 17:00:00,G21,53,0.0,0.0,0.0,0.0,0.0
2024-09-02 17:00:00,G22,54,0.0,0.0,0.0,0.0,0.0
2024-09-02 17:00:00,G23,55,0.0,0.0,0.0,0.0,0.0
2024-09-02 17:00:00,G24,58,-0.0,0.0,3.4072744625746054e-13,-0.0,-0.0
2024-09-02 17:00:00,G25,60,-0.0,0.0,0.0,-0.0,0.0
2024-09-02 17:00:00,G26,61,0.0,0.0,0.0,0.0,0.0
2024-09-02 17:00:00,G27,64,-0.0,0.0,0.0,-0.0,0.0
2024-09-02 17:00:00,G28,65,-0.0,0.0,0.0,-0.0,0.0
2024-09-02 17:00:00,G29,69,-0.0,0.0,0.0,-0.0,0.0
2024-09-02 17:00:00,G30,71,0.0,-1.214306433183765e-17,0.0,0.0,0.0
2024-09-02 17:00:00,G31,72,0.0,0.0,0.0,0.0,0.0
2024-09-02 17:00:00,G32,73,0.0,-1.214306433183765e-17,0.0,0.0,0.0
2024-09-02 17:00:00,G33,75,0.0,4.336808689942018e-17,0.0,0.0,0.0
2024-09-02 17:00:00,G34,76,-0.0,0.0,0.0,0.0,0.0
2024-09-02 17:00:00,G35,79,-0.0,0.0,0.0,-0.0,0.0
2024-09-02 17:00:00,G36,84,-0.0,0.0,0.0,-0.0,-0.0
2024-09-02 17:00:00,G37,86,0.0,-3.9410748969848086e-17,0.0,0.0,0.0
2024-09-02 17:00:00,G38,88,0.0,0.0,0.0,0.0,0.0
2024-09-02 17:00:00,G39,89,0.0,1.5439038936193583e-16,0.0,0.0,0.0
2024-09-02 17:00:00,G40,90,0.0,-1.214306433183765e-17,0.0,0.0,0.0
2024-09-02 17:00:00,G41,91,0.0,0.0,0.0,-0.0,0.0
2024-09-02 17:00:00,G42,98,0.0,-6.765421556309548e-17,0.0,0.0,0.0
2024-09-02 17:00:00,G43,99,0.0,0.0,0.0,-0.0,0.0
2024-09-02 17:00:00,G44,102,0.0,0.0,0.0,-0.0,0.0
2024-09-02 17:00:00,G45,103,0.0,0.0,0.0,0.0,0.0
2024-09-02 17:00:00,G46,104,0.0,0.0,0.0,0.0,0.0
2024-09-02 17:00:00,G47,106,0.0,4.336808689942018e-17,0.0,0.0,0.0
2024-09-02 17:00:00,G48,109,-0.0,0.0,0.0,-0.0,-0.0
2024-09-02 17:00:00,G49,110,0.0,-1.1655173354219173e-17,0.0,0.0,0.0
2024-09-02 17:00:00,G50,111,0.0,0.0,0.0,0.0,0.0
2024-09-02 17:00:00,G51,112,0.0,-1.214306433183765e-17,0.0,0.0,0.0
2024-09-02 17:00:00,G52,115,0.0,0.0,0.0,0.0,0.0
2024-09-02 17:00:00,EMG_1,0,1.0,0.18,0.0,-0.0,-0.0
2024-09-02 17:00:00,EMG_2,1,1.0,0.019742943832852616,0.1302570561671474,-0.0,-0.0
2024-09-02 17:00:00,EMG_3,2,1.0,0.0,0.1,-0.0,-0.0
2024-09-02 18:00:00,EG0,68,0.0,0.0,0.0,0.0,0.0
2024-09-02 18:00:00,G0,0,0.0,0.0,0.0,0.0,0.0
2024-09-02 18:00:00,G1,3,0.0,1.0408340855860843e-17,0.0,0.0,0.0
2024-09-02 18:00:00,G2,5,0.0,1.0408340855860843e-17,0.0,0.0,0.0
2024-09-02 18:00:00,G3,7,0.0,0.0,0.0,0.0,0.0
2024-09-02 18:00:00,G4,9,0.0,1.0299920638612292e-18,0.0,0.0,0.0
2024-09-02 18:00:00,G5,11,-0.0,0.0,0.0,0.0,0.0
2024-09-02 18:00:00,G6,14,-0.0,0.0,0.0,0.0,0.0
2024-09-02 18:00:00,G7,17,0.0,6.591949208711867e-17,0.0,0.0,0.0
2024-09-02 18:00:00,G8,18,0.0,0.0,0.0,-0.0,0.0
2024-09-02 18:00:00,G9,23,0.0,1.0408340855860843e-17,0.0,0.0,0.0
2024-09-02 18:00:00,G10,24,0.0,9.937390537187452e-18,0.0,0.0,0.0
2024-09-02 18:00:00,G11,25,-0.0,0.0,0.0,-0.0,0.0
2024-09-02 18:00:00,G12,26,0.0,0.0,0.0,0.0,0.0
2024-09-02 18:00:00,G13,30,0.0,0.0,0.0,0.0,0.0
2024-09-02 18:00:00,G14,31,0.0,0.0,0.0,0.0,0.0
2024-09-02 18:00:00,G15,33,0.0,0.0,0.0,0.0,0.0
2024-09-02 18:00:00,G16,35,0.0,1.0408340855860843e-17,0.0,0.0,0.0
2024-09-02 18:00:00,G17,39,-0.0,-1.231653667943533e-16,0.0,-0.0,-0.0
2024-09-02 18:00:00,G18,41,0.0,1.214306433183765e-16,0.0,0.0,0.0
2024-09-02 18:00:00,G19,45,0.0,1.0408340855860843e-17,0.0,0.0,0.0
2024-09-02 18:00:00,G20,48,-0.0,0.0,0.0,-0.0,0.0
2024-09-02 18:00:00,G21,53,0.0,0.0,0.0,0.0,0.0
2024-09-02 18:00:00,G22,54,0.0,6.591949208711867e-17,0.0,0.0,0.0
2024-09-02 18:00:00,G23,55,0.0,1.7694179454963432e-16,0.0,0.0,0.0
2024-09-02 18:00:00,G24,58,0.0,0.0,0.0,0.0,0.0
2024-09-02 18:00:00,G25,60,0.0,-3.404394821604484e-17,0.0,0.0,0.0
2024-09-02 18:00:00,G26,61,0.0,0.0,0.0,0.0,0.0
2024-09-02 18:00:00,G27,64,-0.0,0.0,0.0,-0.0,-0.0
2024-09-02 18:00:00,G28,65,0.0,0.0,0.0,0.0,-0.0
2024-09-02 18:00:00,G29,69,0.0,0.0,0.0,-0.0,0.0
2024-09-02 18:00:00,G30,71,0.0,1.0408340855860843e-17,0.0,0.0,0.0
2024-09-02 18:00:00,G31,72,0.0,-3.469446951953614e-17,0.0,0.0,0.0
2024-09-02 18:00:00,G32,73,0.0,6.591949208711867e-17,0.0,0.0,0.0
2024-09-02 18:00:00,G33,75,0.0,-4.5102810375396984e-17,0.0,0.0,0.0
2024-09-02 18:00:00,G34,76,0.0,0.0,0.0,0.0,0.0
2024-09-02 18:00:00,G35,79,0.0,0.0,0.0,-0.0,0.0
2024-09-02 18:00:00,G36,84,0.0,0.0,0.0,0.0,-0.0
2024-09-02 18:00:00,G37,86,-0.0,9.937390537187452e-18,0.0,0.0,0.0
2024-09-02 18:00:00,G38,88,0.0,-1.231653667943533e-16,0.0,0.0,0.0
2024-09-02 18:00:00,G39,89,0.0,-4.5102810375396984e-17,0.0,0.0,0.0
2024-09-02 18:00:00,G40,90,0.0,1.214306433183765e-16,0.0,0.0,0.0
2024-09-02 18:00:00,G41,91,-0.0,0.0,0.0,0.0,-0.0
2024-09-02 18:00:00,G42,98,0.0,1.0408340855860843e-17,0.0,0.0,0.0
2024-09-02 18:00:00,G43,99,-0.0,0.0,0.0,-0.0,0.0
2024-09-02 18:00:00,G44,102,-0.0,1.7694179454963432e-16,0.0,0.0,0.0
2024-09-02 18:00:00,G45,103,-0.0,1.214306433183765e-16,0.0,0.0,0.0
2024-09-02 18:00:00,G46,104,-0.0,0.0,0.0,0.0,0.0
2024-09-02 18:00:00,G47,106,0.0,6.591949208711867e-17,0.0,0.0,0.0
2024-09-02 18:00:00,G48,109,0.0,0.0,0.0,0.0,-0.0
2024-09-02 18:00:00,G49,110,0.0,0.0,0.0,0.0,0.0
2024-09-02 18:00:00,G50,111,0.0,1.0408340855860843e-17,0.0,0.0,0.0
2024-09-02 18:00:00,G51,112,0.0,1.0408340855860843e-17,0.0,0.0,0.0
2024-09-02 18:00:00,G52,115,0.0,1.0408340855860843e-17,0.0,0.0,0.0
2024-09-02 18:00:00,EMG_1,0,1.0,0.18,0.0,-0.0,-0.0
2024-09-02 18:00:00,EMG_2,1,1.0,0.008939872574728808,0.1410601274252712,-0.0,-0.0
2024-09-02 18:00:00,EMG_3,2,1.0,0.0,0.1,-0.0,-0.0
2024-09-02 19:00:00,EG0,68,-0.0,0.0,0.0,0.0,0.0
2024-09-02 19:00:00,G0,0,-0.0,0.0,0.0,0.0,0.0
2024-09-02 19:00:00,G1,3,0.0,6.938893903907228e-18,0.0,0.0,0.0
2024-09-02 19:00:00,G2,5,0.0,-2.42861286636753e-17,0.0,0.0,0.0
2024-09-02 19:00:00,G3,7,-0.0,0.0,0.0,0.0,0.0
2024-09-02 19:00:00,G4,9,0.0,4.968695268593726e-18,0.0,0.0,0.0
2024-09-02 19:00:00,G5,11,0.0,0.0,0.0,0.0,0.0
2024-09-02 19:00:00,G6,14,0.0,0.0,0.0,0.0,0.0
2024-09-02 19:00:00,G7,17,0.0,-6.938893903907228e-18,0.0,0.0,0.0
2024-09-02 19:00:00,G8,18,-0.0,0.0,0.0,-0.0,0.0
2024-09-02 19:00:00,G9,23,-0.0,0.0,0.0,-0.0,0.0
2024-09-02 19:00:00,G10,24,0.0,-5.939395026147154e-18,0.0,0.0,0.0
2024-09-02 19:00:00,G11,25,-0.0,0.0,0.0,-0.0,-0.0
2024-09-02 19:00:00,G12,26,0.0,2.1510571102112408e-16,0.0,0.0,0.0
2024-09-02 19:00:00,G13,30,0.0,-1.6479873021779667e-15,0.0,0.0,0.0
2024-09-02 19:00:00,G14,31,-0.0,0.0,0.0,0.0,0.0
2024-09-02 19:00:00,G15,33,-0.0,0.0,0.0,0.0,-0.0
2024-09-02 19:00:00,G16,35,0.0,2.0816681711721685e-17,0.0,0.0,0.0
2024-09-02 19:00:00,G17,39,0.0,0.0,0.0,0.0,0.0
2024-09-02 19:00:00,G18,41,-0.0,0.0,0.0,0.0,0.0
2024-09-02 19:00:00,G19,45,-0.0,0.0,0.0,-0.0,0.0
2024-09-02 19:00:00,G20,48,0.0,0.0,0.0,0.0,-0.0
2024-09-02 19:00:00,G21,53,-0.0,0.0,0.0,-0.0,0.0
2024-09-02 19:00:00,G22,54,0.0,0.0,0.0,0.0,0.0
2024-09-02 19:00:00,G23,55,0.0,0.0,0.0,0.0,0.0
2024-09-02 19:00:00,G24,58,0.0,0.0,0.0,0.0,0.0
2024-09-02 19:00:00,G25,60,0.0,0.0,0.0,0.0,0.0
2024-09-02 19:00:00,G26,61,0.0,-6.765421556309548e-17,0.0,0.0,0.0
2024-09-02 19:00:00,G27,64,0.0,0.0,0.0,0.0,0.0
2024-09-02 19:00:00,G28,65,0.0,0.0,0.0,0.0,0.0
2024-09-02 19:00:00,G29,69,-0.0,0.0,0.0,-0.0,0.0
2024-09-02 19:00:00,G30,71,0.0,2.0816681711721685e-17,0.0,0.0,0.0
2024-09-02 19:00:00,G31,72,0.0,-6.938893903907228e-18,0.0,0.0,0.0
2024-09-02 19:00:00,G32,73,0.0,-3.469446951953614e-17,0.0,0.0,0.0
2024-09-02 19:00:00,G33,75,0.0,-5.204170427930421e-18,0.0,0.0,0.0
2024-09-02 19:00:00,G34,76,-0.0,0.0,0.0,0.0,0.0
2024-09-02 19:00:00,G35,79,0.0,0.0,0.0,0.0,0.0
2024-09-02 19:00:00,G36,84,0.0,0.0,0.0,0.0,0.0
2024-09-02 19:00:00,G37,86,0.0,-5.939395026147154e-18,0.0,0.0,0.0
2024-09-02 19:00:00,G38,88,-0.0,0.0,0.0,-0.0,0.0
2024-09-02 19:00:00,G39,89,0.0,2.2551405187698492e-17,0.0,0.0,0.0
2024-09-02 19:00:00,G40,90,0.0,-3.2959746043559335e-17,0.0,0.0,0.0
2024-09-02 19:00:00,G41,91,0.0,0.0,0.0,0.0,0.0
2024-09-02 19:00:00,G42,98,0.0,-5.204170427930421e-18,0.0,0.0,0.0
2024-09-02 19:00:00,G43,99,0.0,0.0,0.0,0.0,0.0
2024-09-02 19:00:00,G44,102,0.0,0.0,0.0,0.0,0.0
2024-09-02 19:00:00,G45,103,0.0,2.2551405187698492e-17,0.0,0.0,-0.0
2024-09-02 19:00:00,G46,104,-0.0,0.0,0.0,-0.0,-0.0
2024-09-02 19:00:00,G47,106,0.0,-5.204170427930421e-18,0.0,0.0,0.0
2024-09-02 19:00:00,G48,109,0.0,0.0,0.0,0.0,0.0
2024-09-02 19:00:00,G49,110,0.0,0.0,0.0,0.0,0.0
2024-09-02 19:00:00,G50,111,0.0,-5.204170427930421e-18,0.0,0.0,0.0
2024-09-02 19:00:00,G51,112,0.0,2.2551405187698492e-17,0.0,0.0,0.0
2024-09-02 19:00:00,G52,115,0.0,0.0,0.0,0.0,0.0
2024-09-02 19:00:00,EMG_1,0,1.0,0.017999999999999988,0.162,-0.0,-0.0
2024-09-02 19:00:00,EMG_2,1,1.0,0.0705512934419205,0.0794487065580795,-0.0,-0.0
2024-09-02 19:00:00,EMG_3,2,1.0,0.09000000000000001,0.009999999999999995,-0.0,-0.0
2024-09-02 20:00:00,EG0,68,0.0,0.0,0.0,-0.0,0.0
2024-09-02 20:00:00,G0,0,0.0,0.0,0.0,0.0,0.0
2024-09-02 20:00:00,G1,3,0.0,0.0,0.0,0.0,0.0
2024-09-02 20:00:00,G2,5,0.0,2.7755575615628914e-17,0.0,0.0,0.0
2024-09-02 20:00:00,G3,7,0.0,-3.469446951953614e-18,0.0,0.0,0.0
2024-09-02 20:00:00,G4,9,0.0,1.3877787807814457e-17,0.0,0.0,0.0
2024-09-02 20:00:00,G5,11,-0.0,0.0,0.0,0.0,0.0
2024-09-02 20:00:00,G6,14,-0.0,0.0,0.0,0.0,0.0
2024-09-02 20:00:00,G7,17,0.0,2.7755575615628914e-17,0.0,0.0,0.0
2024-09-02 20:00:00,G8,18,0.0,0.0,0.0,-0.0,-0.0
2024-09-02 20:00:00,G9,23,0.0,0.0,0.0,-0.0,0.0
2024-09-02 20:00:00,G10,24,0.0,-2.7755575615628914e-17,0.0,0.0,0.0
2024-09-02 20:00:00,G11,25,0.0,2.7755575615628914e-17,0.0,0.0,0.0
2024-09-02 20:00:00,G12,26,0.0,0.0,0.0,0.0,0.0
2024-09-02 20:00:00,G13,30,0.0,-3.0531133177191805e-16,0.0,0.0,0.0
2024-09-02 20:00:00,G14,31,0.0,0.0,0.0,0.0,0.0
2024-09-02 20:00:00,G15,33,0.0,0.0,0.0,0.0,0.0
2024-09-02 20:00:00,G16,35,0.0,0.0,0.0,0.0,0.0
2024-09-02 20:00:00,G17,39,0.0,0.0,0.0,0.0,0.0
2024-09-02 20:00:00,G18,41,0.0,5.551115123125783e-17,0.0,0.0,0.0
2024-09-02 20:00:00,G19,45,0.0,0.0,0.0,-0.0,0.0
2024-09-02 20:00:00,G20,48,0.0,0.0,0.0,0.0,0.0
2024-09-02 20:00:00,G21,53,-0.0,0.0,0.0,-0.0,-0.0
2024-09-02 20:00:00,G22,54,0.0,0.0,0.0,0.0,0.0
2024-09-02 20:00:00,G23,55,0.0,3.885780586188048e-16,0.0,0.0,0.0
2024-09-02 20:00:00,G24,58,-0.0,0.0,0.0,0.0,0.0
2024-09-02 20:00:00,G25,60,0.0,-1.942890293094024e-16,0.0,0.0,0.0
2024-09-02 20:00:00,G26,61,0.0,0.0,0.0,0.0,0.0
2024-09-02 20:00:00,G27,64,0.0,2.0122792321330962e-16,0.0,0.0,0.0
2024-09-02 20:00:00,G28,65,0.0,0.0,0.0,0.0,0.0
2024-09-02 20:00:00,G29,69,0.0,0.0,0.0,0.0,0.0
2024-09-02 20:00:00,G30,71,0.0,0.0,0.0,0.0,0.0
2024-09-02 20:00:00,G31,72,0.0,0.0,0.0,0.0,0.0
2024-09-02 20:00:00,G32,73,0.0,5.551115123125783e-17,0.0,0.0,0.0
2024-09-02 20:00:00,G33,75,0.0,5.551115123125783e-17,0.0,0.0,0.0
2024-09-02 20:00:00,G34,76,0.0,0.0,0.0,0.0,0.0
2024-09-02 20:00:00,G35,79,0.0,0.0,0.0,0.0,0.0
2024-09-02 20:00:00,G36,84,-0.0,0.0,0.0,-0.0,0.0
2024-09-02 20:00:00,G37,86,0.0,0.0,0.0,0.0,0.0
2024-09-02 20:00:00,G38,88,0.0,0.0,0.0,-0.0,0.0
2024-09-02 20:00:00,G39,89,0.0,0.0,0.0,0.0,0.0
2024-09-02 20:00:00,G40,90,0.0,1.1102230246251565e-16,0.0,0.0,0.0
2024-09-02 20:00:00,G41,91,0.0,0.0,0.0,0.0,0.0
2024-09-02 20:00:00,G42,98,0.0,-5.551115123125783e-17,0.0,0.0,0.0
2024-09-02 20:00:00,G43,99,-0.0,0.0,0.0,0.0,0.0
2024-09-02 20:00:00,G44,102,0.0,0.0,0.0,0.0,0.0
2024-09-02 20:00:00,G45,103,0.0,0.0,0.0,0.0,0.0
2024-09-02 20:00:00,G46,104,0.0,0.0,0.0,0.0,0.0
2024-09-02 20:00:00,G47,106,0.0,0.0,0.0,0.0,0.0
2024-09-02 20:00:00,G48,109,0.0,0.0,0.0,0.0,0.0
2024-09-02 20:00:00,G49,110,0.0,0.0,0.0,0.0,0.0
2024-09-02 20:00:00,G50,111,0.0,0.0,0.0,0.0,0.0
2024-09-02 20:00:00,G51,112,0.0,-2.7755575615628914e-17,0.0,0.0,0.0
2024-09-02 20:00:00,G52,115,0.0,0.0,0.0,0.0,0.0
2024-09-02 20:00:00,EMG_1,0,1.0,0.18,0.0,-0.0,-0.0
2024-09-02 20:00:00,EMG_2,1,1.0,0.00568423108111384,0.14431576891888614,-0.0,-0.0
2024-09-02 20:00:00,EMG_3,2,1.0,0.0,0.1,-0.0,-0.0
2024-09-02 21:00:00,EG0,68,-0.0,3.0531133177191805e-16,0.0,0.0,0.0
2024-09-02 21:00:00,G0,0,-0.0,0.0,0.0,0.0,0.0
2024-09-02 21:00:00,G1,3,0.0,0.0,0.0,0.0,0.0
2024-09-02 21:00:00,G2,5,0.0,0.0,0.0,0.0,0.0
2024-09-02 21:00:00,G3,7,0.0,0.0,0.0,0.0,-0.0
2024-09-02 21:00:00,G4,9,0.0,1.2073675392798577e-15,0.0,0.0,0.0
2024-09-02 21:00:00,G5,11,0.0,0.0,0.0,0.0,0.0
2024-09-02 21:00:00,G6,14,0.0,0.0,0.0,0.0,0.0
2024-09-02 21:00:00,G7,17,0.0,0.0,0.0,0.0,0.0
2024-09-02 21:00:00,G8,18,0.0,0.0,0.0,0.0,0.0
2024-09-02 21:00:00,G9,23,0.0,-5.551115123125783e-17,0.0,0.0,0.0
2024-09-02 21:00:00,G10,24,0.0,0.0,0.0,0.0,0.0
2024-09-02 21:00:00,G11,25,0.0,0.0,0.0,0.0,0.0
2024-09-02 21:00:00,G12,26,-0.0,0.0,0.0,0.0,0.0
2024-09-02 21:00:00,G13,30,0.0,0.0,0.0,0.0,0.0
2024-09-02 21:00:00,G14,31,0.0,0.0,0.0,0.0,0.0
2024-09-02 21:00:00,G15,33,0.0,0.0,0.0,0.0,0.0
2024-09-02 21:00:00,G16,35,0.0,2.7755575615628914e-17,0.0,0.0,0.0
2024-09-02 21:00:00,G17,39,0.0,8.326672684688674e-17,0.0,0.0,0.0
2024-09-02 21:00:00,G18,41,0.0,0.0,0.0,0.0,0.0
2024-09-02 21:00:00,G19,45,-0.0,-1.3877787807814457e-16,0.0,-0.0,0.0
2024-09-02 21:00:00,G20,48,-0.0,0.0,0.0,0.0,0.0
2024-09-02 21:00:00,G21,53,0.0,0.0,0.0,0.0,0.0
2024-09-02 21:00:00,G22,54,0.0,0.0,0.0,0.0,0.0
2024-09-02 21:00:00,G23,55,0.0,0.0,0.0,0.0,0.0
2024-09-02 21:00:00,G24,58,0.0,0.0,0.0,0.0,0.0
2024-09-02 21:00:00,G25,60,0.0,0.0,0.0,0.0,0.0
2024-09-02 21:00:00,G26,61,0.0,0.0,0.0,0.0,0.0
2024-09-02 21:00:00,G27,64,0.0,0.0,0.0,0.0,0.0
2024-09-02 21:00:00,G28,65,0.0,0.0,0.0,-0.0,0.0
2024-09-02 21:00:00,G29,69,-0.0,0.0,0.0,0.0,0.0
2024-09-02 21:00:00,G30,71,0.0,0.0,0.0,0.0,0.0
2024-09-02 21:00:00,G31,72,0.0,0.0,0.0,0.0,0.0
2024-09-02 21:00:00,G32,73,0.0,2.7755575615628914e-17,0.0,0.0,0.0
2024-09-02 21:00:00,G33,75,0.0,0.0,0.0,0.0,0.0
2024-09-02 21:00:00,G34,76,0.0,0.0,0.0,0.0,0.0
2024-09-02 21:00:00,G35,79,-0.0,0.0,0.0,0.0,0.0
2024-09-02 21:00:00,G36,84,0.0,0.0,0.0,0.0,0.0
2024-09-02 21:00:00,G37,86,0.0,-1.3877787807814457e-17,0.0,0.0,0.0
2024-09-02 21:00:00,G38,88,-0.0,8.326672684688674e-17,0.0,-0.0,0.0
2024-09-02 21:00:00,G39,89,0.0,-2.7755575615628914e-17,0.0,0.0,0.0
2024-09-02 21:00:00,G40,90,0.0,0.0,0.0,0.0,0.0
2024-09-02 21:00:00,G41,91,0.0,0.0,0.0,0.0,0.0
2024-09-02 21:00:00,G42,98,0.0,2.7755575615628914e-17,0.0,0.0,0.0
2024-09-02 21:00:00,G43,99,0.0,0.0,0.0,0.0,0.0
2024-09-02 21:00:00,G44,102,0.0,0.0,0.0,0.0,0.0
2024-09-02 21:00:00,G45,103,0.0,2.7755575615628914e-17,0.0,0.0,0.0
2024-09-02 21:00:00,G46,104,0.0,0.0,0.0,0.0,0.0
2024-09-02 21:00:00,G47,106,0.0,-2.7755575615628914e-17,0.0,0.0,0.0
2024-09-02 21:00:00,G48,109,0.0,0.0,0.0,0.0,0.0
2024-09-02 21:00:00,G49,110,0.0,0.0,0.0,0.0,0.0
2024-09-02 21:00:00,G50,111,0.0,0.0,0.0,0.0,0.0
2024-09-02 21:00:00,G51,112,0.0,-2.7755575615628914e-17,0.0,0.0,0.0
2024-09-02 21:00:00,G52,115,0.0,0.0,0.0,0.0,0.0
2024-09-02 21:00:00,EMG_1,0,1.0,0.017999999999999988,0.162,-0.0,-0.0
2024-09-02 21:00:00,EMG_2,1,1.0,0.1406842310811139,0.009315768918886108,-0.0,-0.0
2024-09-02 21:00:00,EMG_3,2,1.0,0.03365050312862777,0.06634949687137223,-0.0,-0.0
2024-09-02 22:00:00,EG0,68,0.0,0.0,0.0,-0.0,0.0
2024-09-02 22:00:00,G0,0,0.0,0.0,0.0,0.0,-0.0
2024-09-02 22:00:00,G1,3,0.0,2.0816681711721685e-17,0.0,0.0,0.0
2024-09-02 22:00:00,G2,5,0.0,-1.3877787807814457e-17,0.0,0.0,0.0
2024-09-02 22:00:00,G3,7,0.0,-9.71445146547012e-17,0.0,0.0,0.0
2024-09-02 22:00:00,G4,9,0.0,4.892462303340839e-18,0.0,0.0,0.0
2024-09-02 22:00:00,G5,11,-0.0,0.0,0.0,0.0,0.0
2024-09-02 22:00:00,G6,14,0.0,0.0,0.0,0.0,0.0
2024-09-02 22:00:00,G7,17,0.0,-1.3877787807814457e-17,0.0,0.0,0.0
2024-09-02 22:00:00,G8,18,0.0,0.0,0.0,0.0,0.0
2024-09-02 22:00:00,G9,23,0.0,0.0,0.0,0.0,0.0
2024-09-02 22:00:00,G10,24,0.0,1.2515758828629542e-17,0.0,0.0,0.0
2024-09-02 22:00:00,G11,25,0.0,4.0271334444258455e-17,0.0,0.0,0.0
2024-09-02 22:00:00,G12,26,0.0,0.0,0.0,0.0,0.0
2024-09-02 22:00:00,G13,30,0.0,-1.5681900222830336e-15,0.0,0.0,0.0
2024-09-02 22:00:00,G14,31,0.0,0.0,0.0,0.0,0.0
2024-09-02 22:00:00,G15,33,0.0,0.0,0.0,0.0,0.0
2024-09-02 22:00:00,G16,35,0.0,1.9895109865109006e-17,0.0,0.0,0.0
2024-09-02 22:00:00,G17,39,0.0,0.0,0.0,0.0,0.0
2024-09-02 22:00:00,G18,41,0.0,0.0,0.0,0.0,0.0
2024-09-02 22:00:00,G19,45,0.0,0.0,0.0,0.0,0.0
2024-09-02 22:00:00,G20,48,0.0,0.0,0.0,-0.0,0.0
2024-09-02 22:00:00,G21,53,0.0,0.0,0.0,0.0,0.0
2024-09-02 22:00:00,G22,54,0.0,3.9898639947466563e-17,0.0,0.0,0.0
2024-09-02 22:00:00,G23,55,0.0,0.0,0.0,0.0,0.0
2024-09-02 22:00:00,G24,58,0.0,0.0,0.0,0.0,0.0
2024-09-02 22:00:00,G25,60,0.0,2.900715149849187e-16,0.0,0.0,0.0
2024-09-02 22:00:00,G26,61,0.0,0.0,0.0,0.0,0.0
2024-09-02 22:00:00,G27,64,-0.0,-1.3197518707215583e-15,0.0,0.0,0.0
2024-09-02 22:00:00,G28,65,0.0,0.0,0.0,-0.0,0.0
2024-09-02 22:00:00,G29,69,0.0,0.0,0.0,0.0,0.0
2024-09-02 22:00:00,G30,71,0.0,-4.0245584642661925e-16,0.0,0.0,0.0
2024-09-02 22:00:00,G31,72,0.0,-1.5612511283791264e-17,0.0,0.0,0.0
2024-09-02 22:00:00,G32,73,0.0,-7.112366251504909e-17,0.0,0.0,0.0
2024-09-02 22:00:00,G33,75,0.0,-1.5612511283791264e-17,0.0,0.0,0.0
2024-09-02 22:00:00,G34,76,0.0,0.0,0.0,0.0,0.0
2024-09-02 22:00:00,G35,79,0.0,0.0,0.0,0.0,0.0
2024-09-02 22:00:00,G36,84,0.0,0.0,0.0,0.0,0.0
2024-09-02 22:00:00,G37,86,0.0,1.2515758828629542e-17,0.0,-0.0,0.0
2024-09-02 22:00:00,G38,88,0.0,0.0,0.0,0.0,0.0
2024-09-02 22:00:00,G39,89,0.0,-7.112366251504909e-17,0.0,0.0,0.0
2024-09-02 22:00:00,G40,90,0.0,-1.5612511283791264e-17,0.0,0.0,0.0
2024-09-02 22:00:00,G41,91,0.0,0.0,0.0,0.0,0.0
2024-09-02 22:00:00,G42,98,0.0,-7.112366251504909e-17,0.0,0.0,0.0
2024-09-02 22:00:00,G43,99,-0.0,0.0,0.0,0.0,0.0
2024-09-02 22:00:00,G44,102,-0.0,9.540979117872439e-17,0.0,0.0,0.0
2024-09-02 22:00:00,G45,103,0.0,0.0,0.0,0.0,0.0
2024-09-02 22:00:00,G46,104,0.0,-1.2663481374630692e-16,0.0,0.0,0.0
2024-09-02 22:00:00,G47,106,0.0,-1.5612511283791264e-17,0.0,0.0,0.0
2024-09-02 22:00:00,G48,109,0.0,0.0,0.0,0.0,0.0
2024-09-02 22:00:00,G49,110,0.0,-1.5239816786999372e-17,0.0,0.0,0.0
2024-09-02 22:00:00,G50,111,0.0,-1.5612511283791264e-17,0.0,0.0,0.0
2024-09-02 22:00:00,G51,112,0.0,-1.5612511283791264e-17,0.0,0.0,0.0
2024-09-02 22:00:00,G52,115,0.0,1.214306433183765e-17,0.0,0.0,0.0
2024-09-02 22:00:00,EMG_1,0,1.0,0.18,0.0,-0.0,-0.0
2024-09-02 22:00:00,EMG_2,1,1.0,0.01954757868657009,0.1304524213134299,-0.0,-0.0
2024-09-02 22:00:00,EMG_3,2,1.0,0.0,0.1,-0.0,-0.0
2024-09-02 23:00:00,EG0,68,-0.0,-4.83554168928535e-17,0.0,0.0,0.0
2024-09-02 23:00:00,G0,0,-0.0,0.0,0.0,-0.0,0.0
2024-09-02 23:00:00,G1,3,0.0,-6.938893903907228e-18,0.0,0.0,0.0
2024-09-02 23:00:00,G2,5,0.0,-6.938893903907228e-18,0.0,0.0,0.0
2024-09-02 23:00:00,G3,7,0.0,-3.8163916471489756e-16,0.0,0.0,0.0
2024-09-02 23:00:00,G4,9,0.0,-9.974659986866641e-18,0.0,0.0,0.0
2024-09-02 23:00:00,G5,11,0.0,0.0,0.0,0.0,0.0
2024-09-02 23:00:00,G6,14,0.0,-2.3592239273284576e-16,0.0,0.0,0.0
2024-09-02 23:00:00,G7,17,0.0,2.0816681711721685e-17,0.0,0.0,0.0
2024-09-02 23:00:00,G8,18,-0.0,5.134781488891349e-16,0.0,-0.0,0.0
2024-09-02 23:00:00,G9,23,0.0,8.368306048112117e-15,0.0,0.0,0.0
2024-09-02 23:00:00,G10,24,0.0,-6.7220534694101275e-18,0.0,0.0,0.0
2024-09-02 23:00:00,G11,25,0.0,2.1033522146218786e-17,0.0,0.0,0.0
2024-09-02 23:00:00,G12,26,-0.0,2.706168622523819e-16,0.0,-0.0,0.0
2024-09-02 23:00:00,G13,30,0.0,1.3183898417423734e-16,0.0,0.0,0.0
2024-09-02 23:00:00,G14,31,-0.0,0.0,0.0,0.0,0.0
2024-09-02 23:00:00,G15,33,-0.0,0.0,0.0,0.0,0.0
2024-09-02 23:00:00,G16,35,0.0,-6.245004513516506e-17,0.0,0.0,0.0
2024-09-02 23:00:00,G17,39,0.0,-1.1275702593849246e-17,0.0,0.0,0.0
2024-09-02 23:00:00,G18,41,0.0,-9.454242944073599e-17,0.0,0.0,0.0
2024-09-02 23:00:00,G19,45,0.0,-3.469446951953614e-17,0.0,0.0,0.0
2024-09-02 23:00:00,G20,48,0.0,0.0,0.0,-0.0,0.0
2024-09-02 23:00:00,G21,53,-0.0,7.632783294297951e-17,0.0,-0.0,0.0
2024-09-02 23:00:00,G22,54,0.0,-6.245004513516506e-17,0.0,0.0,0.0
2024-09-02 23:00:00,G23,55,0.0,0.0,0.0,0.0,0.0
2024-09-02 23:00:00,G24,58,-0.0,0.0,0.0,-0.0,0.0
2024-09-02 23:00:00,G25,60,0.0,-1.3162214373974024e-16,0.0,0.0,0.0
2024-09-02 23:00:00,G26,61,0.0,0.0,0.0,0.0,0.0
2024-09-02 23:00:00,G27,64,0.0,3.2406802935591728e-15,0.0,0.0,0.0
2024-09-02 23:00:00,G28,65,0.0,0.0,0.0,0.0,0.0
2024-09-02 23:00:00,G29,69,-0.0,4.85722573273506e-17,0.0,-0.0,0.0
2024-09-02 23:00:00,G30,71,0.0,-3.469446951953614e-17,0.0,0.0,0.0
2024-09-02 23:00:00,G31,72,0.0,1.3877787807814457e-17,0.0,0.0,0.0
2024-09-02 23:00:00,G32,73,0.0,1.0408340855860843e-16,0.0,0.0,0.0
2024-09-02 23:00:00,G33,75,0.0,-6.938893903907228e-18,0.0,0.0,0.0
2024-09-02 23:00:00,G34,76,-0.0,0.0,0.0,0.0,0.0
2024-09-02 23:00:00,G35,79,-0.0,0.0,0.0,0.0,0.0
2024-09-02 23:00:00,G36,84,0.0,-1.3010426069826053e-17,0.0,0.0,0.0
2024-09-02 23:00:00,G37,86,0.0,3.491130995403324e-17,0.0,0.0,0.0
2024-09-02 23:00:00,G38,88,0.0,-3.447762908503904e-17,0.0,0.0,0.0
2024-09-02 23:00:00,G39,89,0.0,-3.469446951953614e-17,0.0,0.0,0.0
2024-09-02 23:00:00,G40,90,0.0,-6.938893903907228e-18,0.0,0.0,0.0
2024-09-02 23:00:00,G41,91,0.0,0.0,0.0,-0.0,0.0
2024-09-02 23:00:00,G42,98,0.0,-6.938893903907228e-18,0.0,0.0,0.0
2024-09-02 23:00:00,G43,99,0.0,0.0,0.0,-0.0,0.0
2024-09-02 23:00:00,G44,102,0.0,0.0,0.0,0.0,0.0
2024-09-02 23:00:00,G45,103,0.0,-6.938893903907228e-18,0.0,0.0,0.0
2024-09-02 23:00:00,G46,104,0.0,0.0,0.0,0.0,0.0
2024-09-02 23:00:00,G47,106,0.0,-6.245004513516506e-17,0.0,0.0,0.0
2024-09-02 23:00:00,G48,109,-0.0,0.0,0.0,0.0,0.0
2024-09-02 23:00:00,G49,110,0.0,-6.7220534694101275e-18,0.0,0.0,0.0
2024-09-02 23:00:00,G50,111,0.0,-6.938893903907228e-18,0.0,0.0,0.0
2024-09-02 23:00:00,G51,112,0.0,-3.469446951953614e-17,0.0,0.0,0.0
2024-09-02 23:00:00,G52,115,0.0,6.938893903907228e-18,0.0,0.0,0.0
2024-09-02 23:00:00,EMG_1,0,1.0,0.18,0.0,-0.0,-0.0
2024-09-02 23:00:00,EMG_2,1,1.0,0.03505871860828657,0.11494128139171342,-0.0,-0.0
2024-09-02 23:00:00,EMG_3,2,1.0,0.0,0.1,-0.0,-0.0
