timestamp,L0,L1,L10,L100,L101,L102,L103,L104,L105,L106,L107,L108,L109,L11,L110,L111,L112,L113,L114,L115,L116,L117,L118,L119,L12,L120,L121,L122,L123,L124,L125,L126,L127,L128,L129,L13,L130,L131,L132,L133,L134,L135,L136,L137,L138,L139,L14,L140,L141,L142,L143,L144,L145,L146,L147,L148,L149,L15,L150,L151,L152,L153,L154,L155,L156,L157,L158,L159,L16,L160,L161,L162,L163,L164,L165,L166,L167,L168,L169,L17,L170,L171,L172,L173,L174,L175,L176,L177,L178,L179,L18,L180,L181,L182,L183,L184,L185,L19,L2,L20,L21,L22,L23,L24,L25,L26,L27,L28,L29,L3,L30,L31,L32,L33,L34,L35,L36,L37,L38,L39,L4,L40,L41,L42,L43,L44,L45,L46,L47,L48,L49,L5,L50,L51,L52,L53,L54,L55,L56,L57,L58,L59,L6,L60,L61,L62,L63,L64,L65,L66,L67,L68,L69,L7,L70,L71,L72,L73,L74,L75,L76,L77,L78,L79,L8,L80,L81,L82,L83,L84,L85,L86,L87,L88,L89,L9,L90,L91,L92,L93,L94,L95,L96,L97,L98,L99
2024-09-02 00:00:00,0.13487015123034454,0.13525505444173389,0.13786535866097419,0.173781203613728,0.1709782825910827,0.17022248836043422,0.17174186532624822,0.17295460002658355,0.16978083246672326,0.1813714824720678,0.17516708420261806,0.18312825157178902,0.1779744383223923,0.14790049695722557,0.19264906433226103,0.28464712357121263,0.17193534688209747,0.37366619969194226,0.2464301966652106,0.25152265853370454,0.25677563256354036,0.18682953576967778,0.20406261589265867,0.22239382222768753,0.14537451786873087,0.17737030992937008,0.16165650396796183,0.2104515848678782,0.23807252602802983,0.21881448268879586,0.2340979299514904,0.21622428152498002,0.2228210098785097,0.23479560226223112,0.23479560226223112,0.15341872395032968,0.2533886376199448,0.18380052706715652,0.18818889669754307,0.23477007060037475,0.1971485464294874,0.2089364456687788,0.21477531834413016,0.44435998489428646,0.38379354525675113,0.2017595298987347,0.1420126954188253,0.2642592746959171,0.17490082414486227,0.17512971918052828,0.17139927926711973,0.16691271761142829,0.17218738468207792,0.17696935540833114,0.16593217581341485,0.1781377095519764,0.19152227513791578,0.1399192213955984,0.19152227513791578,0.21864422824588112,0.21864422824588112,0.20930357863235285,0.24968635029631983,0.2846731356507894,0.28496501279445596,0.2827123596744417,0.2878751047285269,0.2894153264645629,0.14167877163729808,0.26337411092597435,0.268826646234216,0.2777809689604701,0.245212024995077,0.21833304501453946,0.24732707945423255,0.2516842041034639,0.27454215105237956,0.2653856706666477,0.2693727556418911,0.14257010955483995,0.2728655869340398,0.2913739944712166,0.25766980934386935,0.24692137027108618,0.23303111412726424,0.25505691664660773,0.2527121744647675,0.24250360920082253,0.22264893649886283,0.2554619704952865,0.14365187335299676,0.20194009018635642,0.2053992662045438,0.20893914450126308,0.2035328588277942,0.1671289642201864,0.42419343184148933,0.14059765123313417,0.13813494165510345,0.1473001448997354,0.1475132788766284,0.15302036456235082,0.15268125580850944,0.15203438348439618,0.15117915166960713,0.15461120172046433,0.1578667111453214,0.1583617278927072,0.15432916936713334,0.13798091117549413,0.1561988849203861,0.15542680976090265,0.1595714768282323,0.16396957377997767,0.1700885683654777,0.1870796126659118,0.17175002401559572,0.16984442589152235,0.21153816458012722,0.19822078701457485,0.13849044033591243,0.16867668595369317,0.17595954999156163,0.16337437356505055,0.16379186090757256,0.1663795226790322,0.16679726300726777,0.16047426065666118,0.15994583603373075,0.1628270835079567,0.1635891801087017,0.13803702737862306,0.16320448701939433,0.16370770762303907,0.16659467469372846,0.1555135956170759,0.15331626306640186,0.15666265117099157,0.15792826504480853,0.15145230121160166,0.15472961289351153,0.1582279568985373,0.13800300096264348,0.16086015210846427,0.16723281148424216,0.17252568412427494,0.16056583424749524,0.16381901695218906,0.16693909695754064,0.1677263552962142,0.17748554438889785,0.17748554438889785,0.16351569417053186,0.13770232947780567,0.17038770893148789,0.17877660359657027,0.18155258639267244,0.19579893816891106,0.1842546120762164,0.20227899529735716,0.23639061038104028,0.18767436811018973,0.19334202135648015,0.20212501199821725,0.13969839586236033,0.1917853028465864,0.1917853028465864,0.1811994289824463,0.1811994289824463,0.22675616408036658,0.1891876424025638,0.21657328667561376,0.2052871917465614,0.2071936276355903,0.19172827439919252,0.1352874956048905,0.18210665880142465,0.1850782363523355,0.1798633851307295,0.18022498141417048,0.17684593165577023,0.18400660330261442,0.18918079043730762,0.17846889155549606,0.17846888637004377,0.17216061484292747
2024-09-02 01:00:00,0.13640241393984753,0.13684150516389124,0.1396167772256591,0.17911676025147652,0.17514985235965685,0.17427327092848732,0.17629425415503663,0.17857509606481875,0.17398001493616977,0.19249585621054444,0.18227598005994144,0.19800484126790646,0.18868806894086218,0.15038466952018836,0.22847152643264104,0.41651216392669366,0.17723727447185778,0.45540023628415255,0.24502016520072184,0.25636254861882596,0.2687627137788172,0.17469732696455895,0.18586161336542484,0.20448804687066324,0.14781616828319907,0.16989688704100758,0.1460776564610003,0.1900774189812577,0.22389364115945798,0.20197337465981038,0.22007159942737983,0.20096585779015144,0.19904465245755995,0.20824637001171853,0.20824637001171853,0.15631569807730858,0.2757186188271346,0.17140437229421304,0.17316632287285494,0.20322348347675392,0.1763961371742867,0.1820527649120845,0.18594213139391486,0.5066185133608047,0.3232330187701869,0.2378684551491348,0.14438903607416093,0.283403807986585,0.18377497855690733,0.18364532766438912,0.1767794693073074,0.17089740815134402,0.17771131217871663,0.1864482647687156,0.16989194965873872,0.18880484387896257,0.2162535619390347,0.14179642258269087,0.2162535619390347,0.26365050522469247,0.26365050522469247,0.24842639701293528,0.3009452408450059,0.32022429796797625,0.31267035230815043,0.30912102114765466,0.3222915384342496,0.29761188269010425,0.14367975166801417,0.2368562771986848,0.25336619670505994,0.2727513332305638,0.21223789993838593,0.18742546897985557,0.21548308184664178,0.22237072636765381,0.25800343776389145,0.2724200977257344,0.27060486317879595,0.14455672635244313,0.28541640141928737,0.28930079640028866,0.27329933087097924,0.2774688482814058,0.26082874080868795,0.2822138437997151,0.28644571735046265,0.2825061359444043,0.2600053642519848,0.29260653494900496,0.14565775845471446,0.23183894221859422,0.23387720308987375,0.23394452658639953,0.22893750750709307,0.16922605609144023,0.5000438034920748,0.14250153522578538,0.13986107414749735,0.1496248617210923,0.14982910072994982,0.15558206951373216,0.1553407094331353,0.15473019766374632,0.15354946908089648,0.1572303281931826,0.16040759895271636,0.16098392277608375,0.15705358199853323,0.13977451918715886,0.15897004997795292,0.1584030262241063,0.16225379460215317,0.16661758800566934,0.1736185757532511,0.1971981549386182,0.1756887008662845,0.17306881968410717,0.20465524980006564,0.19039276682939438,0.14027388814871608,0.17152680713304394,0.18115206615260682,0.1669007850871701,0.1658951677508961,0.16883526610965333,0.16896702571909447,0.1624775487991606,0.16220498609235098,0.1662793831426442,0.16738839299146735,0.13988120449152464,0.1656800719888843,0.16628621397641152,0.16897043154567085,0.15860777987016847,0.15629654510156796,0.1598753373539879,0.16122890590806543,0.15433255056007317,0.15784133219732494,0.16173344543582,0.13983249164127626,0.16457976878399933,0.171801634305312,0.17886894125424865,0.16438860603134536,0.16792868579266543,0.17134126255352303,0.17230400171275576,0.188511080936598,0.188511080936598,0.16732307072525285,0.13953411181823488,0.175728165369437,0.19232785134876232,0.1982847535011914,0.22764095309053395,0.2043773209350866,0.23905335470377934,0.28111650437336283,0.2113191984242923,0.22186356739831906,0.23741030826773718,0.14161741240086498,0.21777238780202213,0.21777238780202213,0.19631735898364888,0.19631735898364888,0.27318442566588236,0.2113094766551196,0.25537627895108417,0.2385208261784289,0.23845594144081908,0.21398667312707964,0.13694378303870597,0.19489073750650385,0.20120682494148545,0.19070669248945366,0.19045132878620882,0.18397378213274854,0.19909514278114954,0.2086153880653761,0.18733267662351544,0.18733268180896773,0.17665034703733742
2024-09-02 02:00:00,0.13824804924261003,0.13875445532780195,0.14171219096800522,0.18957538195472978,0.18219762770012565,0.18087204834295462,0.18436797479121195,0.19004227063101525,0.18087455313579445,0.2199482011735876,0.1979227080305115,0.2401073433195212,0.21417501622508303,0.1536802183160208,0.3264269329698543,0.5621786546888459,0.18766383637029993,0.5122030446304738,0.21536401298939123,0.22921838631944033,0.24734508047564566,0.16563670290180876,0.17438174104455761,0.18237037796544428,0.15093393588747844,0.16082810515915272,0.12250424667642187,0.1759535001787104,0.1930150375206282,0.1816783521145017,0.19150114017162623,0.18207746317908696,0.17858745760770636,0.1819232729864937,0.1819232729864937,0.15989706307905244,0.2686697342302287,0.1596350221291981,0.16146039657803052,0.1781088059205839,0.1653420343408017,0.17017756028536501,0.17287992449137382,0.5426183627635517,0.21623148814598564,0.29226083411857395,0.14767737361414965,0.26939731311018417,0.20494492849919163,0.2037844709118712,0.1876218026119391,0.17665759276159693,0.18893545982019225,0.20862868669396764,0.17581641844709667,0.2135718178747881,0.2647456970567157,0.14402183208159516,0.2647456970567157,0.32562390263408725,0.32562390263408725,0.30924008235129574,0.35518397024488235,0.33603550189676035,0.31370267460170975,0.3067597743775123,0.33695692017401496,0.2720500889656789,0.14602942762148605,0.19473673559397908,0.20928035126469685,0.232581805215179,0.18072332451631443,0.17185719127199692,0.18411429040813965,0.18781086825509316,0.2137732431159317,0.24358929727832396,0.23578263107724806,0.14689404633723008,0.26185463886785987,0.2560603165287864,0.2563320817382972,0.2864078146948759,0.2719816010060895,0.2826993425123679,0.2988958565968065,0.3110046044900357,0.29483943952122754,0.31068938762314413,0.14799731944350425,0.2699639068085465,0.26622086790417676,0.25704061139211565,0.2573795801692134,0.171707618806765,0.5549616561879561,0.1447658894760685,0.14191684996160359,0.15234251450459435,0.15253892468729674,0.15855472772988372,0.1584597982356168,0.15790090485007988,0.1562808845645473,0.16027116608821745,0.16329929338515653,0.16400227067894557,0.16024857308475515,0.14192181774269877,0.16216730044980723,0.16195717503921225,0.1652560238552795,0.169673968285909,0.17888258439421886,0.20667110054054985,0.18178628576240607,0.17766950910145335,0.18784551606249913,0.17982340433350164,0.14239898510487908,0.17529867071700983,0.19131893724460863,0.1714591393580074,0.16825681139144263,0.17179240711518123,0.17153333393514103,0.16466076279532293,0.1647087044304048,0.17083557074368935,0.17234920176766577,0.14210368476870297,0.16850468696348078,0.1692870672409532,0.1718228496246244,0.16232480993592216,0.15990581183708585,0.16378536435080407,0.1652627377936779,0.1578024417290876,0.16161117333731922,0.16619268138506582,0.14202117838960593,0.16937978055667663,0.1785226238805554,0.19217845153102744,0.16943301802286898,0.17356597903114365,0.17784528118058082,0.17937921216555178,0.21487571682707193,0.21487571682707193,0.17231582477267346,0.14179101607208663,0.1864596645618286,0.22393357373652203,0.23550271680199236,0.28218821055482823,0.246940480505488,0.2972930303423749,0.32269578312626285,0.2584009599896719,0.27258832834851937,0.2928577896801618,0.14393351808078342,0.26574644503241046,0.26574644503241046,0.23043068576412407,0.23043068576412407,0.3259859641344182,0.2514879419364739,0.3067412629386817,0.28758838089824335,0.28267517023255156,0.2524166238558029,0.1389554292462445,0.22056482309853065,0.23224647637383447,0.21336605539706865,0.21069623981606847,0.1984081791346252,0.22767724076349366,0.2425690404612399,0.20541963175872896,0.20541963901836216,0.18471762332987415
2024-09-02 03:00:00,0.140274607214342,0.1408571812743433,0.14400979214310883,0.2101568882656552,0.19500559675541648,0.1926094958113977,0.19990179730539792,0.21459570595012886,0.19366317615622494,0.2779119712309031,0.23062295496109572,0.33580414610498427,0.26595316749053943,0.15732369150251685,0.4957329823305128,0.651998001753404,0.20996559675264248,0.5119673047607595,0.18619637473722592,0.1911925608955523,0.2013838320599832,0.15022617891058554,0.1631914515563182,0.17107764392272304,0.1544041081312384,0.1468038363474214,0.08360747642577722,0.16474686687257253,0.17650221165727054,0.17093925905432142,0.17640872183731163,0.1718546029860021,0.166987763452059,0.1699222262362816,0.1699222262362816,0.16381609702683272,0.22086368846036278,0.13817320688765206,0.13983915872116864,0.1656926607667876,0.14646841009294703,0.15436060231345528,0.15831590003501125,0.497705339419452,0.18699365996951017,0.34706596722659205,0.15139339791939252,0.2160522893300769,0.24967747417516742,0.24672913973162106,0.2120082505536527,0.18557677397136169,0.2135917313280848,0.25401287460638483,0.18279578737820643,0.26245244235949083,0.3367993543714242,0.14645778726355013,0.3367993543714242,0.3874294608601482,0.3874294608601482,0.3801076392526839,0.39351836158600784,0.313705299707514,0.27107401567006373,0.25874607112444975,0.31474547487642907,0.2174491940798633,0.1486019578405918,0.17506239120228753,0.17911154110082278,0.1890876763822078,0.16795367762858787,0.15740077750737583,0.17204928188302743,0.1747708603394759,0.18275887368226743,0.19681460098503986,0.19230041235484582,0.14944236360050425,0.2076141361453257,0.20713672131397826,0.20858717561315812,0.24992774635715462,0.2444329361260539,0.23776460698552157,0.26387093893375135,0.2978863959454997,0.29888559685912425,0.2816540898877962,0.15053564385441043,0.2951754511916945,0.2805071934863105,0.25780204449357946,0.2689602033133105,0.17435096761744479,0.5645068424985916,0.14724716397587345,0.1441649333568273,0.15529954428945436,0.15548293388482257,0.16174655348660558,0.16183609142073033,0.16135379591269064,0.15920355150806761,0.16351769159224824,0.16633287245537506,0.16718334726908562,0.16369304875229215,0.14428747620536145,0.1655970876145639,0.16583727831490447,0.1684794484607125,0.17342470725948803,0.18655030837571152,0.2095538559817048,0.19047227360201224,0.18404793095865407,0.17552102026911706,0.1724379906499113,0.14472598641568196,0.179998024542232,0.21141872454685298,0.1766558925878294,0.17067995913459627,0.17520282541719895,0.17430650213631346,0.16683909275231623,0.16726928585703793,0.1758636346628911,0.17851791988903018,0.14455785784739453,0.17155813683643972,0.17261088213735806,0.17509323900251558,0.16643190816896944,0.16389837673928595,0.16813213829800114,0.1697731452119226,0.1616544556130002,0.16580240349383268,0.17125569187845224,0.14443042698886993,0.17498516563121103,0.18904248474017052,0.22170862350948575,0.17535016986530297,0.18086626996829394,0.18851305548744063,0.1915789705161625,0.2674667941719032,0.2674667941719032,0.17922698861848027,0.14428296867751358,0.2111204570361131,0.28183678505290444,0.29849867163772364,0.3472630827195307,0.31356176711456624,0.361964662027273,0.3326285092230546,0.32738877091722884,0.3393446337188094,0.35687514512070306,0.1464826099132921,0.3325151533940826,0.3325151533940826,0.2910119242054019,0.2910119242054019,0.36029197335571733,0.30853556198295945,0.3595866914287586,0.34389976861583993,0.3327799945586825,0.3052947552429488,0.14117451959591437,0.2634089320198175,0.2807452081931502,0.2535416924333234,0.2449151041932462,0.22492565907102346,0.27206706353764465,0.2905141181390027,0.2376786327643644,0.2376786327643644,0.19981954846785654
2024-09-02 04:00:00,0.14270392154840075,0.14338180587360588,0.1467457083042955,0.24997532534361178,0.22173985235905075,0.21760176863953967,0.2331161740966349,0.26536379811459954,0.22233146233635168,0.37961582400949273,0.29152700053377756,0.4928324078919645,0.3508834630331891,0.16204573410091422,0.6570299737518112,0.718155825660664,0.25802652737159293,0.3752976279688816,0.17471655664851027,0.1778668698173969,0.183143100585354,0.12674201492751086,0.14436393673445197,0.15539253837188396,0.15881408955075751,0.12962444330064224,0.05714410066420177,0.14540902202481965,0.16244550124029195,0.1559917510737322,0.162632796831223,0.1582222360662465,0.14714430240821993,0.15074745822396698,0.15074745822396698,0.168611175284853,0.18442050355848638,0.10387201587888517,0.10441602746806031,0.14515726248948244,0.1151656220567095,0.12764248501085917,0.1329776080289412,0.28951706082464707,0.17380925530678637,0.3776293464355986,0.15647200632718644,0.1815829892174847,0.32347724950500467,0.31995738352813713,0.26493636432601086,0.20550653228482718,0.26607293384354747,0.32963442390618997,0.1938591293217076,0.3412482770111091,0.4232237442043996,0.14933244793892914,0.4232237442043996,0.4338555073611521,0.4338555073611521,0.4482073524382817,0.40147664301286273,0.25230742402515494,0.209598780182251,0.20256359503157045,0.25555737185269284,0.18481223052826137,0.15160939953989072,0.16328926139965408,0.16686309178065103,0.17566994241765138,0.15105505651433615,0.1327474246114621,0.1560252100619389,0.15975236008392543,0.1723992359013337,0.1810695136596903,0.1790479512257089,0.1524207775109919,0.18318482952434473,0.18389343259245616,0.18722576094772034,0.20021911219693264,0.20222028224980437,0.19472859097947479,0.20433128443852228,0.23407030206282217,0.250853624247233,0.21543193877181022,0.15347763287230715,0.28053429469638036,0.25574360589612466,0.22876983563534067,0.24740103119494394,0.177537382858132,0.43362126286445335,0.15018414990787107,0.1468289815320296,0.15872071591075018,0.15889075818560977,0.1653993953926906,0.16573215863364082,0.16535830333647203,0.16252970726678137,0.16723384947574912,0.1698017304396182,0.17088778097315283,0.16767250333701544,0.14711722707326913,0.16956689905461414,0.17043673536882561,0.1724411321596121,0.17899842293948554,0.19660805276819368,0.20284849123028012,0.20158268882421515,0.19251848590553602,0.1665806310704998,0.1655846913202108,0.14748691628025123,0.18668476790031988,0.2539038795433491,0.18447294463907485,0.17351410679382367,0.17972044447299132,0.1776962497695298,0.16921554312315523,0.17014033645966983,0.18300215302576955,0.18950386095531474,0.14751205996299258,0.17543220623651878,0.17702495198275486,0.17933626680820847,0.17140640580875746,0.16865990996598126,0.17355654833185943,0.17565423249154266,0.1662352239742603,0.17088526512534166,0.1779836407563446,0.14730405883862693,0.1834486761744793,0.21813785573990746,0.2822668040196431,0.18415552949290814,0.19473951006607992,0.21382498014950263,0.22089272531977724,0.34833182658598427,0.34833182658598427,0.19377752767997544,0.14733777457627031,0.2644060476433433,0.3598784179481528,0.37697741556715403,0.3992580735611579,0.3894803737006333,0.41144756214878386,0.2843436878142452,0.40260534916138757,0.4064578470029935,0.413578865482601,0.14954966392825803,0.4053705710669083,0.4053705710669083,0.3735527962003604,0.3735527962003604,0.34941189890175733,0.3735921971652517,0.4048056793404628,0.3972642541491967,0.38129685537997693,0.3660061475580831,0.14385757735914767,0.32428010056894774,0.34423152442360744,0.31423554137301846,0.2956592795034472,0.26962157119740804,0.329926043987695,0.3475496067188541,0.2883247923641907,0.2883247799191052,0.22970427958423126
2024-09-02 05:00:00,0.1455468264097451,0.1463398152090122,0.14992244053172815,0.31298584828029863,0.27036256238292167,0.26485492319425086,0.29301208549834634,0.3467493043546065,0.27828992347304926,0.5111105182195979,0.37877693977989757,0.6457605889253267,0.450147117763089,0.16781094191850268,0.7506624548034293,0.7739403999037441,0.3388979396356072,0.22791950825138524,0.15369049405601132,0.1587697578002324,0.16669732873615764,0.08960566683289208,0.11572967112137596,0.12807531959513688,0.16416127714778,0.11415051883781342,0.047219928224209506,0.11426746118726679,0.1355751018285417,0.13052555107341463,0.13653485725933043,0.13544430937099222,0.11278161780921489,0.11651736650178053,0.11651736650178053,0.17424073634195308,0.17004889640247692,0.057227076252514573,0.055793754606143366,0.11134347300696426,0.06786753062300964,0.08294115603366525,0.08803699428512894,0.21843191019743807,0.1469573225318517,0.35029491103981913,0.16298963024317364,0.16703008028016691,0.40720903446286727,0.4073892039384527,0.3505369398001262,0.25043657519701495,0.3510577314460203,0.4214184081995579,0.21468780747541422,0.43502127673866303,0.5010984763116242,0.15264323694977702,0.5010984763116242,0.44135155565713635,0.44135155565713635,0.49427320578391015,0.35667020751813217,0.20195004388580345,0.18704190395725118,0.1871718986945038,0.20504153609828737,0.17532957019673767,0.15504855506251755,0.14603876114559586,0.14784159777280878,0.1609783588667365,0.12522518322884155,0.0885553995784417,0.13004732206382935,0.13419899639414426,0.15796729736405804,0.16413787963212026,0.1615501048699538,0.15581871148644663,0.1694222914143488,0.17700520674785633,0.17285734567928146,0.18566865812868966,0.18857667295513794,0.18193075695283073,0.1853867954847387,0.1942246038818836,0.19734102158568118,0.18908289565987554,0.15680865550031647,0.22128990644795157,0.20829665614519732,0.20192500334030505,0.20975146601800546,0.18109079222298044,0.24134884643694335,0.1535778651125154,0.1499097675368871,0.16257100635141059,0.16272392188579687,0.16948009720692125,0.1701148981686821,0.1698777063393423,0.1662111681638533,0.17143251842060203,0.1738897668221915,0.17539008643451934,0.1722268429054693,0.1504261261561529,0.17445348031841962,0.17611485690560605,0.17816575715138078,0.18749465844179566,0.20638661971322786,0.19067185883777255,0.2119042739003402,0.20136438409335095,0.15307317408984666,0.15728250726453477,0.15068292766934743,0.1951237726665369,0.32384998268438764,0.19780447523079064,0.17676224229937482,0.1853372984016773,0.18153797874336025,0.1717857591335398,0.1734137745752738,0.19553969386404996,0.21283171762062741,0.1509810138290725,0.18055911684453724,0.18312145128865095,0.18445125373411062,0.1779140749959067,0.17425561473585255,0.18132625649847464,0.1853002089427138,0.17150807335709667,0.17734271139842528,0.18852696694619595,0.15064884320993363,0.2003780333346675,0.3039714839201521,0.3696061537864588,0.20095253470328697,0.22721201285609866,0.2707678496558738,0.28497978666178053,0.43385672854034096,0.43385672854034096,0.2286727973207278,0.15096821616311687,0.34578500247221405,0.4278938876323124,0.4418214598952047,0.4025532326369965,0.44350414193988874,0.4133378174791779,0.2096275741566502,0.4563776512965856,0.4541974607827308,0.4465488728315854,0.15314330160848125,0.46487295704103054,0.46487295704103054,0.4538991437488541,0.4538991437488541,0.26874287916460365,0.43264835521632017,0.43619592583966055,0.43893717448623354,0.421737008623676,0.4236742521371603,0.14701778207880586,0.39425912757184706,0.411731533507243,0.3874781202946847,0.35770318639144977,0.3315210225712554,0.391648214302178,0.4041601270441564,0.35316403594511286,0.35316402350002735,0.27990961278577403
2024-09-02 06:00:00,0.14867400504693237,0.14959371653314618,0.1533867007454813,0.39008111249949196,0.34038335339540576,0.3355623326973613,0.37571574317424766,0.4402516368150568,0.36133514516389553,0.626275122193683,0.4689889697081062,0.7323362980730878,0.5223108257471779,0.173998892296533,0.8011658609302933,0.7541004879244594,0.435129223828833,0.21032778944019873,0.11523002612480085,0.12223979283124849,0.13342917903549792,0.0673220260069263,0.07706833720752754,0.08267538240993305,0.16993161680720992,0.10881964403450385,0.05957498301874893,0.07075587848440487,0.08567856833105827,0.08790470636110982,0.08817847854128612,0.10398339599059626,0.0625993996622467,0.06497737753921039,0.06497737753921039,0.1805340272671055,0.14227986507873208,0.035450802841777734,0.0359315011223675,0.0647695725666715,0.03983743467961621,0.051203547901445254,0.053804767864348506,0.20210370085442253,0.09925555507542431,0.24670861908293612,0.17020725181315094,0.14027007990794366,0.46489389460490865,0.4738321923571844,0.44338128326405263,0.33077915003735353,0.44629451222040467,0.4971139423425731,0.2656362045842778,0.5110791429705208,0.540687228092076,0.15623335239379135,0.540687228092076,0.3775514582155667,0.3775514582155667,0.49369745934003006,0.26950893304885815,0.18852199969247893,0.17631587296628343,0.17369350689471869,0.1906546733955769,0.1641634241138548,0.15876888309480797,0.12567450306644604,0.12088091304156519,0.1387372063304012,0.08742799642271203,0.05408340411994353,0.09050958298304981,0.09302205987634625,0.138712967608103,0.13138951009082284,0.1297163275621341,0.1594739427050731,0.14361030783576664,0.17032436343548857,0.14153696173296382,0.16270498394743543,0.16852950267101008,0.15675401126206148,0.16456468201827662,0.17738555403681003,0.18032640010935339,0.17109037448600062,0.16037021558714443,0.18919203022730047,0.1901752096108591,0.19155974555190552,0.19513960841116673,0.18437672482002398,0.21955461261296297,0.15726722258625583,0.15326200820337338,0.166648416317755,0.16677153393885566,0.17395915195206893,0.17502954726752457,0.17494578197750496,0.1700645882523155,0.17629517961608374,0.17902656426267904,0.18131679461069616,0.17777013298265676,0.15405841478836169,0.1817574542643082,0.18491449486074935,0.18750133919175316,0.19857660098093668,0.21141626029100744,0.1814592164788204,0.21657501992192643,0.20726920281032252,0.1352559683121715,0.14950610067375747,0.15416033981569896,0.20340447472714535,0.40365319223461116,0.2205392111315697,0.180078049127484,0.19113225309919582,0.18515098770284139,0.1743928691334499,0.17709938990789267,0.22421701999784902,0.2574542022643266,0.154789290970126,0.18693353000246812,0.19086954372513004,0.1895349198755381,0.18943316689628886,0.18169242150177126,0.19699741228831613,0.20699969805739174,0.17770359194639113,0.1882611482925636,0.21131762886854902,0.15430509931979666,0.23994278062016172,0.4670248559617774,0.4433430375036695,0.2400370371248996,0.295967433185212,0.36266969108844116,0.3840655042608256,0.4850823387127539,0.4850823387127539,0.2950585996973007,0.15495762546178823,0.42142929897968173,0.4442702222123265,0.45588643361394504,0.31407953162888147,0.4361728274529619,0.3261677476947165,0.1882943468912241,0.4538717114174263,0.4614973424365171,0.43592432297090367,0.15707110817152933,0.4906371941844458,0.4906371941844458,0.5007741066086382,0.5007741066086382,0.20057428118417947,0.4729923566130744,0.4490195296301753,0.46232361769657837,0.4491475494748623,0.46730438360455095,0.15049870329367104,0.4572780990128772,0.46816016472690364,0.4558439483783305,0.41864770708186616,0.39948215527083586,0.44454737142820744,0.44995692905015255,0.4190221905205979,0.4190221905205979,0.34670096537289624
2024-09-02 07:00:00,0.1516112069764685,0.15264245367481488,0.1566104984605776,0.4545897284150902,0.41143878426256947,0.4096890083842366,0.4523944251766296,0.5049554728339408,0.442866802768725,0.6776794987054662,0.5226494262568011,0.7514861370726469,0.5174242516084403,0.17868895969377122,0.7877228769075744,0.31753643291495753,0.5022602863133862,0.17243970346833729,0.06044580783515016,0.0654718543874129,0.07637316410346566,0.06190780202533913,0.05741146033046518,0.05003781523838594,0.17451822475261491,0.11794523986063993,0.09200228808911876,0.04635787499071378,0.04513031896183623,0.0578933594264539,0.04867426132920642,0.06986000773184665,0.036954431581624037,0.03835988665326645,0.03835988665326645,0.1878447342751287,0.08854082780885807,0.03412216654269754,0.03496757847396963,0.04029763605417339,0.035394794463864454,0.040420852763685185,0.04066639672997788,0.1622919049398627,0.06436028707336486,0.18746873185817114,0.17555384078291444,0.09152411859653468,0.46246271373255543,0.4846948761396842,0.49681332175785203,0.42364686218230246,0.5062312136929238,0.5202730786546408,0.3826246345387625,0.5327339600610812,0.5087058866944986,0.15958227054892005,0.5087058866944986,0.26451042146701287,0.26451042146701287,0.42410224877128566,0.21248634935257066,0.17736691127787765,0.16049029535545664,0.15245604315546624,0.18100449696788415,0.151587000101433,0.16227549338327205,0.11029089936454996,0.08677004093583343,0.113711858175712,0.06792321418877398,0.03846945318127503,0.06784414628074759,0.06692239040420363,0.1208013835910668,0.07868399941448301,0.08140090560957369,0.16286804988994064,0.10594865758814427,0.16420007053125862,0.08432398762476402,0.11753272131664795,0.1276809067047015,0.11020792646776571,0.1242859556692006,0.1419819095282078,0.1484468005742437,0.1358002532175341,0.1636683623638864,0.16735024148840022,0.16774162576262802,0.1700575752258146,0.1757805376127895,0.18606163607848614,0.18873224313825732,0.1607045353592688,0.15638798738710888,0.1704137909676355,0.17047079712023677,0.17913940719322735,0.1813001581971496,0.18156393136747964,0.17370679173212408,0.18255329802082979,0.18557482707079648,0.18920075523698038,0.1860168779256385,0.15745181594685134,0.19474601969423516,0.20296074822313492,0.2013128502800481,0.20871471889387153,0.20844776421136227,0.1759771611335698,0.21226613354693896,0.2070710074212878,0.11785875416507471,0.14516849152635303,0.1573959786777954,0.20771599717761458,0.45009398338552786,0.25020581534778147,0.18241873529089464,0.19494434846132608,0.18711434513810246,0.17645887524653536,0.18071108753861512,0.2848773953871746,0.31341680702200375,0.15831563527418094,0.19311440252227313,0.19830733713142312,0.19267672139001296,0.21562364140240584,0.19634802753732858,0.23259543354766107,0.2529538925958268,0.1877953775805164,0.21422008737556728,0.2611709043958548,0.15772177102784063,0.3106601313079888,0.5893696845980364,0.438965630987939,0.3130443121572475,0.3890698700947887,0.44570919197212805,0.4675785984229175,0.45617767392962855,0.45617767392962855,0.3707144759905717,0.15854596576097493,0.44037394695338367,0.35868518845586084,0.37061856697899015,0.2064030981366971,0.32446634950812747,0.21453525915056013,0.16078374146774796,0.35309814943898366,0.40276329815977774,0.3613737192296347,0.16066753772395995,0.4602418915033034,0.4602418915033034,0.4793308825582996,0.4793308825582996,0.1796510504793311,0.4821781733642646,0.437899158508522,0.45981743903100514,0.457018317517793,0.4844590711481742,0.1537340081312301,0.4922143683959156,0.495548317521409,0.49560307332969,0.45903449462258744,0.4508319464857685,0.47358132801203756,0.47249784636425124,0.4644148923358094,0.46441491722598044,0.4099814827919386
2024-09-02 08:00:00,0.15636578967270726,0.15759884287844225,0.1617679574173912,0.5324659759539316,0.500048534772834,0.5002878542186726,0.5428657125088184,0.5725368060011303,0.5340809407538889,0.7659072066217051,0.5851424715535796,0.8383996607239846,0.4661278480384476,0.1896679950206226,0.8450964219549844,0.2588490353056509,0.5686895502283557,0.1342837679620042,0.046909519631002164,0.04599108520480597,0.049485716162327165,0.08570000112461781,0.06683997116275388,0.04570696049426686,0.18425891444561268,0.14554490958093566,0.147201753904619,0.05083339760557037,0.04216029912704668,0.05393919459395213,0.043142456143506855,0.06763447524708321,0.04063039076343685,0.042209454398714964,0.042209454398714964,0.2078410700697377,0.05122766932297246,0.050448546564592744,0.045502177726842244,0.043351408490319224,0.04908997676804607,0.05585325674104862,0.052448794868003634,0.13004010389003773,0.06731838013401448,0.17243161605422286,0.18911445964926052,0.06086837079466828,0.3974591177789004,0.4509651622142816,0.5333350207371245,0.526632119149741,0.5607418209845996,0.5256247787399055,0.6164954525276394,0.5449156851843725,0.45338384951508204,0.1647891521262306,0.45338384951508204,0.2244877324211949,0.2244877324211949,0.3506133185458599,0.2093927056723085,0.17749992305319223,0.15637251517712916,0.1441551574105602,0.18319092461624842,0.1526368311200472,0.1675279333715656,0.11651880870893389,0.08233225297664576,0.10795201556154,0.0742248296877156,0.048457905694084494,0.07441794354174032,0.0703598656170021,0.12420064528042736,0.055247390839853534,0.06296565631150706,0.16803849595560896,0.07766324567351258,0.17147531214218975,0.054834940874592834,0.06869475074299246,0.08101339439539787,0.06534572065962041,0.0780682835027102,0.09486406940482242,0.09914018292305782,0.09391779769370859,0.16861483329187482,0.13865398578596985,0.14232432225875497,0.15274384644696037,0.15902891178989464,0.18992324978725186,0.17549644778422646,0.16609924332338533,0.16133215652342384,0.1763792590034301,0.17638740881852805,0.19006724869166372,0.19596872189402229,0.19798460822385686,0.1800818765421391,0.1956256530930061,0.19660469161029445,0.20254259467035396,0.20474654248846547,0.16291733461485522,0.2195680888533315,0.24321551056183505,0.2189357074055033,0.214986642725289,0.20204827823316576,0.17564887767478227,0.20719010697812795,0.20520479350556692,0.11643215383208877,0.15306358122363534,0.16253072869650434,0.2136547455494666,0.4843877616781072,0.2895217110101939,0.18634287868678023,0.199641209667443,0.19099033007347768,0.1798441680316237,0.18611270709715164,0.3941483151771561,0.3664498150211259,0.16410540576131522,0.20045576240202556,0.20682834018415472,0.1968057763781909,0.27235098996699875,0.23711048799314308,0.3009196897713358,0.32697526528565096,0.21895134761392648,0.27650190453400664,0.35174794116852454,0.16316275979414424,0.40598675554658714,0.6758410946585911,0.34721337546681386,0.4211964913730553,0.4907426615489012,0.5093833302638893,0.5311096430843573,0.34520686463899763,0.34520686463899763,0.42799411876242427,0.16486570217550472,0.38689916674647834,0.22776624118439948,0.23909102294998882,0.18991067478512197,0.21539829306220762,0.19692307019772848,0.13007273712320816,0.23549065999334526,0.30971487263826974,0.2728390204325537,0.1666364959804612,0.40423749476859866,0.40423749476859866,0.4040809186982817,0.4040809186982817,0.16194307123536847,0.4941219515329921,0.4320504572314514,0.4626676107438614,0.47297222897944363,0.5113976900192465,0.15910694894678054,0.5390987437003454,0.534308714943392,0.5461106160684072,0.511509116787618,0.5156419059133664,0.5117777841988174,0.5049552869549737,0.5213388467693277,0.5213388467693277,0.48741292314638424
2024-09-02 09:00:00,0.1589002055417567,0.16022747048761413,0.1645062542747996,0.5416722529010785,0.5253989510763258,0.5274748521889826,0.5574760551661947,0.5493948831873335,0.550154660543197,0.7442568098118835,0.5551460966441137,0.8048634971226304,0.28462497671548903,0.19305261210400673,0.512622326640039,0.21000148835133836,0.5412981939558675,0.09013846285334319,0.043278359416658536,0.04172111747822404,0.043056537019031935,0.1254480963101598,0.09197700391867832,0.05787755094941703,0.18764498029997004,0.16577998754075207,0.17440080815182177,0.07376814954835577,0.039456381085704116,0.06865128069613996,0.042757659873497285,0.08240341604296154,0.04704323462479586,0.04552933581559625,0.04552933581559625,0.2338214600430354,0.03799457451346296,0.09216004730388395,0.08667827876239731,0.06459158872934104,0.08767819675966813,0.09073285101137936,0.08451396282261078,0.09822837887919793,0.07713332579979056,0.13818703363137938,0.19114433658378538,0.04606123887196406,0.23826811696980177,0.29455309312357775,0.45971068462359427,0.5449818313537996,0.5162917338294252,0.4073437240166745,0.7235752461319837,0.44020494068062527,0.32152469324170246,0.16764836936651406,0.32152469324170246,0.20402278798174078,0.20402278798174078,0.26695430700052547,0.19757390175400788,0.17277323776853631,0.15219935148398778,0.1372287585501225,0.17942675701615157,0.15569885968031869,0.17059926069150005,0.13260952588116479,0.10085521875785057,0.11502821504213362,0.10454600261360772,0.07975088235520693,0.09606565596400818,0.08972787309299927,0.13574481044137185,0.04765423449870646,0.0597891148390974,0.17088162301306212,0.06961342993792594,0.17569436098020444,0.046118971691150173,0.04549000277369451,0.04941981341899051,0.04564630055101825,0.047918841021903844,0.054043126997592526,0.050117179423015204,0.06223236711488541,0.17135603619910333,0.08126574931042346,0.09131966313963517,0.12088670988102829,0.12461486798687292,0.1882300990528108,0.14374474496543985,0.16899283553362032,0.16398414943782585,0.18157544077130677,0.18120241654968805,0.20416152292048015,0.21801075359209288,0.22495494849086253,0.18612789774563376,0.2106623343133196,0.2047523764838967,0.2120678516052842,0.22912114691189336,0.1658168535395038,0.24494786974822955,0.2893244433554602,0.22823233498977033,0.2108953554277646,0.1922650241183704,0.17285794021323472,0.1968225522459593,0.19758672056223783,0.124789852570965,0.16096928218100418,0.16527960072817224,0.20856050243432073,0.41229673176005277,0.2896783725342758,0.18577463848058762,0.19748928059416745,0.1892908052831512,0.1801857817337933,0.18804625142611714,0.46901467289271437,0.33834293598338677,0.1670932582566131,0.2011426629199535,0.2068510377596717,0.1947459545579521,0.33117437434564867,0.29803417076392497,0.3587959320294862,0.37386599169254553,0.2772833107811956,0.3487342993114777,0.41367963710194783,0.16612962799720854,0.4384657308942749,0.6509405887680424,0.20922823402574847,0.4643090252636972,0.49027616234579513,0.439487941846083,0.4593302925113088,0.2117899664416736,0.2117899664416736,0.3864397306055879,0.16770107934570627,0.2242746676295074,0.1852752857143959,0.1902085394462496,0.15835150979051185,0.18481943510122847,0.17078866215504232,0.07935600110807527,0.19348231642400282,0.22200299423574535,0.21101095788470178,0.1695782896438153,0.2993928903738799,0.2993928903738799,0.2550788498579391,0.2550788498579391,0.12706528771132336,0.4576702025415893,0.4021152934049824,0.4315726295632228,0.4532986861628168,0.48889514562291414,0.16187274640047378,0.5230093147596956,0.5137539421670226,0.5309831121804064,0.5051811693731281,0.5175661318298338,0.49856763742828364,0.4888015849427583,0.5177758706103833,0.5177758291267651,0.5071380065823051
2024-09-02 10:00:00,0.16931382705871376,0.17110017563875884,0.17539349108384913,0.5858160921338669,0.5815075077071838,0.5800349249366451,0.5932752317434009,0.5119529273920813,0.5699945827934486,0.8017766895800501,0.528756900704586,0.8264986877468296,0.20914325490286395,0.22400506442062096,0.23611360779466842,0.1602596174013884,0.48525754274133764,0.07750607618600727,0.060792017120865294,0.05220281915956515,0.05070530338682482,0.1756815233523057,0.15202859291208395,0.10728095383298548,0.20919256039041548,0.2079087309847914,0.22125834691429935,0.13607352328205197,0.07718386366799332,0.12408867494600173,0.08528741255915548,0.13649474911395879,0.09945376599804415,0.09610268656661893,0.09610268656661893,0.280190395387207,0.04256041580922308,0.15755671387857603,0.15441007128287235,0.12301911604862338,0.15009570130803238,0.15159159553401466,0.1474536827524962,0.10253573876898023,0.13728569754565834,0.10397399886179444,0.2183059862623815,0.06109747959768683,0.1844209457977786,0.19853188241269137,0.3114761935440772,0.5380358260481872,0.4211628887352493,0.271661270607386,0.8149853470105272,0.3152831044953834,0.2484433913934191,0.1781206107303768,0.2484433913934191,0.1960513215831306,0.1960513215831306,0.23615140079691094,0.19690924786865602,0.18093646352917428,0.1646210552521767,0.15217612642208714,0.18797923587873797,0.1722179779608059,0.1803340479861943,0.16061969909212778,0.13501793972454185,0.14408814854936935,0.1440297492569281,0.13743220021213098,0.1483916657640961,0.1426620061895816,0.1634387804962104,0.07042634695424652,0.09013523201286237,0.18065617025766653,0.09276946723479311,0.1911047447827846,0.05186771174691492,0.046486657819026396,0.05106347389559963,0.047480202902775666,0.046687730439231294,0.0451862560668922,0.04078142996744387,0.06001972998513072,0.18098393039239102,0.04861320428478993,0.07033682227864116,0.11105502646404852,0.10759586014781786,0.20459574155181692,0.1374203185565246,0.1802983564548609,0.17450864279353054,0.19740245308952972,0.19613482307728108,0.2285780466269286,0.25187587491754326,0.2658173479856089,0.20203576981783897,0.2331595819028191,0.21753354005800046,0.22636082189928838,0.2590161583714757,0.17737248331029634,0.26366978413330133,0.32029790605647435,0.23007711444603207,0.20662829605955166,0.1929127995012789,0.18434994158248103,0.20404176889628825,0.20282470062091887,0.1576312179506975,0.18818872344935714,0.17620763407807705,0.22262346550335413,0.38179089847850783,0.2778152942020401,0.1955825130243343,0.20787032956632154,0.2026914427986648,0.1879600567219342,0.19655943653235508,0.5390739865851886,0.25015658244650907,0.1790702493823934,0.2090183776956108,0.21563231330936034,0.20605795200288302,0.35917327698107676,0.3536747573790961,0.36962877839435776,0.3584607971737386,0.3487584272014708,0.39094126851881716,0.41151717959105577,0.1771354161339121,0.3806150692687902,0.5167066088477276,0.17610582478425427,0.4203931303999536,0.37586330880082175,0.25197053802533315,0.26957575359328306,0.18147613631145504,0.18147613631145504,0.24060800287990444,0.1815499808375412,0.1749095463091454,0.15291348193358434,0.16451236813812442,0.12124579323460101,0.15657558165902946,0.14588641672673477,0.05862330688378977,0.1730115224771435,0.1962114639218331,0.19548931000509728,0.1819375655726567,0.24078433804381286,0.24078433804381286,0.19993942355382827,0.19993942355382827,0.09692317704096905,0.43750972995936027,0.3988196644235611,0.4257984272572167,0.4580716644500885,0.4961244097502933,0.173523485836979,0.538934222246022,0.5245408464993293,0.5472733840006266,0.5383021193348433,0.5609726145948087,0.5164810455392825,0.5048995726260183,0.5544478512416963,0.5544478346482489,0.5612913116166394
2024-09-02 11:00:00,0.16791084386692195,0.16956172955234686,0.17374546438520005,0.4877519011792012,0.4918169692229194,0.49112376086267795,0.48925361257102745,0.3763465565650273,0.46892008558593373,0.635297639611443,0.4016245974355857,0.6341386945452352,0.17001195220419868,0.24178100951344048,0.17414601283415795,0.09230231602113559,0.3452673462574373,0.07037826514101371,0.0991765575760446,0.08148265434547565,0.07589450318338258,0.18038949236477228,0.16547939431361686,0.1421412223603695,0.21388681864743403,0.20010035971947493,0.21030245148976087,0.15630217569591784,0.11944389999531795,0.14679911080314528,0.12516901276373207,0.15375769314178073,0.13901427333404945,0.1367703580394839,0.1367703580394839,0.2810240749206279,0.06094730899199698,0.17083251754990528,0.16953486696694817,0.14918106090164898,0.1660775411333108,0.1662268453306138,0.1638770809126907,0.10926311778544134,0.1537325858049979,0.07009157360829836,0.20358683229433266,0.09473222310704997,0.15613436112611925,0.16715600312791806,0.19086012797864393,0.425591592707448,0.27048932214343907,0.19058198307719998,0.6458222888429267,0.21374044004409737,0.1972480314253223,0.1767476520906876,0.1972480314253223,0.1720930255450973,0.1720930255450973,0.2026927259246117,0.1781797143589409,0.17376210660999658,0.16367622108694493,0.15409215207759677,0.17909222780017528,0.17178016981701155,0.18051712968117792,0.16794506747262494,0.1519035256360296,0.15526612597479234,0.15990949509072927,0.15794483238330773,0.1614285993199704,0.1577470923836907,0.1679577490665378,0.10516702529372196,0.12281869628939912,0.17999194691388043,0.12199367816650197,0.18820834787340793,0.0735440587149863,0.04631120198982596,0.051921166765453,0.06001558835435486,0.057717909335535944,0.04443179222729598,0.029634803576050573,0.0714479282620767,0.18048679070031573,0.031190188129840295,0.05612064422431939,0.10889850420256322,0.09249170873351145,0.19316656500922522,0.12867112262231567,0.17866162780350564,0.1729707317720551,0.20943053863365219,0.20568656846011302,0.23412907815699302,0.260714403341215,0.2784698196877168,0.20667335896328645,0.2319479809280465,0.20987026727646083,0.21545591233137049,0.2558096780982002,0.17551341956575933,0.24373531501661916,0.28319413752446965,0.21052304495615515,0.1929397995582045,0.18468092079285114,0.1791485654246765,0.19163438300346342,0.192063883281649,0.16542892899992956,0.18543914024266325,0.17455835142663437,0.2051234172444934,0.2682228170775716,0.21275920041064206,0.18775699376699476,0.19656715752586873,0.19214380533576575,0.18274752422142526,0.19072228332989122,0.4414584552903744,0.17935250698323235,0.17701988600300286,0.19850363890119413,0.20215720080872293,0.19505814252020645,0.29593379474957127,0.3397261713855368,0.27798371961154916,0.24063066303931785,0.365280780019871,0.33963620766627434,0.2821788427903274,0.17562462056167452,0.21135181892534938,0.18856127598901348,0.12023944145087606,0.24395382125520998,0.19211251153606637,0.16927271514698614,0.17191368803027865,0.14592605286961222,0.14592605286961222,0.1677250998029772,0.1781597566228466,0.1343045286765628,0.11044135672644503,0.1309339893913353,0.08054943014478534,0.12363665335014812,0.12098661865679296,0.05488750670540252,0.1467646822160208,0.1756856439384968,0.17772737366906569,0.17953900565380346,0.20058032983544477,0.20058032983544477,0.1705932746545333,0.1705932746545333,0.0841551013109809,0.37255611802631533,0.3562205362099748,0.3722879670055207,0.38850293326442015,0.41771248436585723,0.17163622119401056,0.4462036862881412,0.43592646806820173,0.45265268585670054,0.44337695036024055,0.46405200520844975,0.433370388744993,0.42209607345800665,0.4598487256050963,0.4598487256050963,0.47705425647901534
2024-09-02 12:00:00,0.16998930405018592,0.17173017066155372,0.17598443770898456,0.4566855526460158,0.46549443487422104,0.46453969307550985,0.45446113390169374,0.3028748086794538,0.4248537823592585,0.605533238745526,0.34804555025526185,0.5998426444696608,0.15841868341801799,0.3081490145764333,0.1585242477192313,0.08957284460132012,0.2626620306584747,0.114301386440585,0.14252498827834587,0.13466730910028463,0.12983190300072853,0.19049685426669574,0.18157963749184863,0.1680853819544449,0.24063070711084725,0.2043319597992714,0.2130457493540199,0.17654947380898053,0.15553217363238633,0.16976687336172613,0.15891037466802585,0.17373234610962796,0.16641418335500527,0.1658343575582442,0.1658343575582442,0.2601246001456046,0.11523930952547128,0.18392066275562408,0.18394630235813197,0.17108885767886314,0.18085390550844216,0.18143882631910024,0.18087888784346445,0.1442566951814341,0.17985963066650826,0.0761812291494322,0.21435859224573317,0.13395717853730477,0.14131461480582583,0.15560649119956937,0.1710278399133644,0.3285489483655436,0.20339115735496424,0.17768604178730305,0.6162521575631744,0.1906615969293131,0.19302329799317147,0.17970495045995488,0.19302329799317147,0.1748755899470581,0.1748755899470581,0.20938116173381735,0.1842981844884381,0.18358477769681986,0.1750762392292382,0.16991776916625587,0.19293937266808767,0.18330025446366593,0.18693491494766565,0.18033993072567497,0.1701057850070464,0.17227919805542477,0.17511756135110204,0.17497553739061322,0.1781916397015256,0.17663994060670377,0.18055982470661142,0.14472022897433134,0.15508321826298146,0.18445297164517363,0.15236831869415327,0.21399072944492512,0.12775774869073597,0.0995869539762009,0.1024399640114954,0.1137060470636542,0.1080328111100226,0.08313406254473714,0.05194157521512478,0.11732648509497245,0.18468383660830232,0.04685833793862456,0.08068640199518524,0.13321940215221864,0.12185117375503263,0.18945028439555972,0.15245522631295086,0.18197773208509696,0.1750364038059706,0.22604602661496162,0.21973681096872497,0.22919000813574297,0.24698138958049498,0.2599880546465711,0.21080965445560815,0.22168558977756656,0.20236117301978157,0.20521540889140508,0.23204799666956336,0.17819881781968938,0.20997495160530658,0.21103374670712166,0.19342508288689111,0.18553935242109248,0.18253059979430591,0.18144397066196866,0.18924200565425378,0.18892436535377932,0.17828062779284526,0.1902121473605332,0.17683894055621305,0.1998039286894391,0.23723329680649322,0.1895807730259259,0.18479967167715491,0.19219976898361962,0.18853852963140239,0.1806623006051836,0.1876984713076452,0.3283634014747045,0.15924253287464563,0.18018896698916065,0.1931441402906556,0.1957127865477173,0.19091567286541733,0.19567910078179337,0.25511345145727954,0.18094080304063254,0.1716805635435875,0.31297606351057644,0.21466687751709798,0.17617725271479456,0.17857300502831114,0.16443568275950476,0.15742686201829748,0.06204432619140822,0.1688586547261507,0.15916168279945067,0.1404975343059182,0.14706704543693322,0.12867933585100333,0.12867933585100333,0.13739615665478624,0.18072268467650054,0.09073166142538401,0.07849261320066483,0.11760933971316015,0.07999656469746505,0.11275972858684342,0.12472447841047395,0.09297970024047,0.14246625131830104,0.17510469790130126,0.1793439400919107,0.1831420824616487,0.19841322613607423,0.19841322613607423,0.16450880872295812,0.16450880872295812,0.11197649641518542,0.353422910808543,0.34110911560295815,0.3536760347985228,0.3481200648979336,0.3854211321032609,0.17399139924749418,0.41278080907392917,0.40372904249090064,0.42103337983044603,0.40309487158207924,0.4279362791585205,0.39796471848337106,0.38341208232334617,0.42353316449895984,0.42353313960878886,0.4497543312431714
2024-09-02 13:00:00,0.17246372056452564,0.17431931114113164,0.17890573815312225,0.4219666325911045,0.4336699450222034,0.43314364593290305,0.4179924121020485,0.2583981646440702,0.3780873238716245,0.5764743137923376,0.3142306635508298,0.5649246811926151,0.1538752511316634,0.37950335478811803,0.15157830043340606,0.11601120928649848,0.21954210602919647,0.15012429956883308,0.16817565784625013,0.16331452251809686,0.16056615647543826,0.19749096123197016,0.19076072917727238,0.1823530048633558,0.263269905709066,0.20560109185995684,0.21010397022739244,0.18749694801132685,0.1756384520253119,0.18245189732009898,0.17783700193707308,0.185018361457228,0.18073548741588483,0.18105189872859515,0.18105189872859515,0.21398314420100953,0.15067984532917397,0.19275125625771056,0.1944845731840923,0.1834127557800519,0.19272740144895834,0.1941241886071878,0.19313973739678814,0.17036168862479434,0.19523110523767076,0.10884720810073222,0.2400563275795039,0.15973614984005222,0.1344809462488657,0.15002098421573418,0.163119682487381,0.2364085620802478,0.1836961573100405,0.17440716882238644,0.5939642675601584,0.1860147162371431,0.19886879872332053,0.18432420041002856,0.19886879872332053,0.1811410559690114,0.1811410559690114,0.22797176707050554,0.2012822927371741,0.20547480425954617,0.18879194388259793,0.18169666305522286,0.2191853618487049,0.20515496158236077,0.19680808703415734,0.19855264442986673,0.18257426808893673,0.18486705416474283,0.18892328220585186,0.18709832616911945,0.19131171789183274,0.189290599351198,0.19767979809825253,0.16892786903305185,0.17426838774268513,0.1908697802491818,0.17140753035909687,0.23130746944802402,0.1597593225709909,0.14195070636672477,0.14353716942299052,0.15032690502582055,0.1450690038368298,0.1327581187279732,0.10700758664922093,0.14957760260868663,0.1900639585848921,0.09334876130521963,0.1241700482762088,0.15780701382669812,0.1483641029541273,0.18701982850996093,0.17184532856089688,0.18741222271208344,0.17760431976953472,0.23107117246502598,0.2243248366611959,0.21070377724873907,0.21098183852764257,0.21069084329050417,0.20737321052912963,0.20339813789616568,0.19415109212123058,0.19513776966953816,0.19835999744502125,0.18221263676142793,0.18374276472486148,0.17356531508813786,0.18254787959800733,0.18145900743891138,0.18183615121890837,0.18430514311374524,0.18873593385958673,0.1872794127597336,0.1864333668119644,0.193769651215323,0.1799217609228119,0.1966714970187459,0.2270337828050721,0.1802421412828004,0.182615901129286,0.18920412876486498,0.1861138171386834,0.1789161333200981,0.184855284449688,0.22602434770711535,0.13297243070784817,0.1856237209268426,0.18916657630007627,0.19133946793825354,0.1880354416646147,0.1647003733157413,0.17591149596892056,0.1571851414742847,0.14789303319591504,0.1946550596493809,0.16532833165761412,0.1498466177551537,0.18329593556287047,0.13053196472416145,0.11680999681978865,0.03009949805282294,0.13820001715181726,0.12434415690415004,0.09992809960155566,0.11458229556070193,0.12278467998235508,0.12278467998235508,0.08824258557595746,0.18484314049005857,0.04738195389242664,0.07500566076362161,0.11934936043056832,0.10703472523677665,0.11816091129581435,0.13943478802855547,0.13061115406218157,0.14757398834765617,0.17930479092661084,0.188060277313836,0.18965521807865354,0.20814380758192141,0.20814380758192141,0.16422007439572547,0.16422007439572547,0.1387997547272341,0.3358859987418675,0.3160131026706702,0.3278693309519235,0.30003649159971624,0.34658096861044574,0.17690247603487586,0.37433961695377277,0.36691029607511877,0.3869976071493047,0.35637709771232673,0.3854327970756229,0.3560439539156885,0.3376205284850748,0.3811552855458046,0.3811552855458046,0.4158479736503117
2024-09-02 14:00:00,0.17310813155900528,0.17509544596989388,0.18058819008979804,0.3739915537596291,0.3878157272481361,0.3904336243410671,0.37594080998328455,0.23961373554340534,0.3359841571886466,0.5206980328708752,0.29406632921423437,0.519758871949669,0.15571771660979922,0.3980826182745136,0.15281888461461665,0.1408419039599132,0.20491226836556953,0.16994288228142845,0.178355094760092,0.1755131126268947,0.17426638653431542,0.19412025176952782,0.19192893308674053,0.1867931344773902,0.25470800635520413,0.19615949459918086,0.19780576948934808,0.19038071902350234,0.18286158643490874,0.1863624085815441,0.18428204315147406,0.18797049768382332,0.18643268799341184,0.18819597522207665,0.18819597522207665,0.18205441622508192,0.16835064476987105,0.19198700912951774,0.1950860610114181,0.19229840314253763,0.19522045820141534,0.1980198882803665,0.19849712999018865,0.1822905999036633,0.21930421853364485,0.1367397414346452,0.261994337031707,0.172493908273333,0.13799689759035072,0.1516059870119061,0.15973046059745055,0.19518823862842558,0.17883680580367678,0.174450397236639,0.5576800478482136,0.1882520440104778,0.21216632697240687,0.1884142217740924,0.21216632697240687,0.1932586433692854,0.1932586433692854,0.24518831104971414,0.2227990699350909,0.22152999764133896,0.2068969270234491,0.19642154757695904,0.22855590705752457,0.21509512142039447,0.20424946832118696,0.20500677960325495,0.1956764871000884,0.19893386764300755,0.19795858005116912,0.1939761069510323,0.20058930316544712,0.19937701099173705,0.20777422064160914,0.17937993698177376,0.18355509690907257,0.19499108358247744,0.18122744844503738,0.2190677545730031,0.17423525184961022,0.1643514071963751,0.16528804738296682,0.16875815774559016,0.16514794231846322,0.15828976739868428,0.14315410301638726,0.16730300233206924,0.19252082334637044,0.13158672825138043,0.15067350383123507,0.17122867865093874,0.1650033894800204,0.18117717815156156,0.18287681959677002,0.19204655446297345,0.1786719582158666,0.21688981107935706,0.2129527555689791,0.19035695200281832,0.18224546916668566,0.17739600315434548,0.1969792610506562,0.18692587748393322,0.18613724469994702,0.18620873215001343,0.17818076418641957,0.18579964689370185,0.1723370241682444,0.15831491980535548,0.17633290180504554,0.1782815910367846,0.17975624804661575,0.18321521361228343,0.18525805216681293,0.18330883767081824,0.1876514271080429,0.18937687166676284,0.18189310604280606,0.18982214538554074,0.2139250188234394,0.1709745756087604,0.17820472444555782,0.1837465074219188,0.1807028566313,0.17544938785586817,0.18051890252496247,0.18845187706338107,0.105254802381921,0.19185635438164284,0.1839338208353277,0.18565985740723875,0.18264635726699527,0.14024222235499406,0.1543707048693884,0.12590892517199495,0.11121940607055117,0.16103833881303373,0.1360881790114038,0.10741292199101235,0.18850147531713102,0.07178125175665163,0.06039130427435387,0.02637433061147295,0.08892184008890776,0.07230274705443618,0.056539059300771036,0.07813094126087856,0.1298025540239984,0.1298025540239984,0.03407371093132254,0.1885122154455346,0.035548414357261554,0.09925716818973164,0.13279243343286604,0.13298744785676023,0.13410848136660933,0.15511262546688026,0.1555025135572258,0.15710222128122184,0.19017510669181079,0.2056915220900098,0.19625807000481443,0.22463867329347062,0.22463867329347062,0.1674371461956359,0.1674371461956359,0.15869235991730568,0.30896765409783994,0.2764972241152734,0.288404968022775,0.24884164034809944,0.29636619598063074,0.1782257071008733,0.32333079937833986,0.31778024611621764,0.3411083895482373,0.298953069909006,0.3286971062711412,0.30306609809402274,0.2829230535901548,0.3253153466559704,0.3253153466559704,0.36644622906790064
2024-09-02 15:00:00,0.17476420505325757,0.17707592722338558,0.18362997046584273,0.3289737079064595,0.34491867855124897,0.3513657668040567,0.341684538087322,0.23861998689984207,0.3094753335862582,0.4671618438778037,0.2845104060718238,0.4981346230285198,0.16343131365168118,0.3630985887994241,0.1623954342742441,0.16291735312515368,0.206271296641476,0.18308554744585992,0.18570885278239938,0.18375558741502435,0.18326519238985806,0.18960110049317325,0.1902696133084766,0.18948462856159576,0.2203355691683286,0.19070013078600528,0.19169362999205955,0.1903106674306242,0.1887817924321392,0.1882731915114619,0.18952026906254785,0.18904713915926136,0.18918697415014132,0.1921084843669441,0.1921084843669441,0.17125465578924548,0.1783520529125439,0.18723388860126783,0.18960087808175702,0.19252260455051926,0.18916757323558483,0.19194117849166004,0.1939463106575164,0.20724750105805118,0.2320748484201297,0.1574243493855775,0.26514840040762655,0.18278629098766688,0.14891140759889798,0.15900648551457727,0.16227204508103896,0.184850944653252,0.1812950597560242,0.1797979069029601,0.5238868515879775,0.1993820069990075,0.2297083717621812,0.19235208327022957,0.2297083717621812,0.21282628660777314,0.21282628660777314,0.24962513600487188,0.22943699520896113,0.21583501250034423,0.20971303524920903,0.2060255518247813,0.2160095530681836,0.2048871821104981,0.2052769737044972,0.19530494276341395,0.19691470875330863,0.20094315761638104,0.1927188430293284,0.18971604730283925,0.19710461882809738,0.1983821311348181,0.20060891123155591,0.1892354501224791,0.1935570637380443,0.1959013467670495,0.19250088809277652,0.198745778286673,0.18362662256469472,0.17653480572617092,0.17751738559732488,0.1792984222992835,0.17642847702011616,0.17253653287760107,0.1638842174503671,0.17810583657820958,0.19224488273326595,0.1561361778570907,0.16767284909876323,0.18047874306410094,0.17658946025389857,0.17804863134439647,0.21679664011250538,0.19574419925951153,0.18084144641506314,0.19554510153883986,0.19548343817585434,0.17916554136341384,0.1715269013309247,0.1663173250492581,0.18755093956865077,0.17861478410657228,0.18158844957799228,0.18161036903824165,0.17052537633113887,0.19090239331446532,0.16697814266690442,0.14228004006729683,0.17378430936058017,0.17677999532392571,0.1783787774183783,0.18194335093065694,0.18349134157947444,0.18086060101465445,0.18725226814295876,0.18557044036881867,0.1850450406502505,0.1863453182275781,0.21132462449451989,0.16759629873879886,0.17560803366288946,0.18067098224092693,0.17771449491908767,0.1732559497035012,0.17777284965436718,0.18014154450378314,0.090824633692194,0.19957375895657437,0.1808634379466061,0.18256302157197618,0.179622293358182,0.10903715913651105,0.12545672372932054,0.07934832231228531,0.06380809524433734,0.1316372044796845,0.09224910782194244,0.04984633526638087,0.19514378876865204,0.0296869467923598,0.03189062264687405,0.037531985856093866,0.035869540024075906,0.04150726250555775,0.04346045649596315,0.06954532036609896,0.1445714577890245,0.1445714577890245,0.023883561939596135,0.19490231741843436,0.0491882040775428,0.1260487647011363,0.14976077597391727,0.1541770537293109,0.1517002317696296,0.16760881997686403,0.1700390845127332,0.16710071924252476,0.20887669013392876,0.22366179680632978,0.20217284914619638,0.23862121891705226,0.23862121891705226,0.17365280074350928,0.17365280074350928,0.17158450594204133,0.2751659840557142,0.23565968113939426,0.24654228221575455,0.21164100007060374,0.24988837736370098,0.18143007093766592,0.2747907594343987,0.270257176273828,0.2954630657081058,0.2514045962183704,0.2782931089939022,0.25515122077735125,0.2374439003397345,0.27504496316290794,0.2750449527920033,0.3190722447717016
2024-09-02 16:00:00,0.17664373564195143,0.1793582023311935,0.1859713948194124,0.2840569073591677,0.30108492498165634,0.3111872202970158,0.30794218644752,0.2425932928456641,0.28996166859588157,0.3992018662019123,0.27272409808208853,0.47838348551079546,0.17214501981370262,0.28218277096486877,0.17379441343007423,0.17847789792314858,0.21502592131833445,0.2053485898737898,0.18885958527064506,0.18832802093087259,0.18919608629477927,0.18626832594396725,0.18724848995162138,0.1878295201859909,0.18910415278124926,0.18757550506120219,0.18830782218152642,0.1874841012496227,0.18911493966855092,0.18645300611526233,0.1896163316743938,0.18712145809102698,0.1866548024727125,0.18893856463574243,0.18893856463574243,0.16426262248548285,0.1859730642825961,0.18329156076632963,0.18478274139179027,0.18637900497666154,0.18331050767960652,0.18538208776668885,0.18752357951831178,0.2379896414104727,0.21624453776000424,0.17004085292454132,0.23517938441786043,0.1886060270548373,0.16080550165478713,0.16760500176870113,0.1679806056838593,0.18520351998154932,0.18972250346520395,0.19145932758074202,0.4671227509178203,0.21432939155161662,0.23613354456473176,0.19268151624230118,0.23613354456473176,0.21973566721404536,0.21973566721404536,0.23622426782664158,0.21704714818764798,0.1993569522462567,0.19805194831449094,0.19970161153258043,0.19762018234848572,0.19033688346267275,0.19791240744181476,0.184403480657112,0.18837125138055869,0.19192664161766043,0.18384189363232908,0.18281347306379006,0.18889854932479672,0.19078909349321857,0.18924993160939502,0.19296852072987447,0.19385801971532596,0.19219098822682365,0.1939356395496051,0.18557626246388148,0.1904145363273514,0.18523272052254458,0.18541897734543633,0.18781897890262012,0.18567258527675443,0.18223160512736736,0.17503070867608922,0.18799631264598082,0.18878892301779204,0.16994063118680425,0.17760490457077585,0.18697955853304427,0.1842172002800538,0.1760556153738253,0.24606109418254452,0.1949212726222121,0.18261814288502523,0.18087108467950053,0.1824702286951372,0.17432630715943073,0.16598757047978485,0.15792781143518134,0.18139821435940812,0.1750526223476721,0.17910128441240705,0.17939882680667732,0.16641399265782408,0.19357813037554428,0.16427070388117504,0.12972990522895922,0.17305279023505987,0.17581323075391278,0.1769348836086429,0.18010803054987973,0.18206860382137444,0.17897936788846833,0.1850534717802423,0.18272369572199065,0.18704643477078264,0.184368357332343,0.21252071750164075,0.16867059936624607,0.17377347032309967,0.17867198830321165,0.17573052988896395,0.17160038899365854,0.17586086898673842,0.17805592797240527,0.09609141838323655,0.20224638167732373,0.17882378527342993,0.180621544807819,0.17764901198246247,0.07489733121079949,0.09195191297271886,0.051404438841306375,0.040431062390792576,0.09053529707625307,0.044087390235146164,0.025195564323870302,0.19796420426536201,0.02430214508861516,0.02931521107131342,0.07653621229796298,0.024475826327457206,0.03650285793193321,0.05576688218756855,0.08920355254579278,0.15909823440389717,0.15909823440389717,0.02436383841167792,0.1990987956542202,0.08935576082220044,0.14880465437257678,0.16356435158076776,0.16778224811256834,0.16510727368601022,0.17774362598297194,0.18000829010961014,0.1763972360575175,0.22012754416658417,0.2255817342557444,0.20158147969869125,0.2373307653276817,0.2373307653276817,0.1840285187517195,0.1840285187517195,0.18223612353462468,0.23837354579352746,0.20446732284069138,0.21219893913003443,0.19118840025470255,0.21476781745230128,0.18511706253311802,0.23387842585959157,0.23021823995715368,0.25215376935282485,0.21780835843598612,0.23748997220234214,0.21868708335253753,0.20694270504779486,0.23437897699467158,0.23437896454958607,0.2734070955671249
2024-09-02 17:00:00,0.177260933978748,0.18011144224795325,0.18516081133399034,0.2417274090414416,0.2570017985788976,0.2685468196206206,0.2702974203083904,0.2399555858358088,0.26801424030858173,0.31733291116793705,0.25136963658983874,0.4338164661850734,0.1803982585815079,0.21202415601165095,0.1854888877638423,0.19756860059288292,0.22184782132046593,0.21530278967410174,0.1852554262195294,0.18526661638546507,0.18660847174779516,0.18133397250319117,0.18255442751596185,0.183161195774322,0.17592197207664143,0.18195524330331864,0.1820931855368478,0.18279119374525815,0.1844688771086964,0.1820944663049027,0.18508333227376064,0.1828068886598572,0.18179885196230738,0.18325114916701946,0.18325114916701946,0.15924777384708566,0.18550493676866636,0.17881978447725658,0.17999677699198913,0.18027373734091398,0.17838465992030586,0.18003371718622943,0.18191088729222457,0.2282932311848288,0.19842551463103755,0.17875845076532768,0.19673170631079975,0.18464905074347124,0.16985065443061126,0.17535041183372574,0.17442158858723614,0.19033608990986478,0.20084390457973164,0.20388777003758768,0.4040229156328905,0.22061129455913037,0.22514403889012555,0.18825616394673966,0.22514403889012555,0.20912291562914717,0.20912291562914717,0.2133864926719095,0.1987720247004978,0.18585885669896823,0.18580359009434247,0.1884605880078462,0.18479817051823935,0.18074621637356356,0.18696703814936888,0.177547964569474,0.18034627964324268,0.18299505308489283,0.17749274313014266,0.1773974287804954,0.1821885995017159,0.18375972356020367,0.1813184541300573,0.18784726502398227,0.18702981695138104,0.18561152526209546,0.1868814253570759,0.17866620050865148,0.18833440032584353,0.1875023659710457,0.187540294549633,0.1881522136918272,0.18736737322792654,0.18700299228544148,0.18109664447221538,0.18897048841791073,0.18346519551354343,0.17666755084978505,0.1821498327237623,0.18820280784039564,0.18678323267917182,0.17261262660720286,0.23136305391966125,0.1891688785415344,0.18206832174988752,0.17373389629455227,0.1754642818544718,0.17169211777029147,0.1623209688733814,0.1519169167860644,0.17735111318826738,0.1730287987793935,0.17681881129257954,0.17737019050880126,0.16419440914704322,0.19068925040121737,0.1636231517296909,0.12544416119562327,0.17264804647760368,0.17425029818970114,0.174505602139515,0.17673650649324474,0.17903059076347821,0.17604184706840226,0.18078674305662995,0.17822077054925206,0.18561104116942187,0.18078164387442192,0.2084314564472771,0.17060748291103528,0.170943692046021,0.1755718296571775,0.17242974217230672,0.16920924801102546,0.1734438543573729,0.17713709797881447,0.11441708166710161,0.1961381068815378,0.17612808915945588,0.17784293477962254,0.1745540927646106,0.06599432985798134,0.06318243512120686,0.04532033773021632,0.04126078577705277,0.04874265436171984,0.027191613063869656,0.024635426274100935,0.19352071202473506,0.02482469037834233,0.046790089832336075,0.12372203096382318,0.024954306256231552,0.05473203484781398,0.09261760902352835,0.1150484132646336,0.1693590127058315,0.1693590127058315,0.041058384801285985,0.19618722990792176,0.12480131769370695,0.1635038740126254,0.17272482724683316,0.17667162834853922,0.174097501630857,0.18803946113319892,0.1861812103715552,0.1875898645655433,0.21419705529392963,0.21144218294478506,0.19353720708357516,0.22072243543936515,0.22072243543936515,0.19653835543040055,0.19653835543040055,0.1896485601697238,0.20749706610997343,0.18664245864349316,0.19092965281441215,0.18135105128883608,0.19350351748335062,0.18623587933291277,0.20515320578197307,0.20260285558627378,0.21699753576654782,0.19724078411226673,0.2085925069507524,0.19593753575433617,0.18993808577127927,0.20612842153003008,0.20612842153003008,0.23313790704938253
2024-09-02 18:00:00,0.17723715652574024,0.179778217309701,0.18248554120930818,0.21174957410178238,0.2225257592930343,0.23208355974034658,0.23565732298671743,0.2282092983722854,0.24313594628716864,0.2516995746199303,0.22597487020446633,0.3653471109248139,0.18990302293779038,0.18688523211940303,0.21343973430121954,0.22685347664970607,0.2202420486685853,0.20467860218850545,0.18125560695573273,0.18111726106556417,0.1821964765962185,0.17712954209939463,0.17869896893599838,0.17936730057248806,0.1685582113504469,0.17722882822437921,0.17697493133415207,0.17904836071282598,0.18053726439745843,0.17852644817191604,0.181286708448614,0.1792735881759664,0.17809026197770872,0.1792296237832523,0.1792296237832523,0.15806322978127932,0.18133606055918966,0.1751138137514745,0.17623127727195792,0.17628082865062908,0.1746857212550928,0.17626140311692348,0.17806420949636054,0.20587510619381685,0.19051529925929658,0.18417611608708975,0.18073357682438895,0.17909335872997778,0.1778341374462768,0.18440421317057523,0.1828407718183172,0.1978198124766272,0.20728218755574157,0.20731699179889626,0.36334008404643225,0.21419486548189084,0.20749564314809638,0.18268998246201082,0.20749564314809638,0.19495520658766718,0.19495520658766718,0.19556638871488416,0.18702376354262967,0.17908587407948304,0.17910407299791356,0.18152255331031503,0.1786915653073964,0.1759180715984015,0.1789685640686344,0.1735529123104808,0.17570822479868853,0.17800422229649918,0.17356545064573906,0.17367757558010685,0.17817973923633992,0.1796018792247631,0.1770184063450455,0.18279279885410635,0.18185231128932086,0.1800530574020216,0.18108971007911176,0.17482752258692605,0.18409406808778375,0.18478029134118604,0.18573978037666652,0.18426643726985728,0.18355845162022558,0.18510085981647217,0.18249568800982383,0.18428665835745658,0.1790557961352833,0.17978302589581105,0.1832514430631155,0.18681880382121813,0.18642713594885063,0.16962285115534426,0.20547437041351893,0.18292203886898978,0.1802627565169462,0.17013027806052985,0.17198802001294644,0.1706059477651862,0.16138000048621207,0.1502962668771228,0.17500813987167316,0.17222977242061027,0.17503851930181313,0.17584569616459914,0.16425625832064575,0.18507717406404345,0.16479385663487933,0.13031839446731877,0.17239646013593005,0.17254855089886983,0.17211476100876924,0.1736060503690728,0.17623308718290026,0.17336528569901774,0.17709593857689304,0.1742596430840479,0.1824234589790625,0.17772192855569138,0.20394673100344538,0.1732439921402672,0.1683629756641256,0.17282225864433803,0.16950740437988282,0.16696972297437088,0.17128604721413213,0.17802380669557785,0.13504626345501322,0.18675430224800818,0.17377399831560422,0.1754519906883896,0.17179675803368774,0.07590428966525846,0.061538808437973325,0.06115486274550996,0.06324891183208063,0.03545567459410942,0.030820189337235928,0.03211141295757058,0.18589908246218884,0.04694437984725006,0.08305587837060888,0.14975282730114522,0.043665995556176514,0.09514433304170351,0.12516260486900282,0.13929776049760603,0.17735294560911116,0.17735294560911116,0.08932118741055009,0.1892144430573706,0.1487716675271692,0.1722260439132502,0.18093847129933255,0.1834031946534606,0.1822816204097156,0.19033186617146522,0.1846468425346444,0.1928695130241313,0.19950683781844217,0.1945410284253804,0.18464979298071552,0.2012502924845466,0.2012502924845466,0.20072915485128776,0.20072915485128776,0.1878953518286528,0.18926344568644593,0.17872277144957494,0.18111492368094131,0.1767868034130009,0.1837970646253175,0.18477816199829758,0.1904495513053707,0.1887372981088086,0.19635225494572126,0.1877310816325303,0.19356029467781222,0.18526048297007064,0.18242292326134446,0.19168193005943068,0.19168193005943068,0.20644796888316774
2024-09-02 19:00:00,0.17509063989392884,0.17698519292997403,0.17784195037579756,0.19101149216706587,0.1969650268985488,0.20296964699711925,0.2058774080621127,0.20837488853982675,0.21557859430300017,0.20797996956989648,0.20098804809641763,0.28048896600300305,0.19088737497887506,0.176898041782937,0.23111522608869897,0.2217613483882276,0.20747449733255863,0.18820652922815717,0.17469288933145638,0.17467600201367373,0.17557193581413721,0.16938956060672092,0.17132541127292228,0.17246394161291137,0.1609875245714348,0.16852561434074012,0.1674856902740096,0.17183456349944173,0.17378973204087003,0.17177197213119588,0.1743289342285145,0.1722623108593182,0.17156081145229712,0.1725607969450503,0.1725607969450503,0.15821335217072768,0.17508427814988767,0.16823443597560106,0.16925262811501443,0.17019324586959672,0.16829448366684452,0.16961495230481483,0.1711060180513238,0.18751665352127034,0.18100963606546025,0.1810657600897381,0.16824869321595182,0.1731620963407226,0.1828397542139867,0.1878936194762976,0.18808677293038883,0.20005992072521803,0.20203464973918714,0.19819210711180796,0.32697066061009417,0.19844877067421118,0.1899123097971203,0.17688251085724838,0.1899123097971203,0.18249642324323453,0.18249642324323453,0.18255493419908458,0.17807334613444237,0.17278076450421215,0.1728123817124484,0.17468601172241796,0.17246104602966864,0.17023167015622592,0.17325796296915266,0.16809937535926334,0.1701035884080528,0.17194951500799938,0.168112761275451,0.16796651682438346,0.17156335991382532,0.17275336319653822,0.17088607270319717,0.17589638787437867,0.17507564187460117,0.1750811125421876,0.1745046776239535,0.1689530681423037,0.17705383185883009,0.17800554105675184,0.1789646051739274,0.17734354805038757,0.17682077411907385,0.1784196643986938,0.17772524066562448,0.17714232149508177,0.17475220634403657,0.1768625522227562,0.1783758050699435,0.1798191556456427,0.18002668912701267,0.1642540717759684,0.18625921872862825,0.17687084182197563,0.1765537948750462,0.167166336800642,0.16906027894804448,0.16927839340397785,0.16150741142684474,0.15164316630095692,0.17231554091744183,0.17071638807383796,0.17207372271336188,0.17289647083173112,0.16456756714345522,0.17834990008995721,0.16567231585685666,0.13926720965500475,0.1709020910791293,0.16971941570842033,0.16835821598451442,0.1684417491854872,0.17118277587986538,0.16888088261120154,0.17053780190155032,0.1674994400173341,0.17758350224350025,0.17183529017476076,0.1921926128533953,0.17255332423484776,0.16411615763046775,0.1680867431220816,0.16447848918831048,0.16341167963688102,0.16782027203975042,0.17629337572431916,0.14969619514053828,0.1779547160652973,0.1698715057173129,0.17125141737330749,0.16703284653153042,0.1047759029376255,0.07678829120282492,0.09581657034894753,0.1012997416514212,0.04380488024593144,0.05526757923015596,0.06680557315689077,0.17807007853481616,0.09388532596747438,0.12433806480455763,0.16272253497621947,0.08931973212552984,0.12654465169100326,0.14707575538163042,0.15528521162852282,0.18204425429221777,0.18204425429221777,0.1251363041208306,0.18064033416213324,0.16178760128149525,0.1770548894371735,0.18347339017083195,0.18184366686456765,0.18356529518882245,0.18344690229996471,0.178039987113301,0.18723560334919673,0.18497153241020628,0.1814288584493751,0.1769686601740602,0.1854494440043681,0.1854494440043681,0.19284967414777257,0.19284967414777257,0.18024074256858438,0.17845777141372207,0.17261852793393506,0.1742371604150147,0.1712190593261132,0.17629851083786233,0.18005648268592755,0.18036532676984923,0.17926553439939938,0.18311613296586152,0.17929920652613388,0.18253734440753475,0.17725710980868067,0.17549966611462547,0.18130169834340465,0.1813017045659474,0.1884280711665318
2024-09-02 20:00:00,0.1752290891573078,0.1766144263672743,0.17653399205470374,0.1900129877309548,0.1928212970850278,0.19567020840606772,0.19787060522642047,0.2004337278120314,0.20370210680955986,0.2038720595866251,0.19425019616520092,0.24098888915488742,0.19416889778821483,0.17866664547583505,0.23977083923081613,0.2181323659870686,0.20122193269000235,0.1929251309233939,0.17776984617664351,0.17751106092870242,0.17871451849613554,0.17107536341413315,0.17327877031370564,0.17426358096014766,0.16169401729805075,0.1701741807123246,0.16968373338668555,0.17387821318637053,0.17611574793752982,0.17360113719694292,0.17689138677423605,0.17429515379504637,0.17346208196175913,0.1748285159530317,0.1748285159530317,0.16444026953019672,0.17681740218273648,0.16955767468738892,0.17088452329807682,0.1713785594780164,0.16961824046205815,0.1714597018249358,0.17350205399670043,0.19342633573054152,0.1879669600900598,0.1811783942111918,0.166019256519487,0.17409735553258876,0.18724285316497785,0.1906113062621265,0.19312186734427755,0.20388192297532323,0.19896053391976945,0.19482940261206144,0.32059658597200513,0.19402064320034293,0.1907890385235617,0.17527193938199165,0.1907890385235617,0.18491364897740534,0.18491364897740534,0.18634937357268452,0.18194883612204427,0.17496010846121487,0.17472071785240784,0.17755720317890047,0.17482046054976322,0.17153308396378106,0.17189622477333982,0.16873838793351423,0.17089707578109867,0.17371523265903155,0.16855067857636397,0.1686993609587144,0.17410046133412171,0.1757491595192085,0.17290000215872586,0.17930453198301066,0.17840396085718443,0.17402263213372268,0.1771018919587793,0.17061502410657012,0.18140237883295574,0.18206286004300282,0.18387331475459381,0.18126015285406366,0.17974074553495578,0.18158654228528884,0.1806129539303535,0.18004712958975824,0.1739129944015322,0.1800502257470066,0.18272335694949213,0.1854686855988591,0.18556230535995294,0.16427245110741912,0.19083670302127825,0.1754105953040566,0.17576455869511529,0.1678566691644517,0.1696534210208168,0.1708676651200169,0.16509586057802436,0.1573160453760652,0.17256943316395318,0.17210533820128313,0.17204943452809965,0.17328406657418755,0.16786582803776876,0.17617833713777792,0.16867122570183282,0.15101340504953023,0.17108104382497663,0.1687992507935759,0.16731153314501276,0.16783586007543036,0.17120836051393282,0.16832061636248005,0.17117318076200436,0.1677347365993915,0.1762574384716986,0.1726779619375566,0.19973487812676857,0.17857415246970254,0.16352059319656173,0.16778972262436703,0.16426760013240083,0.1625249746648643,0.16708202799235977,0.18322984611809298,0.16408229041549194,0.17523451501149825,0.1694187611120245,0.17114880167895138,0.16671839583301584,0.12902585124576063,0.11014566032904186,0.12528618239380335,0.13055832863637054,0.07059747805520558,0.09808677887025953,0.11367483593395215,0.175444252807112,0.13038049027789617,0.1531891444686481,0.1751218840841611,0.12751223701705983,0.15179512346665502,0.16492433676910484,0.1702440539874175,0.18770450279813447,0.18770450279813447,0.14994909968525882,0.1781659785525722,0.17256528774268926,0.18305714472655427,0.18589681615860795,0.18295915240912286,0.18520386548536547,0.18325565287334866,0.1800315981967016,0.18596348896378448,0.182545590599774,0.18029515182018063,0.17512395653808466,0.18422265677995345,0.18422265677995345,0.19045659298203557,0.19045659298203557,0.1815042318248851,0.17905080082867195,0.17368678410176536,0.17559660042427602,0.17273579289180543,0.17884593093338055,0.1783560872894398,0.18371786515106026,0.18230231205079975,0.18526068842016305,0.1833453521871655,0.18626039282166665,0.1797567049341616,0.1781364874309398,0.18451278267966426,0.1845127930505688,0.18829627047271622
2024-09-02 21:00:00,0.17451102739895363,0.17548931638868726,0.17501050037803528,0.18808519857033296,0.1894235546394546,0.19052532651889334,0.19198731489659562,0.19231253237003318,0.19382742745770498,0.20115374138608225,0.18876472789850918,0.21579572530117394,0.18998367225981333,0.17896902240750817,0.22217725800143182,0.20655022664347833,0.1925563633075848,0.19238812598318364,0.17681891182734366,0.17641786564762327,0.17767363947591872,0.17038533598604416,0.1725083420358207,0.1732652486670697,0.16273056207769385,0.16990688661011139,0.1697683282069048,0.17305038125797984,0.17511390610366975,0.17259069911359176,0.17604588131865678,0.1734431459189177,0.17233377120832616,0.17376141714332333,0.17376141714332333,0.16837444106848776,0.1753148052316441,0.1685000473056518,0.16988414714329575,0.16988870682662457,0.16833988853857246,0.17037394708538497,0.1726297651355228,0.19346290314051626,0.18843521175980868,0.17845207428051993,0.16276955529972292,0.17219318484592408,0.18413072748709583,0.18629662071546413,0.1892793370881962,0.1982807371529593,0.19127950710204797,0.18875393128148493,0.2916714020606977,0.18851773115393985,0.18889994454272627,0.17374094891281217,0.18889994454272627,0.18368922350839306,0.18368922350839306,0.18571876408183155,0.18124364295065182,0.17360724874472735,0.17326274993020876,0.1764440952576803,0.17356736662024133,0.1699295854716759,0.17069465866371578,0.16695011703832324,0.16911082338147576,0.1722820018972383,0.16669295753517108,0.1670271583659783,0.17312884129079037,0.1749483768137664,0.1716337307039265,0.17843604901106913,0.17750158172195507,0.1728803625070545,0.17588360811687911,0.16929656714703104,0.1808100765140677,0.18132555009910548,0.1835547449075026,0.1804527262531783,0.17853915406343232,0.18045398008427546,0.17937571206493352,0.17883195212818417,0.17284856761825024,0.17892804818134367,0.18214074903889266,0.18558797916387682,0.1856280755052398,0.1634534241689147,0.19029048898448392,0.17402968902327745,0.17454042213428594,0.16829075324227916,0.16979398285788905,0.17122438048341698,0.16740346423314234,0.16180036522431607,0.1719889647260642,0.17210894096741874,0.1709747223629092,0.1724007166619676,0.16956056895021418,0.1742925159383454,0.16989003483306,0.1591686212829445,0.17008695757684178,0.16713448902753253,0.16553233936288164,0.16624111375906903,0.16999506495168545,0.16688378461663017,0.1699782569823592,0.16663010026268077,0.17476025968175413,0.17199385513869234,0.20146334282632766,0.180208303222584,0.16229531163372912,0.16663974160175662,0.16327423564946703,0.16115790653477632,0.16570516805356061,0.1853594597592226,0.17095187523118247,0.1730895600989237,0.16811557349736736,0.17001040462038802,0.1655690330871744,0.1461225349616554,0.13234871227465198,0.14493529694091148,0.14888591564372466,0.10825092855691525,0.12756320366810997,0.14023808679860303,0.17334966149460754,0.1514042882324512,0.1678519633687221,0.17948915859047312,0.14996677706634948,0.16504754868531246,0.17305395174715194,0.17674179503265092,0.18524064080455416,0.18524064080455416,0.1626082218661134,0.17605404823690843,0.17668171977656416,0.18160561619622767,0.18250620348895874,0.18015914309862793,0.1817881725330018,0.18045893317196507,0.17841054115499572,0.1820441698175804,0.1795108169146969,0.1778474105455504,0.17349105090007158,0.1817452719696554,0.1817452719696554,0.1855379139587857,0.1855379139587857,0.17963611695802642,0.17734985803022948,0.17206498549704075,0.17411600386830134,0.17149064194166289,0.17795940907043803,0.17636705651688553,0.18324224817663534,0.18165166842382696,0.18439323752432596,0.1832959694811795,0.1861560167725811,0.1789538034167813,0.17738612767511186,0.18414793917771724,0.18414793917771724,0.18680919331629
2024-09-02 22:00:00,0.16947567547951564,0.17016032802717485,0.16974386714881765,0.1757223502473011,0.17712987744899727,0.17818872402182925,0.1797007821885898,0.1812270180883394,0.18148847394475562,0.18385819332000752,0.17860888478419853,0.1933119497387188,0.18194888852226127,0.17225872462286224,0.20147810785122577,0.19336235019328699,0.18208813295673454,0.17995175492515472,0.16537529983546626,0.16551584808921435,0.16678177021525611,0.15666945540780497,0.15897854691399643,0.16069552313708232,0.16051463289462656,0.15438744582761862,0.15263866116006897,0.15959120505579663,0.16262695413813597,0.15998366295925656,0.16280167354107333,0.16007410715598902,0.16029105442720298,0.1615081437985185,0.1615081437985185,0.1674060922428875,0.16570902871186843,0.15585324996590613,0.1569666312207909,0.15921360219078648,0.15693626624302012,0.15826986322520686,0.1596903076137557,0.17903621625953256,0.17082507514874684,0.17204560566934218,0.15504706941295046,0.16396272213091165,0.17830244715090668,0.17943737216443678,0.18208675586991677,0.18741130442208173,0.18213976762264467,0.18034636618927205,0.2441679519539994,0.17980757425073612,0.17911242342506328,0.16900389450181155,0.17911242342506328,0.17402553512240915,0.17402553512240915,0.17530444777526763,0.17049805964104153,0.16395475910742213,0.16369103193437798,0.1657835875166224,0.1635477923623611,0.16045878332246194,0.1670624455648182,0.1578540851028271,0.15984763424403,0.16192238536334008,0.157602487407674,0.15721003895402222,0.16078720097226773,0.1620476263131182,0.16077766166042162,0.16658118644328443,0.1657638329457947,0.16867673850025883,0.16537478637329672,0.15883727456105753,0.16867899456124055,0.1701601453122227,0.17081209790659832,0.16939916100345953,0.16898085943059077,0.1709105543640224,0.1706070364081758,0.16922788801973157,0.16854053552925613,0.17064936954080373,0.1713795312167569,0.1716322065490439,0.17211309106538156,0.15364920077165894,0.17899011053711122,0.16902855129737937,0.16939746230063593,0.16632717868198885,0.16726092402708412,0.16838717973569037,0.16678065294650876,0.16352406846679038,0.16796185773590772,0.16851841886151067,0.1658654982146755,0.1668823250110644,0.16802888344303107,0.16905442820732267,0.1681062958900476,0.16318725632171438,0.16627014771960577,0.16243439276084057,0.15953188946920213,0.15786274215752588,0.16141299213618332,0.1593673527395383,0.1586522446909839,0.155269003481046,0.16955363125742973,0.16159113260532423,0.18159825513795186,0.17354780361856673,0.15521023219663027,0.15846931414629983,0.15450052820060522,0.15536778411176394,0.1599391034559808,0.17852438220095926,0.1716497923197149,0.16781397883798047,0.16143159543320348,0.16254973193210645,0.15721893992382602,0.15647870115153004,0.147555942724646,0.15668934969883627,0.15939384608001042,0.13225044902465743,0.14640554652240484,0.15598647024767565,0.16833262214754036,0.16319726123783354,0.17488071417384776,0.1790418921062906,0.16306487480111106,0.17243534089202409,0.1770054940788095,0.17974082206591524,0.17990647169721893,0.17990647169721893,0.16900392281086907,0.1697651387772951,0.17722531779873035,0.1775636303404348,0.17726043997782767,0.17495163173487005,0.17665569780187923,0.1741418689213065,0.1710333674457774,0.17601319594431894,0.17253385879271785,0.1706927980914062,0.16836206637942389,0.1736093031986971,0.1736093031986971,0.17809198268929233,0.17809198268929233,0.1721779222278546,0.1686588728185148,0.16334383220946763,0.16496442841258946,0.16164908104775932,0.16698420299410532,0.1705490372967438,0.17100374924282108,0.16992464563624385,0.17248715996297437,0.1695900532888111,0.17221390826788371,0.1676460773638168,0.16593362966535044,0.17102581849010437,0.17102581849010437,0.17439941245727575
2024-09-02 23:00:00,0.16875076377630524,0.16936297221589314,0.16903705917616255,0.17623369568058692,0.1775253762036946,0.17835814529722258,0.18015148304291959,0.18126461048694406,0.18098264179939216,0.18655496399291052,0.17910834292801495,0.19586505561382167,0.18298395875487283,0.17513574091488998,0.20274779248681235,0.198614897849338,0.18176635751046163,0.18302735808849216,0.16541386226758148,0.16537005630606522,0.16682123255868975,0.15630872647248478,0.15862072190488397,0.16013584866464953,0.16486178452310024,0.154243144177834,0.1528044672914495,0.15914920111641218,0.1621494081196781,0.15932382509848766,0.1624415311468922,0.15952641695816502,0.1596496145274367,0.16105325689540767,0.16105325689540767,0.17039815079026813,0.1649372068543487,0.15504026047596636,0.15629791548175195,0.15823393584982504,0.1561202493240338,0.15768979237854577,0.15938339162844384,0.18207885332905863,0.17262720143678165,0.1712642766705967,0.1598649814168769,0.1627708225991615,0.17751922051938845,0.1788554555049815,0.1811629972675578,0.18534874032466703,0.18164056563203015,0.1807157206934447,0.22503255952898882,0.18067758274951984,0.18118178628179465,0.16850334216514098,0.18118178628179465,0.17501157365620484,0.17501157365620484,0.17709007858862935,0.17127105672982995,0.16349524843648253,0.1630605008418458,0.16565970074621836,0.16316372188098122,0.15946069009390182,0.16703851794221108,0.1565845414875045,0.15858588531811998,0.1611331647970412,0.15622128189590204,0.15600324670632015,0.16043304270512335,0.1619554691757402,0.1601739780234802,0.1666508795997565,0.16581351702953995,0.16826964133529,0.16505772099016597,0.15805009470883494,0.16931141589195847,0.17069188162940255,0.17166763151268155,0.1698626128966672,0.1690072971330458,0.17118602055792162,0.17055309107131786,0.169268470943834,0.16795016268220037,0.17043095591013835,0.17181449285372286,0.17293310122998062,0.17325032238907428,0.1526629380403091,0.18212532798513723,0.168634692987561,0.16865616295642905,0.1671412956261674,0.16768374046956047,0.16832215140776022,0.16811648272475177,0.16635949282171805,0.16730700772616214,0.16814600511372776,0.16473183598439417,0.16591290058517832,0.16874963498558157,0.16847349301599956,0.16821227681330198,0.16713869235570983,0.16496576835769172,0.16067909243118642,0.15779939907911417,0.15645453314844088,0.16029524356375338,0.15797781459190935,0.1577924417961494,0.1544103594701927,0.1688771181158728,0.16102737138305487,0.18494090961642048,0.17496211091669187,0.15399187441188247,0.1573257847477989,0.1534616811183814,0.15397674774451323,0.15851928076883942,0.18058879827311275,0.17510360148324078,0.16746247089491414,0.16010916368908062,0.1613624872192368,0.15602534079110575,0.1640049694657699,0.1584241810036279,0.1648074061780081,0.1665761359884314,0.14899956282511415,0.15879448875134627,0.166778903818858,0.16783853032385845,0.1716664777912528,0.18312427755167182,0.18167201088458607,0.17265486263141636,0.1791124990169075,0.18160726938347402,0.1838583779587044,0.18039800880149207,0.18039800880149207,0.17372367448858442,0.16941307635574657,0.17845075416403178,0.17765682850440917,0.17728993716685734,0.17515782340221583,0.17673041464946554,0.17439904006193893,0.1712479814191116,0.17621916554947475,0.17219737846403638,0.17017513552487543,0.16826318724153083,0.17379742465702774,0.17379742465702774,0.17842898837046683,0.17842898837046683,0.17232817992574304,0.1679587879595638,0.16222621041103188,0.16403322860728173,0.16070844022058103,0.16666532427202535,0.1696884963866589,0.1714425350425115,0.1701109845797799,0.17284412559739712,0.17004059012885234,0.17285808781390277,0.1673431349335744,0.16558743104574436,0.1713266442012524,0.17132666079469971,0.17467767785324045
