timestamp,line_id,from_bus,to_bus,flow_mw,limit_mw,loading,overload_flag,selected_strategy
2024-09-01 00:00:00,L0,1,2,-0.0173096199962898,3.1757582407500005,0.0054505471399491,0,Robust_UC
2024-09-01 00:00:00,L1,2,3,-0.0173096199962898,3.1757582407500005,0.0054505471399491,0,Robust_UC
2024-09-01 00:00:00,L2,3,4,0.0133262424494003,3.1757582407500005,0.0041962395872593,0,Robust_UC
2024-09-01 00:00:00,L3,4,5,-0.015532265202296,3.1757582407500005,0.0048908840109402,0,Robust_UC
2024-09-01 00:00:00,L4,5,6,-0.0503315736673342,3.1757582407500005,0.0158486792292626,0,Robust_UC
2024-09-01 00:00:00,L5,7,8,0.0202470514212946,3.1757582407500005,0.0063755014980337,0,Robust_UC
2024-09-01 00:00:00,L6,8,9,-0.0163152498989306,3.1757582407500005,0.0051374344840171,0,Robust_UC
2024-09-01 00:00:00,L7,9,10,0.0067146587741275,3.1757582407500005,0.002114348217055,0,Robust_UC
2024-09-01 00:00:00,L8,10,11,0.0374212036715384,3.1757582407500005,0.0117833918184845,0,Robust_UC
2024-09-01 00:00:00,L9,3,8,-0.0595922099932818,3.1757582407500005,0.0187647186831225,0,Robust_UC
2024-09-01 00:00:00,L10,12,13,0.0,4.27502866038705,0.0,0,Robust_UC
2024-09-01 00:00:00,L11,13,14,0.0,4.2708474855,0.0,0,Robust_UC
2024-09-01 00:00:00,L12,6,7,-0.0273016649942761,3.1757582407500005,0.0085968965281905,0,Robust_UC
2024-09-01 00:00:00,L13,11,4,0.0450978398958916,3.1757582407500005,0.014200652718842,0,Robust_UC
2024-09-01 00:00:00,L14,14,8,0.0,4.2708474855,0.0,0,Robust_UC
2024-09-01 01:00:00,L0,1,2,0.0108721843289529,3.1757582407500005,0.0034234924401504,0,Robust_UC
2024-09-01 01:00:00,L1,2,3,0.0108721843289529,3.1757582407500005,0.0034234924401504,0,Robust_UC
2024-09-01 01:00:00,L2,3,4,0.0394366241206348,3.1757582407500005,0.0124180183537275,0,Robust_UC
2024-09-01 01:00:00,L3,4,5,0.068227395024401,3.1757582407500005,0.0214838126369115,0,Robust_UC
2024-09-01 01:00:00,L4,5,6,-0.0778705119735848,3.1757582407500005,0.0245202896663804,0,Robust_UC
2024-09-01 01:00:00,L5,7,8,-0.0072918868849558,3.1757582407500005,0.002296108939084,0,Robust_UC
2024-09-01 01:00:00,L6,8,9,-0.0166009612259241,3.1757582407500005,0.005227400818144,0,Robust_UC
2024-09-01 01:00:00,L7,9,10,0.006428947447134,3.1757582407500005,0.0020243818829281,0,Robust_UC
2024-09-01 01:00:00,L8,10,11,0.0371354923445449,3.1757582407500005,0.0116934254843576,0,Robust_UC
2024-09-01 01:00:00,L9,3,8,-0.0323389830140214,3.1757582407500005,0.0101830745801305,0,Robust_UC
2024-09-01 01:00:00,L10,12,13,0.0,4.27502866038705,0.0,0,Robust_UC
2024-09-01 01:00:00,L11,13,14,0.0,4.2708474855,0.0,0,Robust_UC
2024-09-01 01:00:00,L12,6,7,-0.0548406033005266,3.1757582407500005,0.0172685069653083,0,Robust_UC
2024-09-01 01:00:00,L13,11,4,0.0448121285688976,3.1757582407500005,0.014110686384715,0,Robust_UC
2024-09-01 01:00:00,L14,14,8,0.0,4.2708474855,0.0,0,Robust_UC
2024-09-01 02:00:00,L0,1,2,0.047264488794557,3.5286202675000005,0.0133946090005438,0,SCUC
2024-09-01 02:00:00,L1,2,3,0.047264488794557,3.5286202675000005,0.0133946090005438,0,SCUC
2024-09-01 02:00:00,L2,3,4,0.043339438901178,3.5286202675000005,0.0122822620785669,0,SCUC
2024-09-01 02:00:00,L3,4,5,0.0292528504867011,3.5286202675000005,0.0082901667703185,0,SCUC
2024-09-01 02:00:00,L4,5,6,0.0001867372149954,3.5286202675000005,5.292074545833205e-05,0,SCUC
2024-09-01 02:00:00,L5,7,8,-0.0650799700218309,3.5286202675000005,0.0184434609247255,0,SCUC
2024-09-01 02:00:00,L6,8,9,-0.041149034760455,3.5286202675000005,0.0116615083633266,0,SCUC
2024-09-01 02:00:00,L7,9,10,-0.0219476894119997,3.5286202675000005,0.0062199068610886,0,SCUC
2024-09-01 02:00:00,L8,10,11,0.0653138481324248,3.5286202675000005,0.0185097412532573,0,SCUC
2024-09-01 02:00:00,L9,3,8,0.0047295899129267,3.5286202675000005,0.0013403510591627,0,SCUC
2024-09-01 02:00:00,L10,12,13,0.0,4.7500318448745,0.0,0,SCUC
2024-09-01 02:00:00,L11,13,14,-7.105427357601002e-15,4.745386095,1.4973338766023005e-15,0,SCUC
2024-09-01 02:00:00,L12,6,7,0.0193880825634507,3.5286202675000005,0.0054945222476962,0,SCUC
2024-09-01 02:00:00,L13,11,4,0.0395359908351359,3.5286202675000005,0.0112043767359379,0,SCUC
2024-09-01 02:00:00,L14,14,8,-7.105427357601002e-15,4.745386095,1.4973338766023005e-15,0,SCUC
2024-09-01 03:00:00,L0,1,2,0.0288901838842789,3.1757582407500005,0.009097097982325,0,Robust_UC
2024-09-01 03:00:00,L1,2,3,0.0288901838842789,3.1757582407500005,0.009097097982325,0,Robust_UC
2024-09-01 03:00:00,L2,3,4,0.0558463186490057,3.1757582407500005,0.0175851920755204,0,Robust_UC
2024-09-01 03:00:00,L3,4,5,0.0640977510374085,3.1757582407500005,0.0201834479132992,0,Robust_UC
2024-09-01 03:00:00,L4,5,6,-0.063982156405256,3.1757582407500005,0.0201470488478196,0,Robust_UC
2024-09-01 03:00:00,L5,7,8,-0.0277223439807059,3.1757582407500005,0.0087293622118284,0,Robust_UC
2024-09-01 03:00:00,L6,8,9,-0.0174051137394003,3.1757582407500005,0.0054806167283344,0,Robust_UC
2024-09-01 03:00:00,L7,9,10,0.0056247949336578,3.1757582407500005,0.0017711659727377,0,Robust_UC
2024-09-01 03:00:00,L8,10,11,0.0363313398310687,3.1757582407500005,0.0114402095741672,0,Robust_UC
2024-09-01 03:00:00,L9,3,8,-0.0127126784317458,3.1757582407500005,0.0040030372175759,0,Robust_UC
2024-09-01 03:00:00,L10,12,13,0.0,4.27502866038705,0.0,0,Robust_UC
2024-09-01 03:00:00,L11,13,14,0.0,4.2708474855,0.0,0,Robust_UC
2024-09-01 03:00:00,L12,6,7,-0.0409522477321979,3.1757582407500005,0.0128952661467475,0,Robust_UC
2024-09-01 03:00:00,L13,11,4,0.0440079760554214,3.1757582407500005,0.0138574704745246,0,Robust_UC
2024-09-01 03:00:00,L14,14,8,0.0,4.2708474855,0.0,0,Robust_UC
2024-09-01 04:00:00,L0,1,2,-0.0567082249021844,3.5286202675000005,0.0160709344171969,0,SCUC
2024-09-01 04:00:00,L1,2,3,-0.0567082249021844,3.5286202675000005,0.0160709344171969,0,SCUC
2024-09-01 04:00:00,L2,3,4,0.0076609373149106,3.5286202675000005,0.0021710857882529,0,SCUC
2024-09-01 04:00:00,L3,4,5,0.0102984742383057,3.5286202675000005,0.0029185555422777,0,SCUC
2024-09-01 04:00:00,L4,5,6,0.0110976799628014,3.5286202675000005,0.0031450479568503,0,SCUC
2024-09-01 04:00:00,L5,7,8,-0.0210651860357983,3.5286202675000005,0.0059698081513097,0,SCUC
2024-09-01 04:00:00,L6,8,9,-0.0952502449138675,3.5286202675000005,0.0269936229157782,0,SCUC
2024-09-01 04:00:00,L7,9,10,-0.0505016102252444,3.5286202675000005,0.0143119991375621,0,SCUC
2024-09-01 04:00:00,L8,10,11,0.0567751174040577,3.5286202675000005,0.0160898915440063,0,SCUC
2024-09-01 04:00:00,L9,3,8,0.0458766650487876,3.5286202675000005,0.0130013040709792,0,SCUC
2024-09-01 04:00:00,L10,12,13,-0.0549367862051592,4.7500318448745,0.0115655616634314,0,SCUC
2024-09-01 04:00:00,L11,13,14,-0.1098735724103184,4.745386095,0.0231537687789171,0,SCUC
2024-09-01 04:00:00,L12,6,7,0.0558463146514246,3.5286202675000005,0.0158266717350663,0,SCUC
2024-09-01 04:00:00,L13,11,4,0.0423917096575139,3.5286202675000005,0.0120136785609827,0,SCUC
2024-09-01 04:00:00,L14,14,8,-0.1648103586154777,4.745386095,0.0347306531683756,0,SCUC
2024-09-01 05:00:00,L0,1,2,0.0626969158337402,3.5286202675000005,0.0177681107857379,0,SCUC
2024-09-01 05:00:00,L1,2,3,0.0626969158337402,3.5286202675000005,0.0177681107857379,0,SCUC
2024-09-01 05:00:00,L2,3,4,0.0097104282797104,3.5286202675000005,0.002751905148068,0,SCUC
2024-09-01 05:00:00,L3,4,5,0.0109333518583928,3.5286202675000005,0.0030984778835777,0,SCUC
2024-09-01 05:00:00,L4,5,6,0.0110153763490714,3.5286202675000005,0.003121723368912,0,SCUC
2024-09-01 05:00:00,L5,7,8,-0.0208943493874164,3.5286202675000005,0.0059213935769347,0,SCUC
2024-09-01 05:00:00,L6,8,9,-0.0914711031575734,3.5286202675000005,0.0259226259056716,0,SCUC
2024-09-01 05:00:00,L7,9,10,-0.0487334116973556,3.5286202675000005,0.0138108971787669,0,SCUC
2024-09-01 05:00:00,L8,10,11,0.0544604827999504,3.5286202675000005,0.0154339313021447,0,SCUC
2024-09-01 05:00:00,L9,3,8,0.0466443059054298,3.5286202675000005,0.0132188511002565,0,SCUC
2024-09-01 05:00:00,L10,12,13,-0.0533195837119354,4.7500318448745,0.0112251002631634,0,SCUC
2024-09-01 05:00:00,L11,13,14,-0.1066391674238719,4.745386095,0.0224721793525363,0,SCUC
2024-09-01 05:00:00,L12,6,7,0.0537530678092931,3.5286202675000005,0.0152334520958178,0,SCUC
2024-09-01 05:00:00,L13,11,4,0.0402692686403247,3.5286202675000005,0.0114121853833977,0,SCUC
2024-09-01 05:00:00,L14,14,8,-0.1599587511358073,4.745386095,0.0337082690288043,0,SCUC
