timestamp,wind,pv
2024-01-01 00:00:00,0.139751552795031,0.0324189526184538
2024-01-01 01:00:00,0.1376811594202898,0.0922693266832917
2024-01-01 02:00:00,0.1149068322981366,0.1521197007481296
2024-01-01 03:00:00,0.087991718426501,0.199501246882793
2024-01-01 04:00:00,0.0610766045548654,0.2443890274314214
2024-01-01 05:00:00,0.0403726708074534,0.2718204488778055
2024-01-01 06:00:00,0.0351966873706004,0.298004987531172
2024-01-01 07:00:00,0.0372670807453416,0.2319201995012468
2024-01-01 08:00:00,0.036231884057971,0.1147132169576059
2024-01-01 09:00:00,0.036231884057971,0.0074812967581047
2024-01-01 10:00:00,0.0393374741200828,0.0
2024-01-01 11:00:00,0.0383022774327122,0.0
2024-01-01 12:00:00,0.036231884057971,0.0
2024-01-01 13:00:00,0.0372670807453416,0.0
2024-01-01 14:00:00,0.0424430641821946,0.0
2024-01-01 15:00:00,0.0486542443064182,0.0
2024-01-01 16:00:00,0.056935817805383,0.0
2024-01-01 17:00:00,0.0631469979296066,0.0
2024-01-01 18:00:00,0.0683229813664596,0.0
2024-01-01 19:00:00,0.0714285714285714,0.0
2024-01-01 20:00:00,0.0838509316770186,0.0
2024-01-01 21:00:00,0.0962732919254658,0.0
2024-01-01 22:00:00,0.0962732919254658,0.0
2024-01-01 23:00:00,0.082815734989648,0.0199501246882793
2024-01-02 00:00:00,0.046583850931677,0.1745635910224439
2024-01-02 01:00:00,0.0590062111801242,0.341645885286783
2024-01-02 02:00:00,0.062111801242236,0.4538653366583541
2024-01-02 03:00:00,0.0579710144927536,0.5635910224438903
2024-01-02 04:00:00,0.0538302277432712,0.6446384039900249
2024-01-02 05:00:00,0.0548654244306418,0.6795511221945137
2024-01-02 06:00:00,0.0548654244306418,0.5448877805486284
2024-01-02 07:00:00,0.041407867494824,0.3079800498753117
2024-01-02 08:00:00,0.0196687370600414,0.1159600997506234
2024-01-02 09:00:00,0.010351966873706,0.0024937655860349
2024-01-02 10:00:00,0.0113871635610766,0.0
2024-01-02 11:00:00,0.0631469979296066,0.0
2024-01-02 12:00:00,0.1780538302277432,0.0
2024-01-02 13:00:00,0.3643892339544513,0.0
2024-01-02 14:00:00,0.629399585921325,0.0
2024-01-02 15:00:00,0.6977225672877847,0.0
2024-01-02 16:00:00,0.5921325051759834,0.0
2024-01-02 17:00:00,0.4937888198757764,0.0
2024-01-02 18:00:00,0.3871635610766045,0.0
2024-01-02 19:00:00,0.412008281573499,0.0
2024-01-02 20:00:00,0.3985507246376812,0.0
2024-01-02 21:00:00,0.412008281573499,0.0
2024-01-02 22:00:00,0.463768115942029,0.0
2024-01-02 23:00:00,0.4699792960662526,0.0311720698254364
2024-01-03 00:00:00,0.6821946169772257,0.2481296758104738
2024-01-03 01:00:00,0.7691511387163561,0.4987531172069825
2024-01-03 02:00:00,0.7525879917184265,0.6845386533665836
2024-01-03 03:00:00,0.7298136645962733,0.8079800498753117
2024-01-03 04:00:00,0.6604554865424431,0.8491271820448878
2024-01-03 05:00:00,0.6097308488612836,0.800498753117207
2024-01-03 06:00:00,0.6066252587991718,0.6658354114713217
2024-01-03 07:00:00,0.6024844720496895,0.4862842892768079
2024-01-03 08:00:00,0.5952380952380952,0.2219451371571072
2024-01-03 09:00:00,0.6118012422360248,0.0187032418952618
2024-01-03 10:00:00,0.6583850931677019,0.0
2024-01-03 11:00:00,0.6262939958592133,0.0
2024-01-03 12:00:00,0.5693581780538303,0.0
2024-01-03 13:00:00,0.4699792960662526,0.0
2024-01-03 14:00:00,0.4316770186335403,0.0
2024-01-03 15:00:00,0.3995859213250518,0.0
2024-01-03 16:00:00,0.3881987577639751,0.0
2024-01-03 17:00:00,0.3933747412008281,0.0
2024-01-03 18:00:00,0.3757763975155279,0.0
2024-01-03 19:00:00,0.3354037267080745,0.0
2024-01-03 20:00:00,0.2908902691511387,0.0
2024-01-03 21:00:00,0.2732919254658385,0.0
2024-01-03 22:00:00,0.2629399585921325,0.0
2024-01-03 23:00:00,0.2101449275362319,0.0586034912718204
2024-01-04 00:00:00,0.0952380952380952,0.3341645885286783
2024-01-04 01:00:00,0.1418219461697722,0.5822942643391521
2024-01-04 02:00:00,0.0910973084886128,0.7506234413965086
2024-01-04 03:00:00,0.0144927536231884,0.8428927680798005
2024-01-04 04:00:00,0.0,0.8678304239401495
2024-01-04 05:00:00,0.0,0.8254364089775561
2024-01-04 06:00:00,0.0,0.7069825436408976
2024-01-04 07:00:00,0.0,0.5236907730673316
2024-01-04 08:00:00,0.0,0.270573566084788
2024-01-04 09:00:00,0.0,0.0336658354114713
2024-01-04 10:00:00,0.0020703933747412,0.0
2024-01-04 11:00:00,0.0175983436853002,0.0
2024-01-04 12:00:00,0.0548654244306418,0.0
2024-01-04 13:00:00,0.0838509316770186,0.0
2024-01-04 14:00:00,0.0703933747412008,0.0
2024-01-04 15:00:00,0.046583850931677,0.0
2024-01-04 16:00:00,0.025879917184265,0.0
2024-01-04 17:00:00,0.010351966873706,0.0
2024-01-04 18:00:00,0.0062111801242236,0.0
2024-01-04 19:00:00,0.0217391304347826,0.0
2024-01-04 20:00:00,0.046583850931677,0.0
2024-01-04 21:00:00,0.0579710144927536,0.0
2024-01-04 22:00:00,0.0610766045548654,0.0
2024-01-04 23:00:00,0.0610766045548654,0.0174563591022443
2024-01-05 00:00:00,0.0248447204968944,0.1633416458852867
2024-01-05 01:00:00,0.0082815734989648,0.3541147132169575
2024-01-05 02:00:00,0.0020703933747412,0.5498753117206983
2024-01-05 03:00:00,0.0,0.699501246882793
2024-01-05 04:00:00,0.0,0.7880299251870324
2024-01-05 05:00:00,0.0,0.7655860349127181
2024-01-05 06:00:00,0.0010351966873706,0.6620947630922693
2024-01-05 07:00:00,0.0010351966873706,0.4625935162094762
2024-01-05 08:00:00,0.0010351966873706,0.1945137157107231
2024-01-05 09:00:00,0.0020703933747412,0.0187032418952618
2024-01-05 10:00:00,0.0072463768115942,0.0
2024-01-05 11:00:00,0.0217391304347826,0.0
2024-01-05 12:00:00,0.0320910973084886,0.0
2024-01-05 13:00:00,0.0279503105590062,0.0
2024-01-05 14:00:00,0.0134575569358178,0.0
2024-01-05 15:00:00,0.0041407867494824,0.0
2024-01-05 16:00:00,0.0010351966873706,0.0
2024-01-05 17:00:00,0.0,0.0
2024-01-05 18:00:00,0.0020703933747412,0.0
2024-01-05 19:00:00,0.0144927536231884,0.0
2024-01-05 20:00:00,0.0320910973084886,0.0
2024-01-05 21:00:00,0.0455486542443064,0.0
2024-01-05 22:00:00,0.062111801242236,0.0
2024-01-05 23:00:00,0.0807453416149068,0.0436408977556109
2024-01-06 00:00:00,0.0351966873706004,0.2793017456359102
2024-01-06 01:00:00,0.015527950310559,0.5124688279301745
2024-01-06 02:00:00,0.005175983436853,0.6770573566084788
2024-01-06 03:00:00,0.0010351966873706,0.7581047381546134
2024-01-06 04:00:00,0.0,0.7780548628428927
2024-01-06 05:00:00,0.0,0.724438902743142
2024-01-06 06:00:00,0.0020703933747412,0.6022443890274314
2024-01-06 07:00:00,0.0093167701863354,0.4039900249376558
2024-01-06 08:00:00,0.031055900621118,0.1408977556109725
2024-01-06 09:00:00,0.1159420289855072,0.0099750623441396
2024-01-06 10:00:00,0.2763975155279503,0.0
2024-01-06 11:00:00,0.3592132505175983,0.0
2024-01-06 12:00:00,0.3426501035196688,0.0
2024-01-06 13:00:00,0.3105590062111801,0.0
2024-01-06 14:00:00,0.2877846790890269,0.0
2024-01-06 15:00:00,0.2691511387163561,0.0
2024-01-06 16:00:00,0.2619047619047619,0.0
2024-01-06 17:00:00,0.2691511387163561,0.0
2024-01-06 18:00:00,0.2867494824016564,0.0
2024-01-06 19:00:00,0.2908902691511387,0.0
2024-01-06 20:00:00,0.2784679089026915,0.0
2024-01-06 21:00:00,0.2546583850931677,0.0
2024-01-06 22:00:00,0.2215320910973084,0.0
2024-01-06 23:00:00,0.1739130434782609,0.027431421446384
2024-01-07 00:00:00,0.1045548654244306,0.226932668329177
2024-01-07 01:00:00,0.1459627329192546,0.5024937655860349
2024-01-07 02:00:00,0.098343685300207,0.6882793017456359
2024-01-07 03:00:00,0.0434782608695652,0.7593516209476309
2024-01-07 04:00:00,0.0144927536231884,0.786783042394015
2024-01-07 05:00:00,0.0031055900621118,0.7418952618453865
2024-01-07 06:00:00,0.0010351966873706,0.6184538653366584
2024-01-07 07:00:00,0.0020703933747412,0.440149625935162
2024-01-07 08:00:00,0.0072463768115942,0.2044887780548628
2024-01-07 09:00:00,0.0403726708074534,0.0174563591022443
2024-01-07 10:00:00,0.10351966873706,0.0
2024-01-07 11:00:00,0.1356107660455486,0.0
2024-01-07 12:00:00,0.134575569358178,0.0
2024-01-07 13:00:00,0.1107660455486542,0.0
2024-01-07 14:00:00,0.0786749482401656,0.0
2024-01-07 15:00:00,0.0652173913043478,0.0
2024-01-07 16:00:00,0.0683229813664596,0.0
2024-01-07 17:00:00,0.0817805383022774,0.0
2024-01-07 18:00:00,0.1076604554865424,0.0
2024-01-07 19:00:00,0.124223602484472,0.0
2024-01-07 20:00:00,0.1438923395445134,0.0
2024-01-07 21:00:00,0.170807453416149,0.0
2024-01-07 22:00:00,0.1821946169772256,0.0
2024-01-07 23:00:00,0.1666666666666666,0.0286783042394014
2024-01-08 00:00:00,0.1159420289855072,0.2281795511221944
2024-01-08 01:00:00,0.0993788819875776,0.4576059850374064
2024-01-08 02:00:00,0.036231884057971,0.6172069825436408
2024-01-08 03:00:00,0.010351966873706,0.7144638403990023
2024-01-08 04:00:00,0.0082815734989648,0.7493765586034912
2024-01-08 05:00:00,0.0186335403726708,0.6870324189526185
2024-01-08 06:00:00,0.0341614906832298,0.57356608478803
2024-01-08 07:00:00,0.0455486542443064,0.3753117206982543
2024-01-08 08:00:00,0.046583850931677,0.128428927680798
2024-01-08 09:00:00,0.056935817805383,0.0049875311720698
2024-01-08 10:00:00,0.087991718426501,0.0
2024-01-08 11:00:00,0.1149068322981366,0.0
2024-01-08 12:00:00,0.1149068322981366,0.0
2024-01-08 13:00:00,0.0890269151138716,0.0
2024-01-08 14:00:00,0.0610766045548654,0.0
2024-01-08 15:00:00,0.0476190476190476,0.0
2024-01-08 16:00:00,0.0372670807453416,0.0
2024-01-08 17:00:00,0.0196687370600414,0.0
2024-01-08 18:00:00,0.0072463768115942,0.0
2024-01-08 19:00:00,0.0020703933747412,0.0
2024-01-08 20:00:00,0.0,0.0
2024-01-08 21:00:00,0.0010351966873706,0.0
2024-01-08 22:00:00,0.005175983436853,0.0
2024-01-08 23:00:00,0.0144927536231884,0.027431421446384
2024-01-09 00:00:00,0.0113871635610766,0.2057356608478803
2024-01-09 01:00:00,0.0010351966873706,0.399002493765586
2024-01-09 02:00:00,0.0,0.5386533665835411
2024-01-09 03:00:00,0.0031055900621118,0.5860349127182044
2024-01-09 04:00:00,0.010351966873706,0.5099750623441396
2024-01-09 05:00:00,0.0424430641821946,0.3017456359102244
2024-01-09 06:00:00,0.1221532091097308,0.1658354114713217
2024-01-09 07:00:00,0.2039337474120083,0.0835411471321695
2024-01-09 08:00:00,0.196687370600414,0.0399002493765586
2024-01-09 09:00:00,0.1180124223602484,0.0
2024-01-09 10:00:00,0.0734989648033126,0.0
2024-01-09 11:00:00,0.0527950310559006,0.0
2024-01-09 12:00:00,0.05175983436853,0.0
2024-01-09 13:00:00,0.0890269151138716,0.0
2024-01-09 14:00:00,0.175983436853002,0.0
2024-01-09 15:00:00,0.2556935817805383,0.0
2024-01-09 16:00:00,0.2950310559006211,0.0
2024-01-09 17:00:00,0.3405797101449275,0.0
2024-01-09 18:00:00,0.3737060041407867,0.0
2024-01-09 19:00:00,0.412008281573499,0.0
2024-01-09 20:00:00,0.4378881987577639,0.0
2024-01-09 21:00:00,0.4523809523809524,0.0
2024-01-09 22:00:00,0.4782608695652174,0.0
2024-01-09 23:00:00,0.427536231884058,0.0324189526184538
2024-01-10 00:00:00,0.5041407867494824,0.2643391521197007
2024-01-10 01:00:00,0.6138716356107661,0.5162094763092269
2024-01-10 02:00:00,0.5455486542443064,0.7157107231920199
2024-01-10 03:00:00,0.4254658385093167,0.8104738154613467
2024-01-10 04:00:00,0.3198757763975155,0.8379052369077307
2024-01-10 05:00:00,0.2505175983436853,0.798004987531172
2024-01-10 06:00:00,0.2184265010351966,0.685785536159601
2024-01-10 07:00:00,0.2194616977225673,0.5074812967581047
2024-01-10 08:00:00,0.2525879917184265,0.2618453865336658
2024-01-10 09:00:00,0.3643892339544513,0.0349127182044887
2024-01-10 10:00:00,0.5424430641821947,0.0
2024-01-10 11:00:00,0.5683229813664596,0.0
2024-01-10 12:00:00,0.4834368530020704,0.0
2024-01-10 13:00:00,0.427536231884058,0.0
2024-01-10 14:00:00,0.3778467908902692,0.0
2024-01-10 15:00:00,0.3229813664596273,0.0
2024-01-10 16:00:00,0.2846790890269151,0.0
2024-01-10 17:00:00,0.2732919254658385,0.0
2024-01-10 18:00:00,0.2722567287784679,0.0
2024-01-10 19:00:00,0.2774327122153209,0.0
2024-01-10 20:00:00,0.2701863354037267,0.0
2024-01-10 21:00:00,0.2453416149068323,0.0
2024-01-10 22:00:00,0.2267080745341615,0.0
2024-01-10 23:00:00,0.1904761904761904,0.0473815461346633
2024-01-11 00:00:00,0.1097308488612836,0.28428927680798
2024-01-11 01:00:00,0.0993788819875776,0.5374064837905237
2024-01-11 02:00:00,0.0186335403726708,0.7082294264339151
2024-01-11 03:00:00,0.0,0.8129675810473815
2024-01-11 04:00:00,0.0,0.8366583541147132
2024-01-11 05:00:00,0.0,0.7892768079800498
2024-01-11 06:00:00,0.0,0.6758104738154613
2024-01-11 07:00:00,0.0,0.4925187032418952
2024-01-11 08:00:00,0.0,0.2518703241895262
2024-01-11 09:00:00,0.0010351966873706,0.0311720698254364
2024-01-11 10:00:00,0.0144927536231884,0.0
2024-01-11 11:00:00,0.0579710144927536,0.0
2024-01-11 12:00:00,0.093167701863354,0.0
2024-01-11 13:00:00,0.1169772256728778,0.0
2024-01-11 14:00:00,0.1428571428571428,0.0
2024-01-11 15:00:00,0.1469979296066252,0.0
2024-01-11 16:00:00,0.1366459627329192,0.0
2024-01-11 17:00:00,0.1356107660455486,0.0
2024-01-11 18:00:00,0.1438923395445134,0.0
2024-01-11 19:00:00,0.1480331262939958,0.0
2024-01-11 20:00:00,0.1407867494824016,0.0
2024-01-11 21:00:00,0.1366459627329192,0.0
2024-01-11 22:00:00,0.1438923395445134,0.0
2024-01-11 23:00:00,0.124223602484472,0.0386533665835411
2024-01-12 00:00:00,0.0434782608695652,0.2468827930174563
2024-01-12 01:00:00,0.0455486542443064,0.4987531172069825
2024-01-12 02:00:00,0.0383022774327122,0.6932668329177057
2024-01-12 03:00:00,0.0217391304347826,0.7830423940149626
2024-01-12 04:00:00,0.0093167701863354,0.8067331670822943
2024-01-12 05:00:00,0.0041407867494824,0.7668329177057356
2024-01-12 06:00:00,0.0031055900621118,0.6645885286783042
2024-01-12 07:00:00,0.0031055900621118,0.4875311720698254
2024-01-12 08:00:00,0.0031055900621118,0.2356608478802992
2024-01-12 09:00:00,0.0072463768115942,0.0286783042394014
2024-01-12 10:00:00,0.0124223602484472,0.0
2024-01-12 11:00:00,0.015527950310559,0.0
2024-01-12 12:00:00,0.0165631469979296,0.0
2024-01-12 13:00:00,0.0186335403726708,0.0
2024-01-12 14:00:00,0.020703933747412,0.0
2024-01-12 15:00:00,0.0248447204968944,0.0
2024-01-12 16:00:00,0.0320910973084886,0.0
2024-01-12 17:00:00,0.0538302277432712,0.0
2024-01-12 18:00:00,0.0952380952380952,0.0
2024-01-12 19:00:00,0.1542443064182194,0.0
2024-01-12 20:00:00,0.2132505175983436,0.0
2024-01-12 21:00:00,0.2360248447204969,0.0
2024-01-12 22:00:00,0.2236024844720497,0.0
2024-01-12 23:00:00,0.170807453416149,0.0336658354114713
2024-01-13 00:00:00,0.0559006211180124,0.2082294264339152
2024-01-13 01:00:00,0.0610766045548654,0.3865336658354114
2024-01-13 02:00:00,0.0610766045548654,0.5211970074812967
2024-01-13 03:00:00,0.0289855072463768,0.614713216957606
2024-01-13 04:00:00,0.0113871635610766,0.614713216957606
2024-01-13 05:00:00,0.005175983436853,0.5561097256857855
2024-01-13 06:00:00,0.0020703933747412,0.4226932668329177
2024-01-13 07:00:00,0.0010351966873706,0.2630922693266833
2024-01-13 08:00:00,0.0010351966873706,0.1109725685785536
2024-01-13 09:00:00,0.0031055900621118,0.0037406483790523
2024-01-13 10:00:00,0.0124223602484472,0.0
2024-01-13 11:00:00,0.0289855072463768,0.0
2024-01-13 12:00:00,0.0538302277432712,0.0
2024-01-13 13:00:00,0.0693581780538302,0.0
2024-01-13 14:00:00,0.0786749482401656,0.0
2024-01-13 15:00:00,0.072463768115942,0.0
2024-01-13 16:00:00,0.0631469979296066,0.0
2024-01-13 17:00:00,0.062111801242236,0.0
2024-01-13 18:00:00,0.0745341614906832,0.0
2024-01-13 19:00:00,0.1055900621118012,0.0
2024-01-13 20:00:00,0.1459627329192546,0.0
2024-01-13 21:00:00,0.1718426501035196,0.0
2024-01-13 22:00:00,0.1842650103519668,0.0
2024-01-13 23:00:00,0.1718426501035196,0.0573566084788029
2024-01-14 00:00:00,0.077639751552795,0.3241895261845386
2024-01-14 01:00:00,0.0331262939958592,0.5561097256857855
2024-01-14 02:00:00,0.005175983436853,0.6957605985037407
2024-01-14 03:00:00,0.0,0.756857855361596
2024-01-14 04:00:00,0.0,0.7955112219451371
2024-01-14 05:00:00,0.0,0.770573566084788
2024-01-14 06:00:00,0.0,0.6209476309226932
2024-01-14 07:00:00,0.0,0.4725685785536159
2024-01-14 08:00:00,0.0,0.2169576059850373
2024-01-14 09:00:00,0.0041407867494824,0.0199501246882793
2024-01-14 10:00:00,0.0279503105590062,0.0
2024-01-14 11:00:00,0.05175983436853,0.0
2024-01-14 12:00:00,0.0559006211180124,0.0
2024-01-14 13:00:00,0.041407867494824,0.0
2024-01-14 14:00:00,0.0165631469979296,0.0
2024-01-14 15:00:00,0.0031055900621118,0.0
2024-01-14 16:00:00,0.0,0.0
2024-01-14 17:00:00,0.0,0.0
2024-01-14 18:00:00,0.0093167701863354,0.0
2024-01-14 19:00:00,0.046583850931677,0.0
2024-01-14 20:00:00,0.1211180124223602,0.0
2024-01-14 21:00:00,0.2080745341614907,0.0
2024-01-14 22:00:00,0.2836438923395445,0.0
2024-01-14 23:00:00,0.3022774327122153,0.0685785536159601
2024-01-15 00:00:00,0.1573498964803312,0.3403990024937656
2024-01-15 01:00:00,0.217391304347826,0.5810473815461347
2024-01-15 02:00:00,0.2339544513457557,0.7394014962593516
2024-01-15 03:00:00,0.1821946169772256,0.8254364089775561
2024-01-15 04:00:00,0.1273291925465838,0.8491271820448878
2024-01-15 05:00:00,0.0942028985507246,0.8092269326683291
2024-01-15 06:00:00,0.077639751552795,0.6957605985037407
2024-01-15 07:00:00,0.0683229813664596,0.5174563591022443
2024-01-15 08:00:00,0.0714285714285714,0.2244389027431421
2024-01-15 09:00:00,0.113871635610766,0.0199501246882793
2024-01-15 10:00:00,0.2018633540372671,0.0
2024-01-15 11:00:00,0.2670807453416149,0.0
2024-01-15 12:00:00,0.2546583850931677,0.0
2024-01-15 13:00:00,0.2267080745341615,0.0
2024-01-15 14:00:00,0.2132505175983436,0.0
2024-01-15 15:00:00,0.1832298136645962,0.0
2024-01-15 16:00:00,0.1542443064182194,0.0
2024-01-15 17:00:00,0.1376811594202898,0.0
2024-01-15 18:00:00,0.1356107660455486,0.0
2024-01-15 19:00:00,0.1304347826086956,0.0
2024-01-15 20:00:00,0.129399585921325,0.0
2024-01-15 21:00:00,0.1821946169772256,0.0
2024-01-15 22:00:00,0.2577639751552795,0.0
2024-01-15 23:00:00,0.2681159420289855,0.0635910224438902
2024-01-16 00:00:00,0.2619047619047619,0.3254364089775561
2024-01-16 01:00:00,0.2950310559006211,0.5660847880299251
2024-01-16 02:00:00,0.2349896480331263,0.7344139650872817
2024-01-16 03:00:00,0.144927536231884,0.844139650872818
2024-01-16 04:00:00,0.0807453416149068,0.8665835411471321
2024-01-16 05:00:00,0.0538302277432712,0.8229426433915212
2024-01-16 06:00:00,0.0486542443064182,0.7132169576059849
2024-01-16 07:00:00,0.0486542443064182,0.5336658354114713
2024-01-16 08:00:00,0.046583850931677,0.286783042394015
2024-01-16 09:00:00,0.0807453416149068,0.0386533665835411
2024-01-16 10:00:00,0.1521739130434782,0.0
2024-01-16 11:00:00,0.2142857142857142,0.0
2024-01-16 12:00:00,0.2453416149068323,0.0
2024-01-16 13:00:00,0.2329192546583851,0.0
2024-01-16 14:00:00,0.186335403726708,0.0
2024-01-16 15:00:00,0.1221532091097308,0.0
2024-01-16 16:00:00,0.0662525879917184,0.0
2024-01-16 17:00:00,0.0351966873706004,0.0
2024-01-16 18:00:00,0.0196687370600414,0.0
2024-01-16 19:00:00,0.015527950310559,0.0
2024-01-16 20:00:00,0.0217391304347826,0.0
2024-01-16 21:00:00,0.0424430641821946,0.0
2024-01-16 22:00:00,0.0703933747412008,0.0
2024-01-16 23:00:00,0.0848861283643892,0.0760598503740648
2024-01-17 00:00:00,0.0734989648033126,0.3503740648379052
2024-01-17 01:00:00,0.0942028985507246,0.5922693266832917
2024-01-17 02:00:00,0.1066252587991718,0.756857855361596
2024-01-17 03:00:00,0.1180124223602484,0.8379052369077307
2024-01-17 04:00:00,0.1149068322981366,0.8578553615960098
2024-01-17 05:00:00,0.1180124223602484,0.8042394014962593
2024-01-17 06:00:00,0.1283643892339544,0.6708229426433915
2024-01-17 07:00:00,0.1459627329192546,0.4937655860349127
2024-01-17 08:00:00,0.1625258799171842,0.2356608478802992
2024-01-17 09:00:00,0.1728778467908902,0.027431421446384
2024-01-17 10:00:00,0.181159420289855,0.0
2024-01-17 11:00:00,0.1283643892339544,0.0
2024-01-17 12:00:00,0.0683229813664596,0.0
2024-01-17 13:00:00,0.0279503105590062,0.0
2024-01-17 14:00:00,0.0093167701863354,0.0
2024-01-17 15:00:00,0.005175983436853,0.0
2024-01-17 16:00:00,0.0031055900621118,0.0
2024-01-17 17:00:00,0.0020703933747412,0.0
2024-01-17 18:00:00,0.0031055900621118,0.0
2024-01-17 19:00:00,0.010351966873706,0.0
2024-01-17 20:00:00,0.025879917184265,0.0
2024-01-17 21:00:00,0.0455486542443064,0.0
2024-01-17 22:00:00,0.0662525879917184,0.0
2024-01-17 23:00:00,0.0817805383022774,0.0561097256857855
2024-01-18 00:00:00,0.0372670807453416,0.2905236907730673
2024-01-18 01:00:00,0.0527950310559006,0.5037406483790524
2024-01-18 02:00:00,0.0693581780538302,0.7231920199501246
2024-01-18 03:00:00,0.062111801242236,0.816708229426434
2024-01-18 04:00:00,0.0538302277432712,0.8329177057356608
2024-01-18 05:00:00,0.0527950310559006,0.7955112219451371
2024-01-18 06:00:00,0.0579710144927536,0.685785536159601
2024-01-18 07:00:00,0.0703933747412008,0.513715710723192
2024-01-18 08:00:00,0.0869565217391304,0.270573566084788
2024-01-18 09:00:00,0.1356107660455486,0.027431421446384
2024-01-18 10:00:00,0.2101449275362319,0.0
2024-01-18 11:00:00,0.2412008281573499,0.0
2024-01-18 12:00:00,0.2080745341614907,0.0
2024-01-18 13:00:00,0.1335403726708074,0.0
2024-01-18 14:00:00,0.0641821946169772,0.0
2024-01-18 15:00:00,0.0238095238095238,0.0
2024-01-18 16:00:00,0.0041407867494824,0.0
2024-01-18 17:00:00,0.0,0.0
2024-01-18 18:00:00,0.0,0.0
2024-01-18 19:00:00,0.005175983436853,0.0
2024-01-18 20:00:00,0.0248447204968944,0.0
2024-01-18 21:00:00,0.0403726708074534,0.0
2024-01-18 22:00:00,0.046583850931677,0.0
2024-01-18 23:00:00,0.0424430641821946,0.0760598503740648
2024-01-19 00:00:00,0.010351966873706,0.3428927680798005
2024-01-19 01:00:00,0.0072463768115942,0.5748129675810474
2024-01-19 02:00:00,0.0072463768115942,0.7356608478802992
2024-01-19 03:00:00,0.0041407867494824,0.8241895261845387
2024-01-19 04:00:00,0.0041407867494824,0.8478802992518704
2024-01-19 05:00:00,0.0062111801242236,0.8067331670822943
2024-01-19 06:00:00,0.0093167701863354,0.7007481296758105
2024-01-19 07:00:00,0.0134575569358178,0.5236907730673316
2024-01-19 08:00:00,0.020703933747412,0.2805486284289277
2024-01-19 09:00:00,0.0538302277432712,0.0361596009975062
2024-01-19 10:00:00,0.1273291925465838,0.0
2024-01-19 11:00:00,0.196687370600414,0.0
2024-01-19 12:00:00,0.2039337474120083,0.0
2024-01-19 13:00:00,0.1614906832298136,0.0
2024-01-19 14:00:00,0.1055900621118012,0.0
2024-01-19 15:00:00,0.0538302277432712,0.0
2024-01-19 16:00:00,0.0269151138716356,0.0
2024-01-19 17:00:00,0.0134575569358178,0.0
2024-01-19 18:00:00,0.0062111801242236,0.0
2024-01-19 19:00:00,0.1169772256728778,0.0
2024-01-19 20:00:00,0.3343685300207039,0.0
2024-01-19 21:00:00,0.4472049689440994,0.0
2024-01-19 22:00:00,0.4492753623188406,0.0
2024-01-19 23:00:00,0.3933747412008281,0.0236907730673316
2024-01-20 00:00:00,0.3954451345755694,0.1571072319201994
2024-01-20 01:00:00,0.3757763975155279,0.3329177057356609
2024-01-20 02:00:00,0.3809523809523809,0.4788029925187032
2024-01-20 03:00:00,0.4057971014492754,0.5785536159600998
2024-01-20 04:00:00,0.4233954451345755,0.6109725685785535
2024-01-20 05:00:00,0.4285714285714285,0.6022443890274314
2024-01-20 06:00:00,0.4658385093167702,0.5174563591022443
2024-01-20 07:00:00,0.5445134575569358,0.3591022443890274
2024-01-20 08:00:00,0.6459627329192547,0.1820448877805486
2024-01-20 09:00:00,0.6873706004140787,0.0224438902743142
2024-01-20 10:00:00,0.5993788819875776,0.0
2024-01-20 11:00:00,0.5786749482401657,0.0
2024-01-20 12:00:00,0.4937888198757764,0.0
2024-01-20 13:00:00,0.4182194616977226,0.0
2024-01-20 14:00:00,0.406832298136646,0.0
2024-01-20 15:00:00,0.4347826086956521,0.0
2024-01-20 16:00:00,0.4513457556935818,0.0
2024-01-20 17:00:00,0.4616977225672878,0.0
2024-01-20 18:00:00,0.4751552795031056,0.0
2024-01-20 19:00:00,0.4782608695652174,0.0
2024-01-20 20:00:00,0.5031055900621118,0.0
2024-01-20 21:00:00,0.4730848861283644,0.0
2024-01-20 22:00:00,0.463768115942029,0.0
2024-01-20 23:00:00,0.5445134575569358,0.041147132169576
2024-01-21 00:00:00,0.6708074534161491,0.199501246882793
2024-01-21 01:00:00,0.6066252587991718,0.3703241895261845
2024-01-21 02:00:00,0.4730848861283644,0.5261845386533666
2024-01-21 03:00:00,0.3291925465838509,0.6608478802992519
2024-01-21 04:00:00,0.2204968944099379,0.756857855361596
2024-01-21 05:00:00,0.1594202898550724,0.756857855361596
2024-01-21 06:00:00,0.1428571428571428,0.655860349127182
2024-01-21 07:00:00,0.1594202898550724,0.4862842892768079
2024-01-21 08:00:00,0.2060041407867495,0.2755610972568578
2024-01-21 09:00:00,0.2556935817805383,0.0386533665835411
2024-01-21 10:00:00,0.3830227743271222,0.0
2024-01-21 11:00:00,0.4368530020703933,0.0
2024-01-21 12:00:00,0.4213250517598343,0.0
2024-01-21 13:00:00,0.4192546583850932,0.0
2024-01-21 14:00:00,0.458592132505176,0.0
2024-01-21 15:00:00,0.4958592132505175,0.0
2024-01-21 16:00:00,0.5217391304347826,0.0
2024-01-21 17:00:00,0.5279503105590062,0.0
2024-01-21 18:00:00,0.5258799171842651,0.0
2024-01-21 19:00:00,0.5279503105590062,0.0
2024-01-21 20:00:00,0.5455486542443064,0.0
2024-01-21 21:00:00,0.6159420289855072,0.0
2024-01-21 22:00:00,0.7028985507246378,0.0
2024-01-21 23:00:00,0.7556935817805384,0.0024937655860349
2024-01-22 00:00:00,0.7836438923395446,0.0673316708229426
2024-01-22 01:00:00,0.7857142857142857,0.155860349127182
2024-01-22 02:00:00,0.7660455486542443,0.2456359102244389
2024-01-22 03:00:00,0.7494824016563147,0.3129675810473815
2024-01-22 04:00:00,0.7650103519668737,0.3354114713216957
2024-01-22 05:00:00,0.8022774327122154,0.3104738154613466
2024-01-22 06:00:00,0.8467908902691511,0.2468827930174563
2024-01-22 07:00:00,0.8768115942028986,0.1620947630922693
2024-01-22 08:00:00,0.8923395445134575,0.0698254364089775
2024-01-22 09:00:00,0.8757763975155279,0.0
2024-01-22 10:00:00,0.8540372670807453,0.0
2024-01-22 11:00:00,0.8674948240165632,0.0
2024-01-22 12:00:00,0.8913043478260869,0.0
2024-01-22 13:00:00,0.8933747412008282,0.0
2024-01-22 14:00:00,0.8726708074534162,0.0
2024-01-22 15:00:00,0.8695652173913043,0.0
2024-01-22 16:00:00,0.8633540372670807,0.0
2024-01-22 17:00:00,0.8467908902691511,0.0
2024-01-22 18:00:00,0.8405797101449276,0.0
2024-01-22 19:00:00,0.8436853002070394,0.0
2024-01-22 20:00:00,0.8312629399585922,0.0
2024-01-22 21:00:00,0.8219461697722568,0.0
2024-01-22 22:00:00,0.7971014492753624,0.0
2024-01-22 23:00:00,0.7857142857142857,0.0448877805486284
2024-01-23 00:00:00,0.8115942028985508,0.2780548628428927
2024-01-23 01:00:00,0.8002070393374742,0.5386533665835411
2024-01-23 02:00:00,0.7587991718426501,0.7331670822942643
2024-01-23 03:00:00,0.727743271221532,0.8715710723192018
2024-01-23 04:00:00,0.7028985507246378,0.9139650872817956
2024-01-23 05:00:00,0.684265010351967,0.8877805486284288
2024-01-23 06:00:00,0.6956521739130436,0.7780548628428927
2024-01-23 07:00:00,0.7349896480331263,0.5872817955112218
2024-01-23 08:00:00,0.7836438923395446,0.3229426433915212
2024-01-23 09:00:00,0.7608695652173914,0.0498753117206982
2024-01-23 10:00:00,0.6770186335403727,0.0
2024-01-23 11:00:00,0.7111801242236025,0.0
2024-01-23 12:00:00,0.7857142857142857,0.0
2024-01-23 13:00:00,0.7639751552795031,0.0
2024-01-23 14:00:00,0.7194616977225673,0.0
2024-01-23 15:00:00,0.679089026915114,0.0
2024-01-23 16:00:00,0.6490683229813665,0.0
2024-01-23 17:00:00,0.6097308488612836,0.0
2024-01-23 18:00:00,0.5838509316770186,0.0
2024-01-23 19:00:00,0.5600414078674949,0.0
2024-01-23 20:00:00,0.5248447204968945,0.0
2024-01-23 21:00:00,0.5010351966873706,0.0
2024-01-23 22:00:00,0.4937888198757764,0.0
2024-01-23 23:00:00,0.5031055900621118,0.0536159600997506
2024-01-24 00:00:00,0.5548654244306419,0.2743142144638404
2024-01-24 01:00:00,0.4699792960662526,0.4800498753117206
2024-01-24 02:00:00,0.3260869565217391,0.5947630922693267
2024-01-24 03:00:00,0.2153209109730849,0.6733167082294265
2024-01-24 04:00:00,0.1490683229813664,0.724438902743142
2024-01-24 05:00:00,0.1252587991718426,0.7281795511221945
2024-01-24 06:00:00,0.1366459627329192,0.6396508728179551
2024-01-24 07:00:00,0.1770186335403727,0.4775561097256857
2024-01-24 08:00:00,0.2536231884057971,0.2556109725685785
2024-01-24 09:00:00,0.3260869565217391,0.0361596009975062
2024-01-24 10:00:00,0.44824016563147,0.0
2024-01-24 11:00:00,0.4886128364389234,0.0
2024-01-24 12:00:00,0.4813664596273292,0.0
2024-01-24 13:00:00,0.4306418219461698,0.0
2024-01-24 14:00:00,0.3975155279503106,0.0
2024-01-24 15:00:00,0.3902691511387163,0.0
2024-01-24 16:00:00,0.3747412008281574,0.0
2024-01-24 17:00:00,0.3312629399585921,0.0
2024-01-24 18:00:00,0.2846790890269151,0.0
2024-01-24 19:00:00,0.2422360248447205,0.0
2024-01-24 20:00:00,0.2194616977225673,0.0
2024-01-24 21:00:00,0.2142857142857142,0.0
2024-01-24 22:00:00,0.2142857142857142,0.0
2024-01-24 23:00:00,0.2194616977225673,0.0062344139650872
2024-01-25 00:00:00,0.2308488612836439,0.0910224438902743
2024-01-25 01:00:00,0.1956521739130435,0.2219451371571072
2024-01-25 02:00:00,0.1480331262939958,0.3728179551122194
2024-01-25 03:00:00,0.1128364389233954,0.5598503740648378
2024-01-25 04:00:00,0.0890269151138716,0.7493765586034912
2024-01-25 05:00:00,0.077639751552795,0.8092269326683291
2024-01-25 06:00:00,0.0869565217391304,0.7294264339152119
2024-01-25 07:00:00,0.1128364389233954,0.543640897755611
2024-01-25 08:00:00,0.1801242236024844,0.286783042394015
2024-01-25 09:00:00,0.3291925465838509,0.0423940149625935
2024-01-25 10:00:00,0.4937888198757764,0.0
2024-01-25 11:00:00,0.4989648033126294,0.0
2024-01-25 12:00:00,0.4213250517598343,0.0
2024-01-25 13:00:00,0.3405797101449275,0.0
2024-01-25 14:00:00,0.2836438923395445,0.0
2024-01-25 15:00:00,0.2556935817805383,0.0
2024-01-25 16:00:00,0.2474120082815735,0.0
2024-01-25 17:00:00,0.2443064182194617,0.0
2024-01-25 18:00:00,0.2422360248447205,0.0
2024-01-25 19:00:00,0.2412008281573499,0.0
2024-01-25 20:00:00,0.2556935817805383,0.0
2024-01-25 21:00:00,0.1935817805383022,0.0
2024-01-25 22:00:00,0.1407867494824016,0.0
2024-01-25 23:00:00,0.1128364389233954,0.0174563591022443
2024-01-26 00:00:00,0.1076604554865424,0.14214463840399
2024-01-26 01:00:00,0.0942028985507246,0.3129675810473815
2024-01-26 02:00:00,0.0610766045548654,0.4613466334164588
2024-01-26 03:00:00,0.0383022774327122,0.5635910224438903
2024-01-26 04:00:00,0.0279503105590062,0.6271820448877805
2024-01-26 05:00:00,0.0269151138716356,0.6608478802992519
2024-01-26 06:00:00,0.0331262939958592,0.6384039900249376
2024-01-26 07:00:00,0.0496894409937888,0.4937655860349127
2024-01-26 08:00:00,0.0817805383022774,0.2618453865336658
2024-01-26 09:00:00,0.1511387163561076,0.0386533665835411
2024-01-26 10:00:00,0.3146997929606625,0.0
2024-01-26 11:00:00,0.3737060041407867,0.0
2024-01-26 12:00:00,0.3457556935817805,0.0
2024-01-26 13:00:00,0.3002070393374741,0.0
2024-01-26 14:00:00,0.2494824016563147,0.0
2024-01-26 15:00:00,0.2215320910973084,0.0
2024-01-26 16:00:00,0.2039337474120083,0.0
2024-01-26 17:00:00,0.1915113871635611,0.0
2024-01-26 18:00:00,0.1697722567287785,0.0
2024-01-26 19:00:00,0.1428571428571428,0.0
2024-01-26 20:00:00,0.1262939958592132,0.0
2024-01-26 21:00:00,0.119047619047619,0.0
2024-01-26 22:00:00,0.1211180124223602,0.0
2024-01-26 23:00:00,0.1180124223602484,0.0074812967581047
2024-01-27 00:00:00,0.160455486542443,0.0872817955112219
2024-01-27 01:00:00,0.1532091097308488,0.256857855361596
2024-01-27 02:00:00,0.098343685300207,0.4962593516209476
2024-01-27 03:00:00,0.0548654244306418,0.6334164588528678
2024-01-27 04:00:00,0.0289855072463768,0.7730673316708229
2024-01-27 05:00:00,0.0238095238095238,0.6895261845386533
2024-01-27 06:00:00,0.0372670807453416,0.5299251870324189
2024-01-27 07:00:00,0.0662525879917184,0.3466334164588528
2024-01-27 08:00:00,0.1149068322981366,0.128428927680798
2024-01-27 09:00:00,0.1925465838509316,0.0062344139650872
2024-01-27 10:00:00,0.2608695652173913,0.0
2024-01-27 11:00:00,0.3115942028985507,0.0
2024-01-27 12:00:00,0.3364389233954452,0.0
2024-01-27 13:00:00,0.3633540372670807,0.0
2024-01-27 14:00:00,0.3488612836438923,0.0
2024-01-27 15:00:00,0.3291925465838509,0.0
2024-01-27 16:00:00,0.3467908902691511,0.0
2024-01-27 17:00:00,0.3281573498964803,0.0
2024-01-27 18:00:00,0.3053830227743271,0.0
2024-01-27 19:00:00,0.2670807453416149,0.0
2024-01-27 20:00:00,0.2619047619047619,0.0
2024-01-27 21:00:00,0.2650103519668737,0.0
2024-01-27 22:00:00,0.2308488612836439,0.0
2024-01-27 23:00:00,0.196687370600414,0.0149625935162094
2024-01-28 00:00:00,0.2256728778467909,0.1184538653366583
2024-01-28 01:00:00,0.2598343685300207,0.2917705735660847
2024-01-28 02:00:00,0.2184265010351966,0.5037406483790524
2024-01-28 03:00:00,0.1376811594202898,0.6571072319201995
2024-01-28 04:00:00,0.0662525879917184,0.6870324189526185
2024-01-28 05:00:00,0.0248447204968944,0.6371571072319202
2024-01-28 06:00:00,0.010351966873706,0.5261845386533666
2024-01-28 07:00:00,0.0062111801242236,0.3790523690773067
2024-01-28 08:00:00,0.0072463768115942,0.1845386533665835
2024-01-28 09:00:00,0.0186335403726708,0.0199501246882793
2024-01-28 10:00:00,0.0538302277432712,0.0
2024-01-28 11:00:00,0.0952380952380952,0.0
2024-01-28 12:00:00,0.1262939958592132,0.0
2024-01-28 13:00:00,0.144927536231884,0.0
2024-01-28 14:00:00,0.165631469979296,0.0
2024-01-28 15:00:00,0.1625258799171842,0.0
2024-01-28 16:00:00,0.1428571428571428,0.0
2024-01-28 17:00:00,0.1283643892339544,0.0
2024-01-28 18:00:00,0.124223602484472,0.0
2024-01-28 19:00:00,0.1097308488612836,0.0
2024-01-28 20:00:00,0.0942028985507246,0.0
2024-01-28 21:00:00,0.0848861283643892,0.0
2024-01-28 22:00:00,0.0703933747412008,0.0
2024-01-28 23:00:00,0.0579710144927536,0.0473815461346633
2024-01-29 00:00:00,0.0351966873706004,0.2344139650872818
2024-01-29 01:00:00,0.0165631469979296,0.4177057356608479
2024-01-29 02:00:00,0.005175983436853,0.4189526184538653
2024-01-29 03:00:00,0.0020703933747412,0.3927680798004987
2024-01-29 04:00:00,0.0031055900621118,0.4201995012468828
2024-01-29 05:00:00,0.0041407867494824,0.4189526184538653
2024-01-29 06:00:00,0.005175983436853,0.4102244389027431
2024-01-29 07:00:00,0.005175983436853,0.298004987531172
2024-01-29 08:00:00,0.0020703933747412,0.1446384039900249
2024-01-29 09:00:00,0.0,0.0162094763092269
2024-01-29 10:00:00,0.0,0.0
2024-01-29 11:00:00,0.0093167701863354,0.0
2024-01-29 12:00:00,0.015527950310559,0.0
2024-01-29 13:00:00,0.0165631469979296,0.0
2024-01-29 14:00:00,0.0372670807453416,0.0
2024-01-29 15:00:00,0.067287784679089,0.0
2024-01-29 16:00:00,0.0807453416149068,0.0
2024-01-29 17:00:00,0.072463768115942,0.0
2024-01-29 18:00:00,0.0600414078674948,0.0
2024-01-29 19:00:00,0.0527950310559006,0.0
2024-01-29 20:00:00,0.0486542443064182,0.0
2024-01-29 21:00:00,0.0434782608695652,0.0
2024-01-29 22:00:00,0.041407867494824,0.0
2024-01-29 23:00:00,0.0341614906832298,0.0486284289276807
2024-01-30 00:00:00,0.020703933747412,0.286783042394015
2024-01-30 01:00:00,0.0144927536231884,0.5224438902743141
2024-01-30 02:00:00,0.0113871635610766,0.6945137157107232
2024-01-30 03:00:00,0.0196687370600414,0.768079800498753
2024-01-30 04:00:00,0.0331262939958592,0.8179551122194514
2024-01-30 05:00:00,0.041407867494824,0.7643391521197007
2024-01-30 06:00:00,0.0507246376811594,0.6433915211970075
2024-01-30 07:00:00,0.0641821946169772,0.4775561097256857
2024-01-30 08:00:00,0.0745341614906832,0.2182044887780548
2024-01-30 09:00:00,0.1014492753623188,0.0299251870324189
2024-01-30 10:00:00,0.1625258799171842,0.0
2024-01-30 11:00:00,0.1987577639751553,0.0
2024-01-30 12:00:00,0.1749482401656314,0.0
2024-01-30 13:00:00,0.1149068322981366,0.0
2024-01-30 14:00:00,0.0527950310559006,0.0
2024-01-30 15:00:00,0.0124223602484472,0.0
2024-01-30 16:00:00,0.0010351966873706,0.0
2024-01-30 17:00:00,0.0,0.0
2024-01-30 18:00:00,0.0,0.0
2024-01-30 19:00:00,0.0,0.0
2024-01-30 20:00:00,0.0,0.0
2024-01-30 21:00:00,0.0010351966873706,0.0
2024-01-30 22:00:00,0.0041407867494824,0.0
2024-01-30 23:00:00,0.0072463768115942,0.0486284289276807
2024-01-31 00:00:00,0.0031055900621118,0.2581047381546134
2024-01-31 01:00:00,0.0082815734989648,0.4812967581047381
2024-01-31 02:00:00,0.0300207039337474,0.614713216957606
2024-01-31 03:00:00,0.0320910973084886,0.7019950124688278
2024-01-31 04:00:00,0.0372670807453416,0.7306733167082293
2024-01-31 05:00:00,0.056935817805383,0.7019950124688278
2024-01-31 06:00:00,0.0859213250517598,0.6022443890274314
2024-01-31 07:00:00,0.1169772256728778,0.4625935162094762
2024-01-31 08:00:00,0.1614906832298136,0.256857855361596
2024-01-31 09:00:00,0.2556935817805383,0.0286783042394014
2024-01-31 10:00:00,0.4099378881987578,0.0
2024-01-31 11:00:00,0.4306418219461698,0.0
2024-01-31 12:00:00,0.3695652173913043,0.0
2024-01-31 13:00:00,0.2950310559006211,0.0
2024-01-31 14:00:00,0.2287784679089027,0.0
2024-01-31 15:00:00,0.1739130434782609,0.0
2024-01-31 16:00:00,0.1169772256728778,0.0
2024-01-31 17:00:00,0.077639751552795,0.0
2024-01-31 18:00:00,0.0590062111801242,0.0
2024-01-31 19:00:00,0.046583850931677,0.0
2024-01-31 20:00:00,0.0476190476190476,0.0
2024-01-31 21:00:00,0.05175983436853,0.0
2024-01-31 22:00:00,0.0590062111801242,0.0
2024-01-31 23:00:00,0.0496894409937888,0.0785536159600997
2024-02-01 00:00:00,0.0320910973084886,0.2967581047381545
2024-02-01 01:00:00,0.0227743271221532,0.5561097256857855
2024-02-01 02:00:00,0.010351966873706,0.7306733167082293
2024-02-01 03:00:00,0.0082815734989648,0.8117206982543641
2024-02-01 04:00:00,0.0134575569358178,0.8266832917705735
2024-02-01 05:00:00,0.0217391304347826,0.7905236907730673
2024-02-01 06:00:00,0.0351966873706004,0.6733167082294265
2024-02-01 07:00:00,0.0579710144927536,0.5024937655860349
2024-02-01 08:00:00,0.0910973084886128,0.2244389027431421
2024-02-01 09:00:00,0.1666666666666666,0.0324189526184538
2024-02-01 10:00:00,0.3012422360248447,0.0
2024-02-01 11:00:00,0.339544513457557,0.0
2024-02-01 12:00:00,0.2981366459627329,0.0
2024-02-01 13:00:00,0.2215320910973084,0.0
2024-02-01 14:00:00,0.1304347826086956,0.0
2024-02-01 15:00:00,0.067287784679089,0.0
2024-02-01 16:00:00,0.0227743271221532,0.0
2024-02-01 17:00:00,0.0010351966873706,0.0
2024-02-01 18:00:00,0.0,0.0
2024-02-01 19:00:00,0.0041407867494824,0.0
2024-02-01 20:00:00,0.041407867494824,0.0
2024-02-01 21:00:00,0.0890269151138716,0.0
2024-02-01 22:00:00,0.1211180124223602,0.0
2024-02-01 23:00:00,0.1045548654244306,0.0461346633416458
2024-02-02 00:00:00,0.0693581780538302,0.2244389027431421
2024-02-02 01:00:00,0.0289855072463768,0.4576059850374064
2024-02-02 02:00:00,0.0062111801242236,0.6783042394014963
2024-02-02 03:00:00,0.010351966873706,0.798004987531172
2024-02-02 04:00:00,0.0186335403726708,0.7768079800498753
2024-02-02 05:00:00,0.036231884057971,0.7094763092269326
2024-02-02 06:00:00,0.0693581780538302,0.6309226932668329
2024-02-02 07:00:00,0.129399585921325,0.4688279301745636
2024-02-02 08:00:00,0.2267080745341615,0.1932668329177057
2024-02-02 09:00:00,0.3126293995859213,0.0286783042394014
2024-02-02 10:00:00,0.3799171842650103,0.0
2024-02-02 11:00:00,0.3519668737060041,0.0
2024-02-02 12:00:00,0.2888198757763975,0.0
2024-02-02 13:00:00,0.2329192546583851,0.0
2024-02-02 14:00:00,0.1687370600414078,0.0
2024-02-02 15:00:00,0.124223602484472,0.0
2024-02-02 16:00:00,0.1076604554865424,0.0
2024-02-02 17:00:00,0.1045548654244306,0.0
2024-02-02 18:00:00,0.124223602484472,0.0
2024-02-02 19:00:00,0.1438923395445134,0.0
2024-02-02 20:00:00,0.1542443064182194,0.0
2024-02-02 21:00:00,0.160455486542443,0.0
2024-02-02 22:00:00,0.1594202898550724,0.0
2024-02-02 23:00:00,0.1262939958592132,0.0673316708229426
2024-02-03 00:00:00,0.0993788819875776,0.28428927680798
2024-02-03 01:00:00,0.0973084886128364,0.4962593516209476
2024-02-03 02:00:00,0.0797101449275362,0.7182044887780548
2024-02-03 03:00:00,0.05175983436853,0.827930174563591
2024-02-03 04:00:00,0.0341614906832298,0.8391521197007481
2024-02-03 05:00:00,0.0269151138716356,0.78428927680798
2024-02-03 06:00:00,0.0248447204968944,0.6670822942643392
2024-02-03 07:00:00,0.0269151138716356,0.4750623441396508
2024-02-03 08:00:00,0.0320910973084886,0.1882793017456359
2024-02-03 09:00:00,0.0641821946169772,0.0299251870324189
2024-02-03 10:00:00,0.1262939958592132,0.0
2024-02-03 11:00:00,0.1097308488612836,0.0
2024-02-03 12:00:00,0.0538302277432712,0.0
2024-02-03 13:00:00,0.031055900621118,0.0
2024-02-03 14:00:00,0.0289855072463768,0.0
2024-02-03 15:00:00,0.0351966873706004,0.0
2024-02-03 16:00:00,0.0320910973084886,0.0
2024-02-03 17:00:00,0.0351966873706004,0.0
2024-02-03 18:00:00,0.0300207039337474,0.0
2024-02-03 19:00:00,0.0351966873706004,0.0
2024-02-03 20:00:00,0.056935817805383,0.0
2024-02-03 21:00:00,0.1231884057971014,0.0
2024-02-03 22:00:00,0.2287784679089027,0.0
2024-02-03 23:00:00,0.2660455486542443,0.0486284289276807
2024-02-04 00:00:00,0.2556935817805383,0.2344139650872818
2024-02-04 01:00:00,0.3488612836438923,0.3790523690773067
2024-02-04 02:00:00,0.4254658385093167,0.3765586034912718
2024-02-04 03:00:00,0.4109730848861284,0.3391521197007481
2024-02-04 04:00:00,0.3426501035196688,0.3703241895261845
2024-02-04 05:00:00,0.2277432712215321,0.4077306733167082
2024-02-04 06:00:00,0.1614906832298136,0.3578553615960099
2024-02-04 07:00:00,0.1252587991718426,0.2531172069825436
2024-02-04 08:00:00,0.3457556935817805,0.1321695760598503
2024-02-04 09:00:00,0.5786749482401657,0.0187032418952618
2024-02-04 10:00:00,0.5859213250517598,0.0
2024-02-04 11:00:00,0.5,0.0
2024-02-04 12:00:00,0.386128364389234,0.0
2024-02-04 13:00:00,0.3457556935817805,0.0
2024-02-04 14:00:00,0.3343685300207039,0.0
2024-02-04 15:00:00,0.3385093167701863,0.0
2024-02-04 16:00:00,0.3498964803312629,0.0
2024-02-04 17:00:00,0.386128364389234,0.0
2024-02-04 18:00:00,0.4420289855072464,0.0
2024-02-04 19:00:00,0.4730848861283644,0.0
2024-02-04 20:00:00,0.4730848861283644,0.0
2024-02-04 21:00:00,0.4668737060041408,0.0
2024-02-04 22:00:00,0.4772256728778468,0.0
2024-02-04 23:00:00,0.4658385093167702,0.0511221945137157
2024-02-05 00:00:00,0.4161490683229814,0.2643391521197007
2024-02-05 01:00:00,0.2867494824016564,0.5099750623441396
2024-02-05 02:00:00,0.1438923395445134,0.7157107231920199
2024-02-05 03:00:00,0.067287784679089,0.8192019950124688
2024-02-05 04:00:00,0.0248447204968944,0.830423940149626
2024-02-05 05:00:00,0.0041407867494824,0.7743142144638403
2024-02-05 06:00:00,0.0010351966873706,0.6533665835411471
2024-02-05 07:00:00,0.0,0.4438902743142144
2024-02-05 08:00:00,0.0,0.2019950124688279
2024-02-05 09:00:00,0.0010351966873706,0.027431421446384
2024-02-05 10:00:00,0.0331262939958592,0.0
2024-02-05 11:00:00,0.0734989648033126,0.0
2024-02-05 12:00:00,0.093167701863354,0.0
2024-02-05 13:00:00,0.1231884057971014,0.0
2024-02-05 14:00:00,0.1697722567287785,0.0
2024-02-05 15:00:00,0.186335403726708,0.0
2024-02-05 16:00:00,0.175983436853002,0.0
2024-02-05 17:00:00,0.1645962732919254,0.0
2024-02-05 18:00:00,0.1511387163561076,0.0
2024-02-05 19:00:00,0.1304347826086956,0.0
2024-02-05 20:00:00,0.1128364389233954,0.0
2024-02-05 21:00:00,0.1076604554865424,0.0
2024-02-05 22:00:00,0.1159420289855072,0.0
2024-02-05 23:00:00,0.1107660455486542,0.0423940149625935
2024-02-06 00:00:00,0.0973084886128364,0.2069825436408977
2024-02-06 01:00:00,0.0797101449275362,0.3965087281795511
2024-02-06 02:00:00,0.0434782608695652,0.5835411471321695
2024-02-06 03:00:00,0.0134575569358178,0.6683291770573566
2024-02-06 04:00:00,0.0020703933747412,0.7356608478802992
2024-02-06 05:00:00,0.0,0.7082294264339151
2024-02-06 06:00:00,0.0,0.5685785536159601
2024-02-06 07:00:00,0.0010351966873706,0.3765586034912718
2024-02-06 08:00:00,0.0031055900621118,0.1758104738154613
2024-02-06 09:00:00,0.0196687370600414,0.0211970074812967
2024-02-06 10:00:00,0.0942028985507246,0.0
2024-02-06 11:00:00,0.1304347826086956,0.0
2024-02-06 12:00:00,0.1801242236024844,0.0
2024-02-06 13:00:00,0.2567287784679089,0.0
2024-02-06 14:00:00,0.3291925465838509,0.0
2024-02-06 15:00:00,0.3405797101449275,0.0
2024-02-06 16:00:00,0.3457556935817805,0.0
2024-02-06 17:00:00,0.3581780538302277,0.0
2024-02-06 18:00:00,0.3747412008281574,0.0
2024-02-06 19:00:00,0.386128364389234,0.0
2024-02-06 20:00:00,0.412008281573499,0.0
2024-02-06 21:00:00,0.4337474120082816,0.0
2024-02-06 22:00:00,0.3995859213250518,0.0
2024-02-06 23:00:00,0.3322981366459627,0.0074812967581047
2024-02-07 00:00:00,0.2898550724637681,0.0785536159600997
2024-02-07 01:00:00,0.2805383022774327,0.1895261845386533
2024-02-07 02:00:00,0.2567287784679089,0.3765586034912718
2024-02-07 03:00:00,0.2194616977225673,0.5673316708229427
2024-02-07 04:00:00,0.1335403726708074,0.6109725685785535
2024-02-07 05:00:00,0.0921325051759834,0.527431421446384
2024-02-07 06:00:00,0.119047619047619,0.3965087281795511
2024-02-07 07:00:00,0.2670807453416149,0.2306733167082294
2024-02-07 08:00:00,0.5248447204968945,0.1022443890274314
2024-02-07 09:00:00,0.6242236024844721,0.0087281795511221
2024-02-07 10:00:00,0.5776397515527951,0.0
2024-02-07 11:00:00,0.5144927536231885,0.0
2024-02-07 12:00:00,0.458592132505176,0.0
2024-02-07 13:00:00,0.4089026915113872,0.0
2024-02-07 14:00:00,0.3664596273291925,0.0
2024-02-07 15:00:00,0.3374741200828157,0.0
2024-02-07 16:00:00,0.3364389233954452,0.0
2024-02-07 17:00:00,0.3592132505175983,0.0
2024-02-07 18:00:00,0.3830227743271222,0.0
2024-02-07 19:00:00,0.4047619047619047,0.0
2024-02-07 20:00:00,0.4026915113871636,0.0
2024-02-07 21:00:00,0.3633540372670807,0.0
2024-02-07 22:00:00,0.3322981366459627,0.0
2024-02-07 23:00:00,0.3343685300207039,0.0224438902743142
2024-02-08 00:00:00,0.4037267080745342,0.1596009975062344
2024-02-08 01:00:00,0.4544513457556935,0.3478802992518703
2024-02-08 02:00:00,0.4658385093167702,0.5536159600997506
2024-02-08 03:00:00,0.3602484472049689,0.6496259351620948
2024-02-08 04:00:00,0.2194616977225673,0.4463840399002493
2024-02-08 05:00:00,0.1821946169772256,0.2219451371571072
2024-02-08 06:00:00,0.2060041407867495,0.1546134663341646
2024-02-08 07:00:00,0.2670807453416149,0.1296758104738154
2024-02-08 08:00:00,0.3364389233954452,0.1059850374064838
2024-02-08 09:00:00,0.3944099378881988,0.0236907730673316
2024-02-08 10:00:00,0.3778467908902692,0.0
2024-02-08 11:00:00,0.412008281573499,0.0
2024-02-08 12:00:00,0.4254658385093167,0.0
2024-02-08 13:00:00,0.44824016563147,0.0
2024-02-08 14:00:00,0.4492753623188406,0.0
2024-02-08 15:00:00,0.4316770186335403,0.0
2024-02-08 16:00:00,0.3830227743271222,0.0
2024-02-08 17:00:00,0.3250517598343685,0.0
2024-02-08 18:00:00,0.2494824016563147,0.0
2024-02-08 19:00:00,0.2401656314699793,0.0
2024-02-08 20:00:00,0.2660455486542443,0.0
2024-02-08 21:00:00,0.3053830227743271,0.0
2024-02-08 22:00:00,0.3343685300207039,0.0
2024-02-08 23:00:00,0.3923395445134576,0.0249376558603491
2024-02-09 00:00:00,0.4761904761904762,0.1571072319201994
2024-02-09 01:00:00,0.5,0.3179551122194514
2024-02-09 02:00:00,0.4554865424430642,0.4725685785536159
2024-02-09 03:00:00,0.3509316770186336,0.5374064837905237
2024-02-09 04:00:00,0.2277432712215321,0.511221945137157
2024-02-09 05:00:00,0.1542443064182194,0.4177057356608479
2024-02-09 06:00:00,0.1356107660455486,0.3029925187032419
2024-02-09 07:00:00,0.1438923395445134,0.1982543640897755
2024-02-09 08:00:00,0.1625258799171842,0.0910224438902743
2024-02-09 09:00:00,0.1573498964803312,0.0112219451371571
2024-02-09 10:00:00,0.2018633540372671,0.0
2024-02-09 11:00:00,0.3250517598343685,0.0
2024-02-09 12:00:00,0.4192546583850932,0.0
2024-02-09 13:00:00,0.4037267080745342,0.0
2024-02-09 14:00:00,0.3136645962732919,0.0
2024-02-09 15:00:00,0.2567287784679089,0.0
2024-02-09 16:00:00,0.2298136645962733,0.0
2024-02-09 17:00:00,0.2070393374741201,0.0
2024-02-09 18:00:00,0.1801242236024844,0.0
2024-02-09 19:00:00,0.15527950310559,0.0
2024-02-09 20:00:00,0.1438923395445134,0.0
2024-02-09 21:00:00,0.1480331262939958,0.0
2024-02-09 22:00:00,0.170807453416149,0.0
2024-02-09 23:00:00,0.1915113871635611,0.0748129675810473
2024-02-10 00:00:00,0.2981366459627329,0.3528678304239401
2024-02-10 01:00:00,0.3198757763975155,0.6097256857855361
2024-02-10 02:00:00,0.2267080745341615,0.7855361596009974
2024-02-10 03:00:00,0.1469979296066252,0.8865336658354114
2024-02-10 04:00:00,0.1076604554865424,0.9152119700748128
2024-02-10 05:00:00,0.0910973084886128,0.8753117206982542
2024-02-10 06:00:00,0.0890269151138716,0.7693266832917706
2024-02-10 07:00:00,0.1014492753623188,0.5922693266832917
2024-02-10 08:00:00,0.1283643892339544,0.3491271820448878
2024-02-10 09:00:00,0.186335403726708,0.0798004987531172
2024-02-10 10:00:00,0.3074534161490683,0.0
2024-02-10 11:00:00,0.4089026915113872,0.0
2024-02-10 12:00:00,0.432712215320911,0.0
2024-02-10 13:00:00,0.4078674948240166,0.0
2024-02-10 14:00:00,0.3881987577639751,0.0
2024-02-10 15:00:00,0.3902691511387163,0.0
2024-02-10 16:00:00,0.386128364389234,0.0
2024-02-10 17:00:00,0.3830227743271222,0.0
2024-02-10 18:00:00,0.3830227743271222,0.0
2024-02-10 19:00:00,0.3975155279503106,0.0
2024-02-10 20:00:00,0.4109730848861284,0.0
2024-02-10 21:00:00,0.3850931677018633,0.0
2024-02-10 22:00:00,0.3571428571428571,0.0
2024-02-10 23:00:00,0.2453416149068323,0.169576059850374
2024-02-11 00:00:00,0.0797101449275362,0.4576059850374064
2024-02-11 01:00:00,0.0921325051759834,0.6932668329177057
2024-02-11 02:00:00,0.2039337474120083,0.8503740648379052
2024-02-11 03:00:00,0.2339544513457557,0.9389027431421446
2024-02-11 04:00:00,0.1956521739130435,0.9663341645885286
2024-02-11 05:00:00,0.1459627329192546,0.9276807980049876
2024-02-11 06:00:00,0.1055900621118012,0.8229426433915212
2024-02-11 07:00:00,0.0797101449275362,0.6483790523690773
2024-02-11 08:00:00,0.0662525879917184,0.4002493765586035
2024-02-11 09:00:00,0.0900621118012422,0.1034912718204488
2024-02-11 10:00:00,0.1490683229813664,0.0
2024-02-11 11:00:00,0.1987577639751553,0.0
2024-02-11 12:00:00,0.2060041407867495,0.0
2024-02-11 13:00:00,0.1790890269151138,0.0
2024-02-11 14:00:00,0.144927536231884,0.0
2024-02-11 15:00:00,0.1356107660455486,0.0
2024-02-11 16:00:00,0.1366459627329192,0.0
2024-02-11 17:00:00,0.1304347826086956,0.0
2024-02-11 18:00:00,0.1231884057971014,0.0
2024-02-11 19:00:00,0.1314699792960662,0.0
2024-02-11 20:00:00,0.1480331262939958,0.0
2024-02-11 21:00:00,0.1573498964803312,0.0
2024-02-11 22:00:00,0.1614906832298136,0.0
2024-02-11 23:00:00,0.139751552795031,0.1645885286783042
2024-02-12 00:00:00,0.0455486542443064,0.4438902743142144
2024-02-12 01:00:00,0.0942028985507246,0.6795511221945137
2024-02-12 02:00:00,0.1004140786749482,0.8366583541147132
2024-02-12 03:00:00,0.0755693581780538,0.9239401496259352
2024-02-12 04:00:00,0.0559006211180124,0.9426433915211968
2024-02-12 05:00:00,0.0538302277432712,0.9014962593516208
2024-02-12 06:00:00,0.077639751552795,0.7942643391521197
2024-02-12 07:00:00,0.108695652173913,0.6184538653366584
2024-02-12 08:00:00,0.1511387163561076,0.3703241895261845
2024-02-12 09:00:00,0.2743271221532091,0.0885286783042393
2024-02-12 10:00:00,0.474120082815735,0.0
2024-02-12 11:00:00,0.5320910973084887,0.0
2024-02-12 12:00:00,0.4658385093167702,0.0
2024-02-12 13:00:00,0.3550724637681159,0.0
2024-02-12 14:00:00,0.2660455486542443,0.0
2024-02-12 15:00:00,0.1884057971014492,0.0
2024-02-12 16:00:00,0.1180124223602484,0.0
2024-02-12 17:00:00,0.062111801242236,0.0
2024-02-12 18:00:00,0.0372670807453416,0.0
2024-02-12 19:00:00,0.046583850931677,0.0
2024-02-12 20:00:00,0.0548654244306418,0.0
2024-02-12 21:00:00,0.1076604554865424,0.0
2024-02-12 22:00:00,0.1739130434782609,0.0
2024-02-12 23:00:00,0.1532091097308488,0.1346633416458852
2024-02-13 00:00:00,0.0641821946169772,0.399002493765586
2024-02-13 01:00:00,0.1801242236024844,0.6371571072319202
2024-02-13 02:00:00,0.2349896480331263,0.7955112219451371
2024-02-13 03:00:00,0.2080745341614907,0.8790523690773067
2024-02-13 04:00:00,0.196687370600414,0.9014962593516208
2024-02-13 05:00:00,0.217391304347826,0.8603491271820448
2024-02-13 06:00:00,0.2453416149068323,0.7531172069825436
2024-02-13 07:00:00,0.2660455486542443,0.5798004987531172
2024-02-13 08:00:00,0.2898550724637681,0.3391521197007481
2024-02-13 09:00:00,0.3374741200828157,0.0748129675810473
2024-02-13 10:00:00,0.4606625258799172,0.0
2024-02-13 11:00:00,0.4430641821946169,0.0
2024-02-13 12:00:00,0.3229813664596273,0.0
2024-02-13 13:00:00,0.186335403726708,0.0
2024-02-13 14:00:00,0.0890269151138716,0.0
2024-02-13 15:00:00,0.0372670807453416,0.0
2024-02-13 16:00:00,0.0134575569358178,0.0
2024-02-13 17:00:00,0.0041407867494824,0.0
2024-02-13 18:00:00,0.0010351966873706,0.0
2024-02-13 19:00:00,0.0010351966873706,0.0
2024-02-13 20:00:00,0.0010351966873706,0.0
2024-02-13 21:00:00,0.0041407867494824,0.0
2024-02-13 22:00:00,0.0082815734989648,0.0
2024-02-13 23:00:00,0.0124223602484472,0.1197007481296758
2024-02-14 00:00:00,0.0031055900621118,0.3728179551122194
2024-02-14 01:00:00,0.025879917184265,0.6059850374064838
2024-02-14 02:00:00,0.031055900621118,0.7655860349127181
2024-02-14 03:00:00,0.0341614906832298,0.8678304239401495
2024-02-14 04:00:00,0.0476190476190476,0.8890274314214462
2024-02-14 05:00:00,0.0600414078674948,0.844139650872818
2024-02-14 06:00:00,0.0890269151138716,0.7256857855361595
2024-02-14 07:00:00,0.1231884057971014,0.5561097256857855
2024-02-14 08:00:00,0.1583850931677018,0.2967581047381545
2024-02-14 09:00:00,0.2546583850931677,0.0648379052369077
2024-02-14 10:00:00,0.458592132505176,0.0
2024-02-14 11:00:00,0.4937888198757764,0.0
2024-02-14 12:00:00,0.386128364389234,0.0
2024-02-14 13:00:00,0.2525879917184265,0.0
2024-02-14 14:00:00,0.1614906832298136,0.0
2024-02-14 15:00:00,0.0900621118012422,0.0
2024-02-14 16:00:00,0.0393374741200828,0.0
2024-02-14 17:00:00,0.0144927536231884,0.0
2024-02-14 18:00:00,0.0082815734989648,0.0
2024-02-14 19:00:00,0.0082815734989648,0.0
2024-02-14 20:00:00,0.015527950310559,0.0
2024-02-14 21:00:00,0.0144927536231884,0.0
2024-02-14 22:00:00,0.0134575569358178,0.0
2024-02-14 23:00:00,0.0082815734989648,0.0810473815461346
2024-02-15 00:00:00,0.0,0.3503740648379052
2024-02-15 01:00:00,0.0,0.6097256857855361
2024-02-15 02:00:00,0.0,0.7768079800498753
2024-02-15 03:00:00,0.0020703933747412,0.8578553615960098
2024-02-15 04:00:00,0.0041407867494824,0.8765586034912717
2024-02-15 05:00:00,0.0041407867494824,0.8229426433915212
2024-02-15 06:00:00,0.010351966873706,0.6932668329177057
2024-02-15 07:00:00,0.0383022774327122,0.4650872817955112
2024-02-15 08:00:00,0.1376811594202898,0.2443890274314214
2024-02-15 09:00:00,0.3737060041407867,0.0448877805486284
2024-02-15 10:00:00,0.6335403726708074,0.0
2024-02-15 11:00:00,0.7567287784679089,0.0
2024-02-15 12:00:00,0.7215320910973084,0.0
2024-02-15 13:00:00,0.6480331262939959,0.0
2024-02-15 14:00:00,0.5600414078674949,0.0
2024-02-15 15:00:00,0.4989648033126294,0.0
2024-02-15 16:00:00,0.4347826086956521,0.0
2024-02-15 17:00:00,0.4254658385093167,0.0
2024-02-15 18:00:00,0.3975155279503106,0.0
2024-02-15 19:00:00,0.4296066252587991,0.0
2024-02-15 20:00:00,0.4606625258799172,0.0
2024-02-15 21:00:00,0.4492753623188406,0.0
2024-02-15 22:00:00,0.3768115942028985,0.0
2024-02-15 23:00:00,0.3405797101449275,0.0935162094763092
2024-02-16 00:00:00,0.3964803312629399,0.3453865336658354
2024-02-16 01:00:00,0.2991718426501035,0.5835411471321695
2024-02-16 02:00:00,0.1666666666666666,0.7456359102244389
2024-02-16 03:00:00,0.0703933747412008,0.869077306733167
2024-02-16 04:00:00,0.0134575569358178,0.8865336658354114
2024-02-16 05:00:00,0.0,0.8354114713216958
2024-02-16 06:00:00,0.0,0.6982543640897756
2024-02-16 07:00:00,0.0,0.5124688279301745
2024-02-16 08:00:00,0.0,0.2605985037406483
2024-02-16 09:00:00,0.0041407867494824,0.0511221945137157
2024-02-16 10:00:00,0.0434782608695652,0.0
2024-02-16 11:00:00,0.113871635610766,0.0
2024-02-16 12:00:00,0.1645962732919254,0.0
2024-02-16 13:00:00,0.1677018633540372,0.0
2024-02-16 14:00:00,0.1407867494824016,0.0
2024-02-16 15:00:00,0.1066252587991718,0.0
2024-02-16 16:00:00,0.0755693581780538,0.0
2024-02-16 17:00:00,0.067287784679089,0.0
2024-02-16 18:00:00,0.0683229813664596,0.0
2024-02-16 19:00:00,0.0786749482401656,0.0
2024-02-16 20:00:00,0.108695652173913,0.0
2024-02-16 21:00:00,0.160455486542443,0.0
2024-02-16 22:00:00,0.2060041407867495,0.0
2024-02-16 23:00:00,0.170807453416149,0.0798004987531172
2024-02-17 00:00:00,0.1614906832298136,0.3092269326683292
2024-02-17 01:00:00,0.150103519668737,0.5486284289276808
2024-02-17 02:00:00,0.1469979296066252,0.7281795511221945
2024-02-17 03:00:00,0.1625258799171842,0.7905236907730673
2024-02-17 04:00:00,0.196687370600414,0.827930174563591
2024-02-17 05:00:00,0.2670807453416149,0.7892768079800498
2024-02-17 06:00:00,0.3654244306418219,0.685785536159601
2024-02-17 07:00:00,0.4730848861283644,0.513715710723192
2024-02-17 08:00:00,0.5755693581780539,0.2319201995012468
2024-02-17 09:00:00,0.639751552795031,0.0511221945137157
2024-02-17 10:00:00,0.6138716356107661,0.0
2024-02-17 11:00:00,0.5320910973084887,0.0
2024-02-17 12:00:00,0.4606625258799172,0.0
2024-02-17 13:00:00,0.4006211180124224,0.0
2024-02-17 14:00:00,0.3312629399585921,0.0
2024-02-17 15:00:00,0.2877846790890269,0.0
2024-02-17 16:00:00,0.2184265010351966,0.0
2024-02-17 17:00:00,0.1946169772256729,0.0
2024-02-17 18:00:00,0.1946169772256729,0.0
2024-02-17 19:00:00,0.2194616977225673,0.0
2024-02-17 20:00:00,0.2774327122153209,0.0
2024-02-17 21:00:00,0.3178053830227743,0.0
2024-02-17 22:00:00,0.3654244306418219,0.0
2024-02-17 23:00:00,0.3033126293995859,0.1034912718204488
2024-02-18 00:00:00,0.3467908902691511,0.3865336658354114
2024-02-18 01:00:00,0.4699792960662526,0.6321695760598504
2024-02-18 02:00:00,0.5165631469979296,0.78428927680798
2024-02-18 03:00:00,0.5693581780538303,0.8615960099750622
2024-02-18 04:00:00,0.6242236024844721,0.8802992518703241
2024-02-18 05:00:00,0.6811594202898551,0.8366583541147132
2024-02-18 06:00:00,0.722567287784679,0.7344139650872817
2024-02-18 07:00:00,0.7443064182194616,0.5660847880299251
2024-02-18 08:00:00,0.7484472049689441,0.3379052369077306
2024-02-18 09:00:00,0.7039337474120083,0.0835411471321695
2024-02-18 10:00:00,0.6242236024844721,0.0
2024-02-18 11:00:00,0.5175983436853002,0.0
2024-02-18 12:00:00,0.3881987577639751,0.0
2024-02-18 13:00:00,0.2981366459627329,0.0
2024-02-18 14:00:00,0.2453416149068323,0.0
2024-02-18 15:00:00,0.2008281573498964,0.0
2024-02-18 16:00:00,0.175983436853002,0.0
2024-02-18 17:00:00,0.1739130434782609,0.0
2024-02-18 18:00:00,0.1614906832298136,0.0
2024-02-18 19:00:00,0.134575569358178,0.0
2024-02-18 20:00:00,0.1066252587991718,0.0
2024-02-18 21:00:00,0.113871635610766,0.0
2024-02-18 22:00:00,0.1480331262939958,0.0
2024-02-18 23:00:00,0.1490683229813664,0.0698254364089775
2024-02-19 00:00:00,0.1718426501035196,0.3079800498753117
2024-02-19 01:00:00,0.2318840579710145,0.5374064837905237
2024-02-19 02:00:00,0.2826086956521739,0.685785536159601
2024-02-19 03:00:00,0.3488612836438923,0.7718204488778054
2024-02-19 04:00:00,0.4202898550724638,0.8129675810473815
2024-02-19 05:00:00,0.4917184265010352,0.798004987531172
2024-02-19 06:00:00,0.5703933747412009,0.6907730673316709
2024-02-19 07:00:00,0.6438923395445135,0.5224438902743141
2024-02-19 08:00:00,0.7080745341614908,0.300498753117207
2024-02-19 09:00:00,0.732919254658385,0.0760598503740648
2024-02-19 10:00:00,0.6687370600414079,0.0
2024-02-19 11:00:00,0.5476190476190477,0.0
2024-02-19 12:00:00,0.4358178053830228,0.0
2024-02-19 13:00:00,0.3768115942028985,0.0
2024-02-19 14:00:00,0.3436853002070393,0.0
2024-02-19 15:00:00,0.3126293995859213,0.0
2024-02-19 16:00:00,0.2908902691511387,0.0
2024-02-19 17:00:00,0.2556935817805383,0.0
2024-02-19 18:00:00,0.2525879917184265,0.0
2024-02-19 19:00:00,0.2587991718426501,0.0
2024-02-19 20:00:00,0.2505175983436853,0.0
2024-02-19 21:00:00,0.2360248447204969,0.0
2024-02-19 22:00:00,0.2453416149068323,0.0
2024-02-19 23:00:00,0.2039337474120083,0.0822942643391521
2024-02-20 00:00:00,0.3240165631469979,0.2880299251870324
2024-02-20 01:00:00,0.5196687370600415,0.5336658354114713
2024-02-20 02:00:00,0.6159420289855072,0.7468827930174563
2024-02-20 03:00:00,0.6904761904761906,0.8366583541147132
2024-02-20 04:00:00,0.7650103519668737,0.8615960099750622
2024-02-20 05:00:00,0.8354037267080746,0.8204488778054863
2024-02-20 06:00:00,0.8830227743271222,0.7032418952618453
2024-02-20 07:00:00,0.9006211180124224,0.541147132169576
2024-02-20 08:00:00,0.8881987577639752,0.311720698254364
2024-02-20 09:00:00,0.839544513457557,0.0773067331670823
2024-02-20 10:00:00,0.7380952380952381,0.0
2024-02-20 11:00:00,0.6635610766045549,0.0
2024-02-20 12:00:00,0.6273291925465838,0.0
2024-02-20 13:00:00,0.5672877846790891,0.0
2024-02-20 14:00:00,0.5300207039337475,0.0
2024-02-20 15:00:00,0.4968944099378882,0.0
2024-02-20 16:00:00,0.5113871635610766,0.0
2024-02-20 17:00:00,0.4699792960662526,0.0
2024-02-20 18:00:00,0.406832298136646,0.0
2024-02-20 19:00:00,0.3809523809523809,0.0
2024-02-20 20:00:00,0.3478260869565218,0.0
2024-02-20 21:00:00,0.3322981366459627,0.0
2024-02-20 22:00:00,0.3426501035196688,0.0
2024-02-20 23:00:00,0.2536231884057971,0.1172069825436409
2024-02-21 00:00:00,0.3312629399585921,0.3778054862842892
2024-02-21 01:00:00,0.4658385093167702,0.6084788029925187
2024-02-21 02:00:00,0.5600414078674949,0.7630922693266833
2024-02-21 03:00:00,0.6180124223602484,0.8403990024937656
2024-02-21 04:00:00,0.6532091097308489,0.8591022443890273
2024-02-21 05:00:00,0.6811594202898551,0.8154613466334164
2024-02-21 06:00:00,0.7008281573498966,0.6932668329177057
2024-02-21 07:00:00,0.6966873706004142,0.5099750623441396
2024-02-21 08:00:00,0.6718426501035197,0.2917705735660847
2024-02-21 09:00:00,0.6325051759834368,0.071072319201995
2024-02-21 10:00:00,0.5693581780538303,0.0
2024-02-21 11:00:00,0.4430641821946169,0.0
2024-02-21 12:00:00,0.3167701863354037,0.0
2024-02-21 13:00:00,0.2308488612836439,0.0
2024-02-21 14:00:00,0.1687370600414078,0.0
2024-02-21 15:00:00,0.1180124223602484,0.0
2024-02-21 16:00:00,0.0766045548654244,0.0
2024-02-21 17:00:00,0.0590062111801242,0.0
2024-02-21 18:00:00,0.0383022774327122,0.0
2024-02-21 19:00:00,0.144927536231884,0.0
2024-02-21 20:00:00,0.4182194616977226,0.0
2024-02-21 21:00:00,0.598343685300207,0.0
2024-02-21 22:00:00,0.6645962732919255,0.0
2024-02-21 23:00:00,0.6418219461697723,0.0536159600997506
2024-02-22 00:00:00,0.556935817805383,0.2144638403990024
2024-02-22 01:00:00,0.4223602484472049,0.399002493765586
2024-02-22 02:00:00,0.2629399585921325,0.5461346633416458
2024-02-22 03:00:00,0.139751552795031,0.669576059850374
2024-02-22 04:00:00,0.0683229813664596,0.6683291770573566
2024-02-22 05:00:00,0.0279503105590062,0.64214463840399
2024-02-22 06:00:00,0.0062111801242236,0.5822942643391521
2024-02-22 07:00:00,0.0020703933747412,0.4812967581047381
2024-02-22 08:00:00,0.0196687370600414,0.2643391521197007
2024-02-22 09:00:00,0.1066252587991718,0.0610972568578553
2024-02-22 10:00:00,0.3633540372670807,0.0
2024-02-22 11:00:00,0.515527950310559,0.0
2024-02-22 12:00:00,0.6138716356107661,0.0
2024-02-22 13:00:00,0.6677018633540374,0.0
2024-02-22 14:00:00,0.7028985507246378,0.0
2024-02-22 15:00:00,0.7028985507246378,0.0
2024-02-22 16:00:00,0.6749482401656315,0.0
2024-02-22 17:00:00,0.6490683229813665,0.0
2024-02-22 18:00:00,0.6273291925465838,0.0
2024-02-22 19:00:00,0.6055900621118012,0.0
2024-02-22 20:00:00,0.5859213250517598,0.0
2024-02-22 21:00:00,0.5755693581780539,0.0
2024-02-22 22:00:00,0.5693581780538303,0.0
2024-02-22 23:00:00,0.593167701863354,0.0735660847880299
2024-02-23 00:00:00,0.55175983436853,0.2693266832917705
2024-02-23 01:00:00,0.4513457556935818,0.4538653366583541
2024-02-23 02:00:00,0.3405797101449275,0.584788029925187
2024-02-23 03:00:00,0.2701863354037267,0.6596009975062344
2024-02-23 04:00:00,0.2267080745341615,0.672069825436409
2024-02-23 05:00:00,0.1770186335403727,0.6433915211970075
2024-02-23 06:00:00,0.1211180124223602,0.5748129675810474
2024-02-23 07:00:00,0.0817805383022774,0.4413965087281795
2024-02-23 08:00:00,0.082815734989648,0.2518703241895262
2024-02-23 09:00:00,0.1563146997929606,0.0610972568578553
2024-02-23 10:00:00,0.3747412008281574,0.0
2024-02-23 11:00:00,0.5393374741200828,0.0
2024-02-23 12:00:00,0.6221532091097308,0.0
2024-02-23 13:00:00,0.6418219461697723,0.0
2024-02-23 14:00:00,0.6376811594202899,0.0
2024-02-23 15:00:00,0.593167701863354,0.0
2024-02-23 16:00:00,0.5289855072463768,0.0
2024-02-23 17:00:00,0.4824016563146998,0.0
2024-02-23 18:00:00,0.4492753623188406,0.0
2024-02-23 19:00:00,0.4182194616977226,0.0
2024-02-23 20:00:00,0.3799171842650103,0.0
2024-02-23 21:00:00,0.3881987577639751,0.0
2024-02-23 22:00:00,0.3985507246376812,0.0
2024-02-23 23:00:00,0.4182194616977226,0.0947630922693266
2024-02-24 00:00:00,0.3633540372670807,0.3291770573566084
2024-02-24 01:00:00,0.2712215320910973,0.5311720698254364
2024-02-24 02:00:00,0.2018633540372671,0.5822942643391521
2024-02-24 03:00:00,0.1635610766045548,0.5960099750623441
2024-02-24 04:00:00,0.1262939958592132,0.7518703241895262
2024-02-24 05:00:00,0.1014492753623188,0.699501246882793
2024-02-24 06:00:00,0.1262939958592132,0.5723192019950124
2024-02-24 07:00:00,0.1645962732919254,0.4014962593516209
2024-02-24 08:00:00,0.1894409937888198,0.2107231920199501
2024-02-24 09:00:00,0.2567287784679089,0.054862842892768
2024-02-24 10:00:00,0.4213250517598343,0.0
2024-02-24 11:00:00,0.5900621118012422,0.0
2024-02-24 12:00:00,0.644927536231884,0.0
2024-02-24 13:00:00,0.6242236024844721,0.0
2024-02-24 14:00:00,0.5859213250517598,0.0
2024-02-24 15:00:00,0.5258799171842651,0.0
2024-02-24 16:00:00,0.4679089026915114,0.0
2024-02-24 17:00:00,0.4420289855072464,0.0
2024-02-24 18:00:00,0.4420289855072464,0.0
2024-02-24 19:00:00,0.4606625258799172,0.0
2024-02-24 20:00:00,0.4699792960662526,0.0
2024-02-24 21:00:00,0.4824016563146998,0.0
2024-02-24 22:00:00,0.479296066252588,0.0
2024-02-24 23:00:00,0.4803312629399586,0.0760598503740648
2024-02-25 00:00:00,0.4358178053830228,0.2718204488778055
2024-02-25 01:00:00,0.3426501035196688,0.4825436408977556
2024-02-25 02:00:00,0.2474120082815735,0.6334164588528678
2024-02-25 03:00:00,0.186335403726708,0.7044887780548628
2024-02-25 04:00:00,0.1469979296066252,0.7256857855361595
2024-02-25 05:00:00,0.1055900621118012,0.7132169576059849
2024-02-25 06:00:00,0.0734989648033126,0.6546134663341646
2024-02-25 07:00:00,0.0631469979296066,0.5211970074812967
2024-02-25 08:00:00,0.072463768115942,0.311720698254364
2024-02-25 09:00:00,0.1097308488612836,0.0810473815461346
2024-02-25 10:00:00,0.2236024844720497,0.0
2024-02-25 11:00:00,0.3095238095238095,0.0
2024-02-25 12:00:00,0.3623188405797101,0.0
2024-02-25 13:00:00,0.4182194616977226,0.0
2024-02-25 14:00:00,0.4606625258799172,0.0
2024-02-25 15:00:00,0.4368530020703933,0.0
2024-02-25 16:00:00,0.3343685300207039,0.0
2024-02-25 17:00:00,0.2525879917184265,0.0
2024-02-25 18:00:00,0.2556935817805383,0.0
2024-02-25 19:00:00,0.3105590062111801,0.0
2024-02-25 20:00:00,0.3012422360248447,0.0
2024-02-25 21:00:00,0.2474120082815735,0.0
2024-02-25 22:00:00,0.2380952380952381,0.0
2024-02-25 23:00:00,0.2701863354037267,0.0673316708229426
2024-02-26 00:00:00,0.2598343685300207,0.2369077306733167
2024-02-26 01:00:00,0.1946169772256729,0.4102244389027431
2024-02-26 02:00:00,0.1231884057971014,0.527431421446384
2024-02-26 03:00:00,0.0693581780538302,0.5910224438902743
2024-02-26 04:00:00,0.0320910973084886,0.7032418952618453
2024-02-26 05:00:00,0.0093167701863354,0.7157107231920199
2024-02-26 06:00:00,0.0041407867494824,0.6608478802992519
2024-02-26 07:00:00,0.0072463768115942,0.5187032418952618
2024-02-26 08:00:00,0.0238095238095238,0.2855361596009975
2024-02-26 09:00:00,0.0993788819875776,0.0623441396508728
2024-02-26 10:00:00,0.3240165631469979,0.0
2024-02-26 11:00:00,0.5279503105590062,0.0
2024-02-26 12:00:00,0.6335403726708074,0.0
2024-02-26 13:00:00,0.639751552795031,0.0
2024-02-26 14:00:00,0.5952380952380952,0.0
2024-02-26 15:00:00,0.5279503105590062,0.0
2024-02-26 16:00:00,0.4668737060041408,0.0
2024-02-26 17:00:00,0.4368530020703933,0.0
2024-02-26 18:00:00,0.4316770186335403,0.0
2024-02-26 19:00:00,0.4513457556935818,0.0
2024-02-26 20:00:00,0.4751552795031056,0.0
2024-02-26 21:00:00,0.4824016563146998,0.0
2024-02-26 22:00:00,0.4658385093167702,0.0
2024-02-26 23:00:00,0.4803312629399586,0.0723192019950124
2024-02-27 00:00:00,0.4492753623188406,0.2768079800498753
2024-02-27 01:00:00,0.3374741200828157,0.5261845386533666
2024-02-27 02:00:00,0.1894409937888198,0.7693266832917706
2024-02-27 03:00:00,0.10351966873706,0.8790523690773067
2024-02-27 04:00:00,0.0600414078674948,0.9102244389027432
2024-02-27 05:00:00,0.0331262939958592,0.869077306733167
2024-02-27 06:00:00,0.0165631469979296,0.7618453865336657
2024-02-27 07:00:00,0.005175983436853,0.5885286783042394
2024-02-27 08:00:00,0.0020703933747412,0.3478802992518703
2024-02-27 09:00:00,0.010351966873706,0.0922693266832917
2024-02-27 10:00:00,0.1004140786749482,0.0
2024-02-27 11:00:00,0.2277432712215321,0.0
2024-02-27 12:00:00,0.2505175983436853,0.0
2024-02-27 13:00:00,0.2277432712215321,0.0
2024-02-27 14:00:00,0.2142857142857142,0.0
2024-02-27 15:00:00,0.2080745341614907,0.0
2024-02-27 16:00:00,0.1780538302277432,0.0
2024-02-27 17:00:00,0.1542443064182194,0.0
2024-02-27 18:00:00,0.129399585921325,0.0
2024-02-27 19:00:00,0.1066252587991718,0.0
2024-02-27 20:00:00,0.087991718426501,0.0
2024-02-27 21:00:00,0.0797101449275362,0.0
2024-02-27 22:00:00,0.0766045548654244,0.0
2024-02-27 23:00:00,0.0631469979296066,0.0523690773067331
2024-02-28 00:00:00,0.0445134575569358,0.2306733167082294
2024-02-28 01:00:00,0.020703933747412,0.4364089775561097
2024-02-28 02:00:00,0.0031055900621118,0.5648379052369077
2024-02-28 03:00:00,0.0,0.6458852867830424
2024-02-28 04:00:00,0.0,0.6745635910224439
2024-02-28 05:00:00,0.0010351966873706,0.6533665835411471
2024-02-28 06:00:00,0.005175983436853,0.5972568578553615
2024-02-28 07:00:00,0.005175983436853,0.440149625935162
2024-02-28 08:00:00,0.0010351966873706,0.2443890274314214
2024-02-28 09:00:00,0.0,0.0561097256857855
2024-02-28 10:00:00,0.0238095238095238,0.0
2024-02-28 11:00:00,0.0962732919254658,0.0
2024-02-28 12:00:00,0.1180124223602484,0.0
2024-02-28 13:00:00,0.1076604554865424,0.0
2024-02-28 14:00:00,0.1169772256728778,0.0
2024-02-28 15:00:00,0.119047619047619,0.0
2024-02-28 16:00:00,0.10351966873706,0.0
2024-02-28 17:00:00,0.0848861283643892,0.0
2024-02-28 18:00:00,0.0755693581780538,0.0
2024-02-28 19:00:00,0.0807453416149068,0.0
2024-02-28 20:00:00,0.0859213250517598,0.0
2024-02-28 21:00:00,0.0848861283643892,0.0
2024-02-28 22:00:00,0.0869565217391304,0.0
2024-02-28 23:00:00,0.0734989648033126,0.0810473815461346
2024-02-29 00:00:00,0.077639751552795,0.2643391521197007
2024-02-29 01:00:00,0.0993788819875776,0.4251870324189526
2024-02-29 02:00:00,0.1097308488612836,0.5311720698254364
2024-02-29 03:00:00,0.1356107660455486,0.557356608478803
2024-02-29 04:00:00,0.1832298136645962,0.5386533665835411
2024-02-29 05:00:00,0.2712215320910973,0.470074812967581
2024-02-29 06:00:00,0.4803312629399586,0.3927680798004987
2024-02-29 07:00:00,0.694616977225673,0.2730673316708229
2024-02-29 08:00:00,0.7908902691511388,0.1683291770573566
2024-02-29 09:00:00,0.7805383022774327,0.0486284289276807
2024-02-29 10:00:00,0.7391304347826086,0.0
2024-02-29 11:00:00,0.7349896480331263,0.0
2024-02-29 12:00:00,0.7401656314699793,0.0
2024-02-29 13:00:00,0.7153209109730848,0.0
2024-02-29 14:00:00,0.7060041407867496,0.0
2024-02-29 15:00:00,0.7132505175983437,0.0
2024-02-29 16:00:00,0.7215320910973084,0.0
2024-02-29 17:00:00,0.7194616977225673,0.0
2024-02-29 18:00:00,0.7163561076604554,0.0
2024-02-29 19:00:00,0.7060041407867496,0.0
2024-02-29 20:00:00,0.6832298136645963,0.0
2024-02-29 21:00:00,0.6614906832298137,0.0
2024-02-29 22:00:00,0.6490683229813665,0.0
2024-02-29 23:00:00,0.7039337474120083,0.0660847880299251
